card_id,account_id,card_number_masked,card_type,card_network,expiry_date,status,daily_limit
CARD_0001,ACC_0908,xxxx-xxxx-xxxx-9232,Credit,Amex,2027-01-10,Active,100000.0
CARD_0002,ACC_0400,xxxx-xxxx-xxxx-5448,Debit,Mastercard,2028-03-17,Active,100000.0
CARD_0003,ACC_0388,xxxx-xxxx-xxxx-3280,Credit,Mastercard,2027-06-28,Active,100000.0
CARD_0004,ACC_0318,xxxx-xxxx-xxxx-8160,Debit,Amex,2028-06-13,Active,100000.0
CARD_0005,ACC_0746,xxxx-xxxx-xxxx-9217,Debit,Visa,2028-01-21,Active,100000.0
CARD_0006,ACC_0611,xxxx-xxxx-xxxx-7854,Debit,Amex,2026-11-24,Active,100000.0
CARD_0007,ACC_0486,xxxx-xxxx-xxxx-7301,Debit,Visa,2030-04-10,Active,100000.0
CARD_0008,ACC_0726,xxxx-xxxx-xxxx-7007,Credit,Amex,2027-05-30,Active,100000.0
CARD_0009,ACC_0325,xxxx-xxxx-xxxx-5257,Debit,Visa,2027-12-08,Active,100000.0
CARD_0010,ACC_0253,xxxx-xxxx-xxxx-3075,Debit,Amex,2030-06-20,Active,100000.0
CARD_0011,ACC_0312,xxxx-xxxx-xxxx-5773,Debit,RuPay,2027-01-13,Active,100000.0
CARD_0012,ACC_0791,xxxx-xxxx-xxxx-2982,Debit,Amex,2028-02-12,Active,100000.0
CARD_0013,ACC_0015,xxxx-xxxx-xxxx-8808,Debit,RuPay,2027-01-24,Active,100000.0
CARD_0014,ACC_1058,xxxx-xxxx-xxxx-9224,Debit,Visa,2030-05-10,Active,100000.0
CARD_0015,ACC_0416,xxxx-xxxx-xxxx-8600,Debit,Visa,2027-04-18,Active,100000.0
CARD_0016,ACC_1144,xxxx-xxxx-xxxx-9546,Debit,Visa,2026-09-22,Active,100000.0
CARD_0017,ACC_1164,xxxx-xxxx-xxxx-4204,Debit,RuPay,2030-02-02,Active,100000.0
CARD_0018,ACC_0660,xxxx-xxxx-xxxx-6172,Debit,Mastercard,2027-03-31,Active,100000.0
CARD_0019,ACC_0887,xxxx-xxxx-xxxx-7622,Debit,Mastercard,2026-07-17,Active,100000.0
CARD_0020,ACC_0787,xxxx-xxxx-xxxx-9107,Debit,RuPay,2029-04-22,Active,100000.0
CARD_0021,ACC_0261,xxxx-xxxx-xxxx-7272,Credit,RuPay,2026-11-29,Active,100000.0
CARD_0022,ACC_0164,xxxx-xxxx-xxxx-8026,Debit,RuPay,2029-09-14,Active,100000.0
CARD_0023,ACC_0351,xxxx-xxxx-xxxx-1629,Credit,Visa,2029-03-10,Active,100000.0
CARD_0024,ACC_0038,xxxx-xxxx-xxxx-1756,Debit,Visa,2028-07-17,Active,100000.0
CARD_0025,ACC_0526,xxxx-xxxx-xxxx-8067,Debit,Amex,2029-03-13,Active,100000.0
CARD_0026,ACC_0138,xxxx-xxxx-xxxx-3102,Debit,Amex,2029-09-22,Active,100000.0
CARD_0027,ACC_0873,xxxx-xxxx-xxxx-7306,Debit,Mastercard,2028-04-22,Active,100000.0
CARD_0028,ACC_0556,xxxx-xxxx-xxxx-9667,Debit,RuPay,2029-07-20,Active,100000.0
CARD_0029,ACC_0853,xxxx-xxxx-xxxx-6371,Debit,RuPay,2027-05-29,Active,100000.0
CARD_0030,ACC_0785,xxxx-xxxx-xxxx-6230,Debit,Amex,2028-06-17,Active,100000.0
CARD_0031,ACC_0511,xxxx-xxxx-xxxx-7665,Debit,Mastercard,2029-10-08,Active,100000.0
CARD_0032,ACC_1054,xxxx-xxxx-xxxx-1101,Debit,Mastercard,2028-08-20,Active,100000.0
CARD_0033,ACC_0008,xxxx-xxxx-xxxx-5620,Debit,RuPay,2027-08-14,Active,100000.0
CARD_0034,ACC_0770,xxxx-xxxx-xxxx-9216,Debit,Mastercard,2029-12-19,Active,100000.0
CARD_0035,ACC_0667,xxxx-xxxx-xxxx-5687,Debit,Mastercard,2028-11-13,Active,100000.0
CARD_0036,ACC_0197,xxxx-xxxx-xxxx-1963,Debit,Amex,2027-12-09,Active,100000.0
CARD_0037,ACC_0176,xxxx-xxxx-xxxx-2130,Credit,Mastercard,2027-10-29,Active,100000.0
CARD_0038,ACC_0860,xxxx-xxxx-xxxx-3023,Credit,Mastercard,2029-12-03,Active,100000.0
CARD_0039,ACC_0331,xxxx-xxxx-xxxx-2748,Debit,RuPay,2029-06-13,Active,100000.0
CARD_0040,ACC_0425,xxxx-xxxx-xxxx-5702,Debit,Mastercard,2029-05-14,Active,100000.0
CARD_0041,ACC_0892,xxxx-xxxx-xxxx-4562,Debit,RuPay,2028-10-21,Active,100000.0
CARD_0042,ACC_0268,xxxx-xxxx-xxxx-8726,Credit,Mastercard,2027-09-19,Active,100000.0
CARD_0043,ACC_0384,xxxx-xxxx-xxxx-6406,Credit,Mastercard,2028-08-12,Active,100000.0
CARD_0044,ACC_0405,xxxx-xxxx-xxxx-5142,Debit,Visa,2029-12-28,Active,100000.0
CARD_0045,ACC_0721,xxxx-xxxx-xxxx-9610,Debit,RuPay,2026-12-08,Active,100000.0
CARD_0046,ACC_1132,xxxx-xxxx-xxxx-1775,Debit,Mastercard,2029-11-21,Active,100000.0
CARD_0047,ACC_0594,xxxx-xxxx-xxxx-2059,Credit,Amex,2028-01-12,Active,100000.0
CARD_0048,ACC_0444,xxxx-xxxx-xxxx-5071,Debit,Visa,2029-05-26,Active,100000.0
CARD_0049,ACC_0683,xxxx-xxxx-xxxx-7999,Debit,Mastercard,2028-01-06,Active,100000.0
CARD_0050,ACC_1093,xxxx-xxxx-xxxx-5061,Debit,Mastercard,2028-06-27,Active,100000.0
CARD_0051,ACC_0243,xxxx-xxxx-xxxx-8069,Debit,Mastercard,2028-04-20,Active,100000.0
CARD_0052,ACC_0681,xxxx-xxxx-xxxx-1987,Debit,Mastercard,2027-01-22,Active,100000.0
CARD_0053,ACC_0212,xxxx-xxxx-xxxx-2245,Credit,Amex,2028-02-02,Active,100000.0
CARD_0054,ACC_0764,xxxx-xxxx-xxxx-8731,Debit,RuPay,2028-09-14,Active,100000.0
CARD_0055,ACC_0035,xxxx-xxxx-xxxx-4055,Debit,Visa,2027-06-10,Active,100000.0
CARD_0056,ACC_0572,xxxx-xxxx-xxxx-2431,Credit,Amex,2028-03-08,Active,100000.0
CARD_0057,ACC_0598,xxxx-xxxx-xxxx-4231,Credit,RuPay,2027-02-13,Active,100000.0
CARD_0058,ACC_0817,xxxx-xxxx-xxxx-7373,Debit,Amex,2029-11-29,Active,100000.0
CARD_0059,ACC_1107,xxxx-xxxx-xxxx-8354,Credit,Mastercard,2027-12-31,Active,100000.0
CARD_0060,ACC_0043,xxxx-xxxx-xxxx-7280,Debit,Amex,2029-11-05,Active,100000.0
CARD_0061,ACC_0078,xxxx-xxxx-xxxx-2385,Debit,Mastercard,2026-08-11,Active,100000.0
CARD_0062,ACC_0124,xxxx-xxxx-xxxx-9730,Debit,Mastercard,2027-04-07,Active,100000.0
CARD_0063,ACC_1064,xxxx-xxxx-xxxx-3330,Debit,Mastercard,2027-07-15,Active,100000.0
CARD_0064,ACC_1134,xxxx-xxxx-xxxx-8189,Debit,Amex,2030-05-06,Active,100000.0
CARD_0065,ACC_0054,xxxx-xxxx-xxxx-1647,Credit,Amex,2028-03-30,Active,100000.0
CARD_0066,ACC_0706,xxxx-xxxx-xxxx-2379,Credit,Visa,2027-12-06,Active,100000.0
CARD_0067,ACC_1092,xxxx-xxxx-xxxx-4532,Credit,Mastercard,2028-08-17,Active,100000.0
CARD_0068,ACC_0291,xxxx-xxxx-xxxx-6505,Credit,RuPay,2029-02-09,Active,100000.0
CARD_0069,ACC_1114,xxxx-xxxx-xxxx-5642,Debit,Mastercard,2028-03-14,Active,100000.0
CARD_0070,ACC_0837,xxxx-xxxx-xxxx-7147,Debit,Mastercard,2027-10-15,Active,100000.0
CARD_0071,ACC_1103,xxxx-xxxx-xxxx-9739,Credit,RuPay,2027-02-20,Active,100000.0
CARD_0072,ACC_0969,xxxx-xxxx-xxxx-5193,Debit,Amex,2026-12-20,Active,100000.0
CARD_0073,ACC_0314,xxxx-xxxx-xxxx-9046,Debit,Visa,2029-01-04,Active,100000.0
CARD_0074,ACC_0585,xxxx-xxxx-xxxx-1230,Credit,RuPay,2027-04-11,Active,100000.0
CARD_0075,ACC_0246,xxxx-xxxx-xxxx-3616,Credit,Mastercard,2028-10-24,Active,100000.0
CARD_0076,ACC_0645,xxxx-xxxx-xxxx-4297,Debit,Amex,2028-12-04,Active,100000.0
CARD_0077,ACC_0960,xxxx-xxxx-xxxx-5123,Debit,Mastercard,2027-05-07,Active,100000.0
CARD_0078,ACC_0861,xxxx-xxxx-xxxx-1625,Debit,Visa,2026-12-12,Active,100000.0
CARD_0079,ACC_0244,xxxx-xxxx-xxxx-7729,Debit,RuPay,2028-08-29,Active,100000.0
CARD_0080,ACC_0563,xxxx-xxxx-xxxx-6827,Credit,RuPay,2028-03-21,Active,100000.0
CARD_0081,ACC_0826,xxxx-xxxx-xxxx-1572,Debit,Visa,2028-11-23,Active,100000.0
CARD_0082,ACC_1001,xxxx-xxxx-xxxx-4696,Debit,Mastercard,2027-01-19,Active,100000.0
CARD_0083,ACC_0142,xxxx-xxxx-xxxx-8408,Debit,RuPay,2028-03-30,Active,100000.0
CARD_0084,ACC_0313,xxxx-xxxx-xxxx-1091,Credit,Visa,2026-07-19,Active,100000.0
CARD_0085,ACC_1156,xxxx-xxxx-xxxx-7504,Credit,Visa,2027-02-12,Active,100000.0
CARD_0086,ACC_1084,xxxx-xxxx-xxxx-6629,Credit,Mastercard,2026-10-10,Active,100000.0
CARD_0087,ACC_1007,xxxx-xxxx-xxxx-4848,Debit,Visa,2028-11-05,Active,100000.0
CARD_0088,ACC_0419,xxxx-xxxx-xxxx-5863,Debit,Visa,2027-05-30,Active,100000.0
CARD_0089,ACC_1138,xxxx-xxxx-xxxx-8372,Debit,Visa,2026-09-19,Active,100000.0
CARD_0090,ACC_0529,xxxx-xxxx-xxxx-7367,Debit,Amex,2027-05-05,Active,100000.0
CARD_0091,ACC_0991,xxxx-xxxx-xxxx-2898,Debit,RuPay,2028-09-26,Active,100000.0
CARD_0092,ACC_0659,xxxx-xxxx-xxxx-6430,Debit,Mastercard,2030-01-26,Active,100000.0
CARD_0093,ACC_0772,xxxx-xxxx-xxxx-3816,Debit,Visa,2027-12-26,Active,100000.0
CARD_0094,ACC_0664,xxxx-xxxx-xxxx-7562,Debit,Mastercard,2027-05-17,Active,100000.0
CARD_0095,ACC_0870,xxxx-xxxx-xxxx-6623,Credit,Mastercard,2028-02-20,Active,100000.0
CARD_0096,ACC_0547,xxxx-xxxx-xxxx-4674,Debit,RuPay,2030-04-05,Active,100000.0
CARD_0097,ACC_1149,xxxx-xxxx-xxxx-6648,Credit,Amex,2029-03-06,Active,100000.0
CARD_0098,ACC_0191,xxxx-xxxx-xxxx-5416,Credit,Amex,2029-08-17,Active,100000.0
CARD_0099,ACC_0578,xxxx-xxxx-xxxx-8173,Debit,RuPay,2028-09-08,Active,100000.0
CARD_0100,ACC_0939,xxxx-xxxx-xxxx-2164,Credit,Amex,2029-08-22,Active,100000.0
CARD_0101,ACC_0576,xxxx-xxxx-xxxx-5799,Debit,Mastercard,2027-11-28,Active,100000.0
CARD_0102,ACC_0739,xxxx-xxxx-xxxx-1258,Debit,Visa,2027-04-14,Active,100000.0
CARD_0103,ACC_0880,xxxx-xxxx-xxxx-6423,Credit,Mastercard,2027-10-20,Active,100000.0
CARD_0104,ACC_0457,xxxx-xxxx-xxxx-2349,Debit,Amex,2028-04-06,Active,100000.0
CARD_0105,ACC_0985,xxxx-xxxx-xxxx-7017,Debit,Mastercard,2030-05-19,Active,100000.0
CARD_0106,ACC_0245,xxxx-xxxx-xxxx-1682,Debit,Visa,2028-09-30,Active,100000.0
CARD_0107,ACC_1143,xxxx-xxxx-xxxx-6322,Debit,Amex,2027-01-03,Active,100000.0
CARD_0108,ACC_0482,xxxx-xxxx-xxxx-5249,Credit,Amex,2028-09-19,Active,100000.0
CARD_0109,ACC_0390,xxxx-xxxx-xxxx-1796,Debit,Visa,2028-08-04,Active,100000.0
CARD_0110,ACC_0967,xxxx-xxxx-xxxx-6221,Credit,RuPay,2029-09-14,Active,100000.0
CARD_0111,ACC_0090,xxxx-xxxx-xxxx-2906,Debit,Amex,2028-11-02,Active,100000.0
CARD_0112,ACC_0571,xxxx-xxxx-xxxx-3609,Debit,RuPay,2028-11-06,Active,100000.0
CARD_0113,ACC_0184,xxxx-xxxx-xxxx-6787,Debit,Mastercard,2026-06-30,Active,100000.0
CARD_0114,ACC_0300,xxxx-xxxx-xxxx-3439,Credit,RuPay,2026-12-31,Active,100000.0
CARD_0115,ACC_1163,xxxx-xxxx-xxxx-7431,Debit,Amex,2028-08-30,Active,100000.0
CARD_0116,ACC_1034,xxxx-xxxx-xxxx-9688,Credit,Visa,2029-09-26,Active,100000.0
CARD_0117,ACC_0295,xxxx-xxxx-xxxx-5931,Debit,Mastercard,2030-04-21,Active,100000.0
CARD_0118,ACC_0327,xxxx-xxxx-xxxx-3373,Credit,Mastercard,2029-08-11,Active,100000.0
CARD_0119,ACC_0446,xxxx-xxxx-xxxx-4260,Credit,Visa,2028-08-15,Active,100000.0
CARD_0120,ACC_0437,xxxx-xxxx-xxxx-7227,Debit,RuPay,2026-07-28,Active,100000.0
CARD_0121,ACC_0925,xxxx-xxxx-xxxx-9154,Credit,Visa,2029-05-14,Active,100000.0
CARD_0122,ACC_0282,xxxx-xxxx-xxxx-3579,Debit,RuPay,2026-08-01,Active,100000.0
CARD_0123,ACC_0424,xxxx-xxxx-xxxx-3123,Debit,RuPay,2028-05-05,Active,100000.0
CARD_0124,ACC_0416,xxxx-xxxx-xxxx-8927,Debit,RuPay,2029-08-31,Active,100000.0
CARD_0125,ACC_0002,xxxx-xxxx-xxxx-1925,Debit,Amex,2028-03-11,Active,100000.0
CARD_0126,ACC_0166,xxxx-xxxx-xxxx-9048,Debit,Mastercard,2029-12-10,Active,100000.0
CARD_0127,ACC_0235,xxxx-xxxx-xxxx-5156,Debit,RuPay,2026-10-25,Active,100000.0
CARD_0128,ACC_0820,xxxx-xxxx-xxxx-9828,Debit,Amex,2026-10-14,Active,100000.0
CARD_0129,ACC_0746,xxxx-xxxx-xxxx-5304,Debit,Amex,2027-10-10,Active,100000.0
CARD_0130,ACC_0720,xxxx-xxxx-xxxx-9260,Credit,Visa,2026-08-09,Active,100000.0
CARD_0131,ACC_0704,xxxx-xxxx-xxxx-6485,Debit,RuPay,2029-04-17,Active,100000.0
CARD_0132,ACC_0732,xxxx-xxxx-xxxx-9363,Credit,Visa,2027-08-11,Active,100000.0
CARD_0133,ACC_0476,xxxx-xxxx-xxxx-8194,Credit,Visa,2027-07-02,Active,100000.0
CARD_0134,ACC_0469,xxxx-xxxx-xxxx-7477,Debit,RuPay,2028-04-11,Active,100000.0
CARD_0135,ACC_0258,xxxx-xxxx-xxxx-9403,Debit,Mastercard,2029-11-07,Active,100000.0
CARD_0136,ACC_0816,xxxx-xxxx-xxxx-2373,Debit,Visa,2029-02-26,Active,100000.0
CARD_0137,ACC_0932,xxxx-xxxx-xxxx-5760,Credit,Visa,2027-04-06,Active,100000.0
CARD_0138,ACC_1040,xxxx-xxxx-xxxx-6057,Credit,Amex,2028-05-13,Active,100000.0
CARD_0139,ACC_0024,xxxx-xxxx-xxxx-1502,Debit,Visa,2028-08-02,Active,100000.0
CARD_0140,ACC_0059,xxxx-xxxx-xxxx-3472,Debit,Amex,2030-03-29,Active,100000.0
CARD_0141,ACC_0658,xxxx-xxxx-xxxx-6076,Debit,Amex,2029-10-15,Active,100000.0
CARD_0142,ACC_0206,xxxx-xxxx-xxxx-5498,Debit,Amex,2028-05-17,Active,100000.0
CARD_0143,ACC_0244,xxxx-xxxx-xxxx-1905,Debit,RuPay,2029-08-11,Active,100000.0
CARD_0144,ACC_0479,xxxx-xxxx-xxxx-3820,Credit,Amex,2028-09-02,Active,100000.0
CARD_0145,ACC_0876,xxxx-xxxx-xxxx-8387,Debit,Visa,2028-04-13,Active,100000.0
CARD_0146,ACC_0792,xxxx-xxxx-xxxx-6565,Debit,Mastercard,2029-01-10,Active,100000.0
CARD_0147,ACC_0004,xxxx-xxxx-xxxx-8881,Debit,Visa,2027-04-04,Active,100000.0
CARD_0148,ACC_0794,xxxx-xxxx-xxxx-9488,Credit,Mastercard,2027-07-11,Active,100000.0
CARD_0149,ACC_0822,xxxx-xxxx-xxxx-5478,Credit,Mastercard,2029-01-22,Active,100000.0
CARD_0150,ACC_1118,xxxx-xxxx-xxxx-7096,Debit,Amex,2028-10-30,Active,100000.0
CARD_0151,ACC_0943,xxxx-xxxx-xxxx-8372,Debit,Mastercard,2029-08-23,Active,100000.0
CARD_0152,ACC_0781,xxxx-xxxx-xxxx-6959,Credit,Visa,2029-09-28,Active,100000.0
CARD_0153,ACC_0326,xxxx-xxxx-xxxx-1186,Debit,Amex,2027-08-04,Active,100000.0
CARD_0154,ACC_0181,xxxx-xxxx-xxxx-6580,Debit,Mastercard,2029-10-02,Active,100000.0
CARD_0155,ACC_1102,xxxx-xxxx-xxxx-7109,Credit,Visa,2028-12-13,Active,100000.0
CARD_0156,ACC_0514,xxxx-xxxx-xxxx-1637,Debit,Amex,2028-09-20,Active,100000.0
CARD_0157,ACC_1118,xxxx-xxxx-xxxx-4800,Debit,Mastercard,2028-02-13,Active,100000.0
CARD_0158,ACC_1140,xxxx-xxxx-xxxx-4030,Credit,Visa,2029-09-08,Active,100000.0
CARD_0159,ACC_0356,xxxx-xxxx-xxxx-9599,Credit,Visa,2026-07-16,Active,100000.0
CARD_0160,ACC_0967,xxxx-xxxx-xxxx-8725,Credit,RuPay,2030-03-03,Active,100000.0
CARD_0161,ACC_0330,xxxx-xxxx-xxxx-2284,Debit,Visa,2029-02-17,Active,100000.0
CARD_0162,ACC_0207,xxxx-xxxx-xxxx-7398,Debit,Amex,2027-11-17,Active,100000.0
CARD_0163,ACC_1130,xxxx-xxxx-xxxx-8458,Debit,RuPay,2029-09-09,Active,100000.0
CARD_0164,ACC_0265,xxxx-xxxx-xxxx-9680,Debit,Mastercard,2029-05-17,Active,100000.0
CARD_0165,ACC_0600,xxxx-xxxx-xxxx-5222,Debit,Mastercard,2029-12-15,Active,100000.0
CARD_0166,ACC_0772,xxxx-xxxx-xxxx-7735,Debit,RuPay,2029-08-05,Active,100000.0
CARD_0167,ACC_0316,xxxx-xxxx-xxxx-8633,Credit,Visa,2028-12-13,Active,100000.0
CARD_0168,ACC_0183,xxxx-xxxx-xxxx-5413,Debit,Mastercard,2028-12-08,Active,100000.0
CARD_0169,ACC_0976,xxxx-xxxx-xxxx-9445,Credit,RuPay,2028-04-04,Active,100000.0
CARD_0170,ACC_0885,xxxx-xxxx-xxxx-9837,Debit,Amex,2028-08-13,Active,100000.0
CARD_0171,ACC_0037,xxxx-xxxx-xxxx-4613,Debit,Amex,2026-12-24,Active,100000.0
CARD_0172,ACC_1132,xxxx-xxxx-xxxx-4304,Debit,RuPay,2028-10-27,Active,100000.0
CARD_0173,ACC_0842,xxxx-xxxx-xxxx-4166,Debit,Mastercard,2030-06-19,Active,100000.0
CARD_0174,ACC_1109,xxxx-xxxx-xxxx-8053,Debit,RuPay,2027-07-13,Active,100000.0
CARD_0175,ACC_0095,xxxx-xxxx-xxxx-6455,Credit,Amex,2029-11-15,Active,100000.0
CARD_0176,ACC_0573,xxxx-xxxx-xxxx-9399,Debit,Mastercard,2029-05-01,Active,100000.0
CARD_0177,ACC_0298,xxxx-xxxx-xxxx-9177,Debit,Visa,2027-07-06,Active,100000.0
CARD_0178,ACC_0175,xxxx-xxxx-xxxx-5071,Debit,Mastercard,2028-09-05,Active,100000.0
CARD_0179,ACC_0317,xxxx-xxxx-xxxx-4362,Debit,RuPay,2026-12-12,Active,100000.0
CARD_0180,ACC_0111,xxxx-xxxx-xxxx-2360,Credit,Visa,2029-07-17,Active,100000.0
CARD_0181,ACC_1178,xxxx-xxxx-xxxx-5289,Debit,Amex,2029-03-06,Active,100000.0
CARD_0182,ACC_0119,xxxx-xxxx-xxxx-7020,Credit,Visa,2028-12-27,Active,100000.0
CARD_0183,ACC_0872,xxxx-xxxx-xxxx-4572,Debit,Amex,2028-09-18,Active,100000.0
CARD_0184,ACC_0116,xxxx-xxxx-xxxx-8532,Credit,RuPay,2029-10-06,Active,100000.0
CARD_0185,ACC_0583,xxxx-xxxx-xxxx-2124,Credit,Mastercard,2030-01-21,Active,100000.0
CARD_0186,ACC_0803,xxxx-xxxx-xxxx-1541,Debit,Visa,2027-02-16,Active,100000.0
CARD_0187,ACC_0604,xxxx-xxxx-xxxx-1816,Credit,Mastercard,2029-07-09,Active,100000.0
CARD_0188,ACC_0614,xxxx-xxxx-xxxx-1978,Debit,Mastercard,2029-12-31,Active,100000.0
CARD_0189,ACC_0362,xxxx-xxxx-xxxx-3918,Debit,Amex,2030-06-12,Active,100000.0
CARD_0190,ACC_1156,xxxx-xxxx-xxxx-8485,Credit,Mastercard,2027-08-02,Active,100000.0
CARD_0191,ACC_0586,xxxx-xxxx-xxxx-4364,Debit,Amex,2029-10-08,Active,100000.0
CARD_0192,ACC_0012,xxxx-xxxx-xxxx-4303,Debit,Amex,2028-01-16,Active,100000.0
CARD_0193,ACC_0769,xxxx-xxxx-xxxx-3311,Debit,Amex,2026-07-02,Active,100000.0
CARD_0194,ACC_0033,xxxx-xxxx-xxxx-1933,Debit,Amex,2027-04-29,Active,100000.0
CARD_0195,ACC_0748,xxxx-xxxx-xxxx-2098,Debit,Mastercard,2026-07-19,Active,100000.0
CARD_0196,ACC_0109,xxxx-xxxx-xxxx-1222,Debit,RuPay,2030-02-21,Active,100000.0
CARD_0197,ACC_0394,xxxx-xxxx-xxxx-6352,Debit,Visa,2027-04-02,Active,100000.0
CARD_0198,ACC_0932,xxxx-xxxx-xxxx-3275,Credit,RuPay,2027-08-09,Active,100000.0
CARD_0199,ACC_0865,xxxx-xxxx-xxxx-5063,Debit,Visa,2027-03-21,Active,100000.0
CARD_0200,ACC_1057,xxxx-xxxx-xxxx-8532,Credit,Mastercard,2027-03-29,Active,100000.0
CARD_0201,ACC_0889,xxxx-xxxx-xxxx-7441,Debit,Visa,2027-10-17,Active,100000.0
CARD_0202,ACC_1082,xxxx-xxxx-xxxx-5390,Debit,RuPay,2030-04-27,Active,100000.0
CARD_0203,ACC_1183,xxxx-xxxx-xxxx-1498,Debit,RuPay,2029-09-05,Active,100000.0
CARD_0204,ACC_0456,xxxx-xxxx-xxxx-2880,Debit,Mastercard,2028-10-23,Active,100000.0
CARD_0205,ACC_0625,xxxx-xxxx-xxxx-8020,Credit,Visa,2028-10-07,Active,100000.0
CARD_0206,ACC_0105,xxxx-xxxx-xxxx-1370,Debit,Amex,2029-04-06,Active,100000.0
CARD_0207,ACC_0981,xxxx-xxxx-xxxx-2627,Credit,Mastercard,2027-06-23,Active,100000.0
CARD_0208,ACC_0022,xxxx-xxxx-xxxx-1670,Debit,RuPay,2027-11-15,Active,100000.0
CARD_0209,ACC_0648,xxxx-xxxx-xxxx-1918,Debit,RuPay,2026-11-16,Active,100000.0
CARD_0210,ACC_1064,xxxx-xxxx-xxxx-1766,Debit,Amex,2027-06-12,Active,100000.0
CARD_0211,ACC_0344,xxxx-xxxx-xxxx-3736,Credit,RuPay,2027-03-30,Active,100000.0
CARD_0212,ACC_0525,xxxx-xxxx-xxxx-6802,Debit,Visa,2028-03-18,Active,100000.0
CARD_0213,ACC_0073,xxxx-xxxx-xxxx-2316,Debit,Mastercard,2030-06-20,Active,100000.0
CARD_0214,ACC_0843,xxxx-xxxx-xxxx-3835,Debit,RuPay,2030-06-08,Active,100000.0
CARD_0215,ACC_0852,xxxx-xxxx-xxxx-7571,Debit,Visa,2026-08-13,Active,100000.0
CARD_0216,ACC_0334,xxxx-xxxx-xxxx-3522,Debit,RuPay,2026-11-14,Active,100000.0
CARD_0217,ACC_0069,xxxx-xxxx-xxxx-8783,Debit,Visa,2027-08-07,Active,100000.0
CARD_0218,ACC_0963,xxxx-xxxx-xxxx-5592,Debit,Visa,2027-03-04,Active,100000.0
CARD_0219,ACC_0654,xxxx-xxxx-xxxx-7117,Debit,RuPay,2028-02-06,Active,100000.0
CARD_0220,ACC_0596,xxxx-xxxx-xxxx-4087,Credit,Visa,2027-08-14,Active,100000.0
CARD_0221,ACC_0006,xxxx-xxxx-xxxx-6601,Debit,Visa,2027-05-18,Active,100000.0
CARD_0222,ACC_0487,xxxx-xxxx-xxxx-1278,Credit,Mastercard,2028-12-04,Active,100000.0
CARD_0223,ACC_0139,xxxx-xxxx-xxxx-4126,Credit,Amex,2028-08-19,Active,100000.0
CARD_0224,ACC_0850,xxxx-xxxx-xxxx-8368,Credit,Mastercard,2029-02-24,Active,100000.0
CARD_0225,ACC_0909,xxxx-xxxx-xxxx-1395,Credit,Mastercard,2029-08-09,Active,100000.0
CARD_0226,ACC_0282,xxxx-xxxx-xxxx-6182,Debit,Amex,2028-12-20,Active,100000.0
CARD_0227,ACC_0177,xxxx-xxxx-xxxx-3515,Debit,Mastercard,2027-01-04,Active,100000.0
CARD_0228,ACC_0285,xxxx-xxxx-xxxx-4476,Debit,Mastercard,2029-04-14,Active,100000.0
CARD_0229,ACC_1075,xxxx-xxxx-xxxx-6912,Debit,RuPay,2027-12-14,Active,100000.0
CARD_0230,ACC_0106,xxxx-xxxx-xxxx-4209,Credit,Mastercard,2026-09-10,Active,100000.0
CARD_0231,ACC_0844,xxxx-xxxx-xxxx-4525,Credit,Visa,2030-04-11,Active,100000.0
CARD_0232,ACC_1109,xxxx-xxxx-xxxx-3263,Debit,Amex,2029-01-13,Active,100000.0
CARD_0233,ACC_1068,xxxx-xxxx-xxxx-5283,Debit,Amex,2026-08-20,Active,100000.0
CARD_0234,ACC_0916,xxxx-xxxx-xxxx-4332,Debit,RuPay,2028-01-07,Active,100000.0
CARD_0235,ACC_1057,xxxx-xxxx-xxxx-1922,Credit,Mastercard,2028-10-27,Active,100000.0
CARD_0236,ACC_0861,xxxx-xxxx-xxxx-5951,Debit,Amex,2027-07-23,Active,100000.0
CARD_0237,ACC_1109,xxxx-xxxx-xxxx-8477,Debit,RuPay,2028-09-24,Active,100000.0
CARD_0238,ACC_0431,xxxx-xxxx-xxxx-7346,Debit,Visa,2027-10-24,Active,100000.0
CARD_0239,ACC_0409,xxxx-xxxx-xxxx-2643,Debit,Mastercard,2028-01-13,Active,100000.0
CARD_0240,ACC_0942,xxxx-xxxx-xxxx-9807,Debit,Mastercard,2027-06-11,Active,100000.0
CARD_0241,ACC_0463,xxxx-xxxx-xxxx-4668,Debit,Amex,2030-03-26,Active,100000.0
CARD_0242,ACC_0127,xxxx-xxxx-xxxx-2247,Debit,Amex,2026-10-06,Active,100000.0
CARD_0243,ACC_0748,xxxx-xxxx-xxxx-4794,Debit,RuPay,2026-12-10,Active,100000.0
CARD_0244,ACC_0698,xxxx-xxxx-xxxx-9311,Debit,Mastercard,2028-11-09,Active,100000.0
CARD_0245,ACC_0706,xxxx-xxxx-xxxx-7242,Credit,RuPay,2030-02-27,Active,100000.0
CARD_0246,ACC_0670,xxxx-xxxx-xxxx-5237,Credit,RuPay,2026-07-31,Active,100000.0
CARD_0247,ACC_0578,xxxx-xxxx-xxxx-1825,Debit,RuPay,2029-06-10,Active,100000.0
CARD_0248,ACC_0588,xxxx-xxxx-xxxx-7530,Credit,RuPay,2027-06-28,Active,100000.0
CARD_0249,ACC_0977,xxxx-xxxx-xxxx-6190,Debit,RuPay,2028-09-05,Active,100000.0
CARD_0250,ACC_1170,xxxx-xxxx-xxxx-7672,Debit,RuPay,2028-07-18,Active,100000.0
CARD_0251,ACC_0646,xxxx-xxxx-xxxx-5098,Debit,Amex,2027-05-09,Active,100000.0
CARD_0252,ACC_0342,xxxx-xxxx-xxxx-4324,Credit,RuPay,2027-05-23,Active,100000.0
CARD_0253,ACC_0292,xxxx-xxxx-xxxx-8730,Debit,RuPay,2028-02-02,Active,100000.0
CARD_0254,ACC_0113,xxxx-xxxx-xxxx-6594,Debit,Mastercard,2029-07-03,Active,100000.0
CARD_0255,ACC_0600,xxxx-xxxx-xxxx-3953,Debit,RuPay,2028-06-07,Active,100000.0
CARD_0256,ACC_0475,xxxx-xxxx-xxxx-2266,Debit,Visa,2028-05-25,Active,100000.0
CARD_0257,ACC_0673,xxxx-xxxx-xxxx-8635,Debit,Mastercard,2028-03-06,Active,100000.0
CARD_0258,ACC_0029,xxxx-xxxx-xxxx-7871,Debit,Visa,2026-12-29,Active,100000.0
CARD_0259,ACC_0658,xxxx-xxxx-xxxx-8392,Debit,Visa,2028-03-02,Active,100000.0
CARD_0260,ACC_0468,xxxx-xxxx-xxxx-3673,Debit,RuPay,2027-06-13,Active,100000.0
CARD_0261,ACC_0707,xxxx-xxxx-xxxx-3412,Debit,RuPay,2028-02-09,Active,100000.0
CARD_0262,ACC_0954,xxxx-xxxx-xxxx-5371,Credit,Amex,2029-08-03,Active,100000.0
CARD_0263,ACC_0636,xxxx-xxxx-xxxx-2243,Debit,Mastercard,2028-12-10,Active,100000.0
CARD_0264,ACC_1097,xxxx-xxxx-xxxx-3396,Debit,Amex,2026-12-26,Active,100000.0
CARD_0265,ACC_0870,xxxx-xxxx-xxxx-4424,Credit,Amex,2027-11-26,Active,100000.0
CARD_0266,ACC_0270,xxxx-xxxx-xxxx-1773,Debit,Mastercard,2026-12-08,Active,100000.0
CARD_0267,ACC_0621,xxxx-xxxx-xxxx-8869,Debit,RuPay,2029-10-02,Active,100000.0
CARD_0268,ACC_0501,xxxx-xxxx-xxxx-7176,Debit,Mastercard,2026-12-19,Active,100000.0
CARD_0269,ACC_1121,xxxx-xxxx-xxxx-6445,Debit,Mastercard,2028-09-19,Active,100000.0
CARD_0270,ACC_0849,xxxx-xxxx-xxxx-5927,Credit,Amex,2027-11-30,Active,100000.0
CARD_0271,ACC_0852,xxxx-xxxx-xxxx-8073,Debit,Amex,2029-09-26,Active,100000.0
CARD_0272,ACC_1092,xxxx-xxxx-xxxx-4219,Credit,Amex,2029-12-28,Active,100000.0
CARD_0273,ACC_0751,xxxx-xxxx-xxxx-4973,Debit,RuPay,2027-09-23,Active,100000.0
CARD_0274,ACC_0020,xxxx-xxxx-xxxx-5793,Debit,RuPay,2028-04-03,Active,100000.0
CARD_0275,ACC_0039,xxxx-xxxx-xxxx-8980,Debit,Amex,2029-04-25,Active,100000.0
CARD_0276,ACC_0423,xxxx-xxxx-xxxx-3303,Debit,Amex,2028-09-24,Active,100000.0
CARD_0277,ACC_0794,xxxx-xxxx-xxxx-9376,Credit,Mastercard,2027-06-04,Active,100000.0
CARD_0278,ACC_0244,xxxx-xxxx-xxxx-1078,Debit,Mastercard,2029-04-20,Active,100000.0
CARD_0279,ACC_0325,xxxx-xxxx-xxxx-3157,Debit,Visa,2029-09-08,Active,100000.0
CARD_0280,ACC_0756,xxxx-xxxx-xxxx-2215,Debit,Visa,2028-02-05,Active,100000.0
CARD_0281,ACC_1049,xxxx-xxxx-xxxx-8262,Debit,RuPay,2029-11-11,Active,100000.0
CARD_0282,ACC_0695,xxxx-xxxx-xxxx-1286,Credit,Visa,2027-02-14,Active,100000.0
CARD_0283,ACC_0932,xxxx-xxxx-xxxx-6612,Credit,Mastercard,2028-01-27,Active,100000.0
CARD_0284,ACC_0847,xxxx-xxxx-xxxx-2526,Debit,Mastercard,2027-09-28,Active,100000.0
CARD_0285,ACC_0187,xxxx-xxxx-xxxx-3377,Credit,Mastercard,2030-05-11,Active,100000.0
CARD_0286,ACC_1149,xxxx-xxxx-xxxx-1832,Credit,Visa,2028-11-05,Active,100000.0
CARD_0287,ACC_0479,xxxx-xxxx-xxxx-7980,Credit,Mastercard,2027-10-12,Active,100000.0
CARD_0288,ACC_0260,xxxx-xxxx-xxxx-4948,Debit,Amex,2027-12-14,Active,100000.0
CARD_0289,ACC_1085,xxxx-xxxx-xxxx-5903,Credit,RuPay,2027-06-17,Active,100000.0
CARD_0290,ACC_0963,xxxx-xxxx-xxxx-9808,Debit,Mastercard,2028-05-03,Active,100000.0
CARD_0291,ACC_1011,xxxx-xxxx-xxxx-9440,Debit,Amex,2030-04-29,Active,100000.0
CARD_0292,ACC_1061,xxxx-xxxx-xxxx-8651,Debit,Amex,2029-11-23,Active,100000.0
CARD_0293,ACC_0217,xxxx-xxxx-xxxx-8751,Credit,Mastercard,2030-02-19,Active,100000.0
CARD_0294,ACC_0186,xxxx-xxxx-xxxx-1195,Debit,Amex,2028-09-30,Active,100000.0
CARD_0295,ACC_0568,xxxx-xxxx-xxxx-7460,Debit,Mastercard,2027-09-27,Active,100000.0
CARD_0296,ACC_0321,xxxx-xxxx-xxxx-2721,Debit,Mastercard,2029-01-08,Active,100000.0
CARD_0297,ACC_0837,xxxx-xxxx-xxxx-4302,Debit,Amex,2027-03-15,Active,100000.0
CARD_0298,ACC_0960,xxxx-xxxx-xxxx-6398,Debit,Amex,2027-05-25,Active,100000.0
CARD_0299,ACC_0659,xxxx-xxxx-xxxx-9239,Debit,RuPay,2029-09-10,Active,100000.0
CARD_0300,ACC_0721,xxxx-xxxx-xxxx-2389,Debit,Amex,2027-10-26,Active,100000.0
CARD_0301,ACC_0923,xxxx-xxxx-xxxx-2760,Credit,Visa,2029-08-11,Active,100000.0
CARD_0302,ACC_1020,xxxx-xxxx-xxxx-1320,Debit,RuPay,2028-06-20,Active,100000.0
CARD_0303,ACC_0732,xxxx-xxxx-xxxx-5631,Credit,Amex,2028-10-30,Active,100000.0
CARD_0304,ACC_0562,xxxx-xxxx-xxxx-8793,Debit,Mastercard,2029-03-01,Active,100000.0
CARD_0305,ACC_0136,xxxx-xxxx-xxxx-2953,Debit,Amex,2027-09-27,Active,100000.0
CARD_0306,ACC_0677,xxxx-xxxx-xxxx-4840,Debit,Visa,2030-06-30,Active,100000.0
CARD_0307,ACC_0530,xxxx-xxxx-xxxx-3271,Credit,Visa,2028-09-15,Active,100000.0
CARD_0308,ACC_0418,xxxx-xxxx-xxxx-8343,Credit,Visa,2030-01-10,Active,100000.0
CARD_0309,ACC_0685,xxxx-xxxx-xxxx-3444,Credit,Amex,2026-07-17,Active,100000.0
CARD_0310,ACC_0908,xxxx-xxxx-xxxx-7855,Credit,Amex,2026-10-08,Active,100000.0
CARD_0311,ACC_0792,xxxx-xxxx-xxxx-8567,Debit,Mastercard,2028-01-13,Active,100000.0
CARD_0312,ACC_0605,xxxx-xxxx-xxxx-4682,Credit,Amex,2026-12-03,Active,100000.0
CARD_0313,ACC_0955,xxxx-xxxx-xxxx-5954,Debit,Mastercard,2029-10-01,Active,100000.0
CARD_0314,ACC_0785,xxxx-xxxx-xxxx-5009,Debit,Mastercard,2028-11-27,Active,100000.0
CARD_0315,ACC_1086,xxxx-xxxx-xxxx-4152,Debit,Mastercard,2027-07-07,Active,100000.0
CARD_0316,ACC_0338,xxxx-xxxx-xxxx-1616,Debit,RuPay,2028-12-15,Active,100000.0
CARD_0317,ACC_0247,xxxx-xxxx-xxxx-4129,Credit,RuPay,2028-01-13,Active,100000.0
CARD_0318,ACC_1103,xxxx-xxxx-xxxx-2055,Credit,Mastercard,2027-12-05,Active,100000.0
CARD_0319,ACC_0550,xxxx-xxxx-xxxx-6190,Credit,Visa,2030-02-03,Active,100000.0
CARD_0320,ACC_0146,xxxx-xxxx-xxxx-1060,Credit,Amex,2026-09-30,Active,100000.0
CARD_0321,ACC_0034,xxxx-xxxx-xxxx-3719,Debit,Amex,2027-12-28,Active,100000.0
CARD_0322,ACC_0245,xxxx-xxxx-xxxx-2393,Debit,Amex,2026-08-05,Active,100000.0
CARD_0323,ACC_1069,xxxx-xxxx-xxxx-6761,Credit,RuPay,2027-12-11,Active,100000.0
CARD_0324,ACC_0564,xxxx-xxxx-xxxx-7178,Debit,Amex,2026-11-29,Active,100000.0
CARD_0325,ACC_0219,xxxx-xxxx-xxxx-2688,Credit,RuPay,2028-12-14,Active,100000.0
CARD_0326,ACC_0696,xxxx-xxxx-xxxx-5850,Debit,Amex,2027-01-05,Active,100000.0
CARD_0327,ACC_1007,xxxx-xxxx-xxxx-3068,Debit,RuPay,2028-11-30,Active,100000.0
CARD_0328,ACC_0315,xxxx-xxxx-xxxx-9003,Credit,Amex,2030-06-29,Active,100000.0
CARD_0329,ACC_0390,xxxx-xxxx-xxxx-9161,Debit,Amex,2030-06-11,Active,100000.0
CARD_0330,ACC_0956,xxxx-xxxx-xxxx-4597,Debit,Amex,2028-01-17,Active,100000.0
CARD_0331,ACC_0254,xxxx-xxxx-xxxx-6740,Debit,Visa,2026-12-31,Active,100000.0
CARD_0332,ACC_0838,xxxx-xxxx-xxxx-5753,Debit,Visa,2026-12-25,Active,100000.0
CARD_0333,ACC_0453,xxxx-xxxx-xxxx-5742,Debit,Amex,2030-01-12,Active,100000.0
CARD_0334,ACC_0619,xxxx-xxxx-xxxx-4689,Credit,RuPay,2027-08-26,Active,100000.0
CARD_0335,ACC_0325,xxxx-xxxx-xxxx-9818,Debit,Visa,2030-01-04,Active,100000.0
CARD_0336,ACC_1184,xxxx-xxxx-xxxx-5597,Credit,Amex,2029-07-04,Active,100000.0
CARD_0337,ACC_0187,xxxx-xxxx-xxxx-2906,Credit,Mastercard,2026-07-21,Active,100000.0
CARD_0338,ACC_1170,xxxx-xxxx-xxxx-9144,Debit,Amex,2028-01-13,Active,100000.0
CARD_0339,ACC_0512,xxxx-xxxx-xxxx-1012,Debit,Amex,2029-04-22,Active,100000.0
CARD_0340,ACC_0101,xxxx-xxxx-xxxx-5595,Debit,Amex,2030-03-24,Active,100000.0
CARD_0341,ACC_0806,xxxx-xxxx-xxxx-6082,Credit,Amex,2028-01-02,Active,100000.0
CARD_0342,ACC_0737,xxxx-xxxx-xxxx-3223,Debit,Amex,2028-02-29,Active,100000.0
CARD_0343,ACC_0339,xxxx-xxxx-xxxx-7285,Debit,Visa,2030-01-11,Active,100000.0
CARD_0344,ACC_0435,xxxx-xxxx-xxxx-4335,Debit,Visa,2028-10-06,Active,100000.0
CARD_0345,ACC_0094,xxxx-xxxx-xxxx-4070,Debit,Amex,2029-10-12,Active,100000.0
CARD_0346,ACC_0095,xxxx-xxxx-xxxx-1571,Credit,Visa,2028-07-11,Active,100000.0
CARD_0347,ACC_0681,xxxx-xxxx-xxxx-1769,Debit,Mastercard,2028-05-10,Active,100000.0
CARD_0348,ACC_1162,xxxx-xxxx-xxxx-5467,Debit,RuPay,2030-05-20,Active,100000.0
CARD_0349,ACC_0530,xxxx-xxxx-xxxx-6188,Credit,RuPay,2029-08-23,Active,100000.0
CARD_0350,ACC_0263,xxxx-xxxx-xxxx-4910,Debit,Amex,2026-07-31,Active,100000.0
CARD_0351,ACC_0462,xxxx-xxxx-xxxx-6351,Debit,RuPay,2028-06-14,Active,100000.0
CARD_0352,ACC_0743,xxxx-xxxx-xxxx-4996,Credit,Visa,2030-03-12,Active,100000.0
CARD_0353,ACC_0609,xxxx-xxxx-xxxx-1096,Credit,Mastercard,2027-01-16,Active,100000.0
CARD_0354,ACC_1065,xxxx-xxxx-xxxx-6417,Debit,RuPay,2027-08-24,Active,100000.0
CARD_0355,ACC_0805,xxxx-xxxx-xxxx-9867,Debit,RuPay,2028-07-01,Active,100000.0
CARD_0356,ACC_0189,xxxx-xxxx-xxxx-1289,Debit,RuPay,2027-02-04,Active,100000.0
CARD_0357,ACC_1045,xxxx-xxxx-xxxx-2818,Debit,RuPay,2030-07-02,Active,100000.0
CARD_0358,ACC_0576,xxxx-xxxx-xxxx-5368,Debit,Mastercard,2029-03-01,Active,100000.0
CARD_0359,ACC_0549,xxxx-xxxx-xxxx-6562,Debit,Mastercard,2028-12-30,Active,100000.0
CARD_0360,ACC_0375,xxxx-xxxx-xxxx-8747,Credit,Amex,2028-02-12,Active,100000.0
CARD_0361,ACC_0117,xxxx-xxxx-xxxx-3359,Debit,RuPay,2029-05-03,Active,100000.0
CARD_0362,ACC_1055,xxxx-xxxx-xxxx-3047,Debit,Visa,2030-07-01,Active,100000.0
CARD_0363,ACC_0729,xxxx-xxxx-xxxx-8305,Debit,RuPay,2027-11-14,Active,100000.0
CARD_0364,ACC_0427,xxxx-xxxx-xxxx-4474,Debit,Amex,2030-01-19,Active,100000.0
CARD_0365,ACC_0627,xxxx-xxxx-xxxx-2003,Debit,Visa,2029-08-25,Active,100000.0
CARD_0366,ACC_0158,xxxx-xxxx-xxxx-8179,Credit,Visa,2029-02-22,Active,100000.0
CARD_0367,ACC_1140,xxxx-xxxx-xxxx-2379,Credit,Amex,2028-11-03,Active,100000.0
CARD_0368,ACC_1194,xxxx-xxxx-xxxx-5778,Credit,Mastercard,2028-03-22,Active,100000.0
CARD_0369,ACC_0300,xxxx-xxxx-xxxx-8654,Credit,RuPay,2029-05-31,Active,100000.0
CARD_0370,ACC_0514,xxxx-xxxx-xxxx-5302,Debit,Mastercard,2026-11-27,Active,100000.0
CARD_0371,ACC_0651,xxxx-xxxx-xxxx-2117,Debit,Visa,2029-06-04,Active,100000.0
CARD_0372,ACC_0316,xxxx-xxxx-xxxx-3197,Credit,Mastercard,2027-07-18,Active,100000.0
CARD_0373,ACC_0365,xxxx-xxxx-xxxx-6606,Debit,Visa,2029-06-01,Active,100000.0
CARD_0374,ACC_0446,xxxx-xxxx-xxxx-5436,Credit,RuPay,2029-02-12,Active,100000.0
CARD_0375,ACC_0449,xxxx-xxxx-xxxx-5051,Credit,Amex,2028-08-13,Active,100000.0
CARD_0376,ACC_0125,xxxx-xxxx-xxxx-2090,Debit,Visa,2029-11-06,Active,100000.0
CARD_0377,ACC_1045,xxxx-xxxx-xxxx-3796,Debit,RuPay,2027-12-01,Active,100000.0
CARD_0378,ACC_1153,xxxx-xxxx-xxxx-6103,Debit,Visa,2026-11-27,Active,100000.0
CARD_0379,ACC_1157,xxxx-xxxx-xxxx-2467,Credit,RuPay,2029-11-14,Active,100000.0
CARD_0380,ACC_0680,xxxx-xxxx-xxxx-4971,Credit,Mastercard,2028-01-22,Active,100000.0
CARD_0381,ACC_1001,xxxx-xxxx-xxxx-5345,Debit,Visa,2029-12-10,Active,100000.0
CARD_0382,ACC_1185,xxxx-xxxx-xxxx-7733,Debit,RuPay,2028-03-20,Active,100000.0
CARD_0383,ACC_0616,xxxx-xxxx-xxxx-4253,Debit,RuPay,2028-04-21,Active,100000.0
CARD_0384,ACC_0551,xxxx-xxxx-xxxx-6476,Debit,Visa,2027-07-11,Active,100000.0
CARD_0385,ACC_0918,xxxx-xxxx-xxxx-2488,Debit,RuPay,2029-02-07,Active,100000.0
CARD_0386,ACC_0767,xxxx-xxxx-xxxx-9330,Debit,RuPay,2029-06-14,Active,100000.0
CARD_0387,ACC_0153,xxxx-xxxx-xxxx-5923,Debit,RuPay,2029-09-16,Active,100000.0
CARD_0388,ACC_0342,xxxx-xxxx-xxxx-6555,Credit,RuPay,2030-05-14,Active,100000.0
CARD_0389,ACC_1108,xxxx-xxxx-xxxx-5388,Debit,RuPay,2029-07-12,Active,100000.0
CARD_0390,ACC_0768,xxxx-xxxx-xxxx-1480,Debit,Visa,2030-01-24,Active,100000.0
CARD_0391,ACC_0052,xxxx-xxxx-xxxx-1636,Credit,RuPay,2029-09-11,Active,100000.0
CARD_0392,ACC_0797,xxxx-xxxx-xxxx-3812,Debit,Visa,2027-06-25,Active,100000.0
CARD_0393,ACC_0689,xxxx-xxxx-xxxx-1698,Credit,Amex,2027-03-22,Active,100000.0
CARD_0394,ACC_0846,xxxx-xxxx-xxxx-3394,Credit,Mastercard,2026-10-28,Active,100000.0
CARD_0395,ACC_0679,xxxx-xxxx-xxxx-1239,Debit,Mastercard,2030-03-18,Active,100000.0
CARD_0396,ACC_0746,xxxx-xxxx-xxxx-6915,Debit,Amex,2029-10-29,Active,100000.0
CARD_0397,ACC_0315,xxxx-xxxx-xxxx-7845,Credit,Amex,2026-11-19,Active,100000.0
CARD_0398,ACC_0750,xxxx-xxxx-xxxx-3596,Debit,Amex,2026-10-22,Active,100000.0
CARD_0399,ACC_0024,xxxx-xxxx-xxxx-7742,Debit,Amex,2029-10-02,Active,100000.0
CARD_0400,ACC_0111,xxxx-xxxx-xxxx-5575,Credit,Amex,2028-01-08,Active,100000.0
CARD_0401,ACC_0400,xxxx-xxxx-xxxx-6909,Debit,Mastercard,2028-02-15,Active,100000.0
CARD_0402,ACC_0327,xxxx-xxxx-xxxx-8936,Credit,RuPay,2027-02-16,Active,100000.0
CARD_0403,ACC_0488,xxxx-xxxx-xxxx-7101,Debit,Amex,2029-01-26,Active,100000.0
CARD_0404,ACC_0571,xxxx-xxxx-xxxx-9341,Debit,Mastercard,2028-07-10,Active,100000.0
CARD_0405,ACC_1071,xxxx-xxxx-xxxx-3885,Debit,Mastercard,2030-04-12,Active,100000.0
CARD_0406,ACC_0822,xxxx-xxxx-xxxx-7327,Credit,Mastercard,2028-11-11,Active,100000.0
CARD_0407,ACC_0998,xxxx-xxxx-xxxx-3419,Credit,RuPay,2030-03-20,Active,100000.0
CARD_0408,ACC_0115,xxxx-xxxx-xxxx-7120,Credit,Mastercard,2030-05-27,Active,100000.0
CARD_0409,ACC_0909,xxxx-xxxx-xxxx-9507,Credit,Amex,2028-10-31,Active,100000.0
CARD_0410,ACC_0406,xxxx-xxxx-xxxx-3096,Debit,Amex,2028-08-26,Active,100000.0
CARD_0411,ACC_1032,xxxx-xxxx-xxxx-7674,Debit,RuPay,2027-10-03,Active,100000.0
CARD_0412,ACC_1198,xxxx-xxxx-xxxx-4420,Credit,Mastercard,2028-11-27,Active,100000.0
CARD_0413,ACC_0850,xxxx-xxxx-xxxx-8073,Credit,Visa,2026-08-15,Active,100000.0
CARD_0414,ACC_0619,xxxx-xxxx-xxxx-3295,Credit,Amex,2027-12-15,Active,100000.0
CARD_0415,ACC_0173,xxxx-xxxx-xxxx-3331,Credit,RuPay,2028-09-20,Active,100000.0
CARD_0416,ACC_0778,xxxx-xxxx-xxxx-9299,Debit,RuPay,2027-12-04,Active,100000.0
CARD_0417,ACC_0904,xxxx-xxxx-xxxx-5758,Credit,Mastercard,2028-01-16,Active,100000.0
CARD_0418,ACC_1109,xxxx-xxxx-xxxx-5522,Debit,Mastercard,2027-12-31,Active,100000.0
CARD_0419,ACC_0708,xxxx-xxxx-xxxx-6343,Credit,RuPay,2029-06-13,Active,100000.0
CARD_0420,ACC_1195,xxxx-xxxx-xxxx-8489,Debit,RuPay,2027-06-17,Active,100000.0
CARD_0421,ACC_1085,xxxx-xxxx-xxxx-2132,Credit,RuPay,2028-10-08,Active,100000.0
CARD_0422,ACC_0893,xxxx-xxxx-xxxx-2769,Debit,Amex,2030-03-01,Active,100000.0
CARD_0423,ACC_0685,xxxx-xxxx-xxxx-5693,Credit,Visa,2027-11-15,Active,100000.0
CARD_0424,ACC_0933,xxxx-xxxx-xxxx-3891,Debit,Amex,2028-04-07,Active,100000.0
CARD_0425,ACC_0539,xxxx-xxxx-xxxx-8041,Debit,RuPay,2027-09-19,Active,100000.0
CARD_0426,ACC_0252,xxxx-xxxx-xxxx-4414,Debit,Amex,2027-04-29,Active,100000.0
CARD_0427,ACC_0908,xxxx-xxxx-xxxx-3534,Credit,Amex,2029-06-02,Active,100000.0
CARD_0428,ACC_0419,xxxx-xxxx-xxxx-5789,Debit,Visa,2030-05-18,Active,100000.0
CARD_0429,ACC_0716,xxxx-xxxx-xxxx-3398,Debit,RuPay,2028-08-15,Active,100000.0
CARD_0430,ACC_0564,xxxx-xxxx-xxxx-2005,Debit,Amex,2026-10-29,Active,100000.0
CARD_0431,ACC_0318,xxxx-xxxx-xxxx-1826,Debit,Visa,2029-08-06,Active,100000.0
CARD_0432,ACC_0566,xxxx-xxxx-xxxx-9571,Credit,Amex,2029-01-11,Active,100000.0
CARD_0433,ACC_0896,xxxx-xxxx-xxxx-9437,Debit,Visa,2028-07-04,Active,100000.0
CARD_0434,ACC_1125,xxxx-xxxx-xxxx-7364,Debit,Amex,2028-07-22,Active,100000.0
CARD_0435,ACC_1076,xxxx-xxxx-xxxx-6906,Credit,Amex,2028-11-20,Active,100000.0
CARD_0436,ACC_0730,xxxx-xxxx-xxxx-7536,Debit,RuPay,2026-08-31,Active,100000.0
CARD_0437,ACC_0488,xxxx-xxxx-xxxx-6716,Debit,RuPay,2027-02-07,Active,100000.0
CARD_0438,ACC_0606,xxxx-xxxx-xxxx-2342,Debit,RuPay,2026-08-05,Active,100000.0
CARD_0439,ACC_0597,xxxx-xxxx-xxxx-2601,Debit,Mastercard,2028-07-17,Active,100000.0
CARD_0440,ACC_0268,xxxx-xxxx-xxxx-2347,Credit,Mastercard,2030-02-07,Active,100000.0
CARD_0441,ACC_0347,xxxx-xxxx-xxxx-2481,Debit,Mastercard,2028-07-03,Active,100000.0
CARD_0442,ACC_0572,xxxx-xxxx-xxxx-2733,Credit,Visa,2029-03-04,Active,100000.0
CARD_0443,ACC_1187,xxxx-xxxx-xxxx-5330,Credit,Amex,2030-02-10,Active,100000.0
CARD_0444,ACC_0723,xxxx-xxxx-xxxx-2535,Debit,RuPay,2026-09-05,Active,100000.0
CARD_0445,ACC_0581,xxxx-xxxx-xxxx-9429,Debit,Mastercard,2029-02-01,Active,100000.0
CARD_0446,ACC_0779,xxxx-xxxx-xxxx-5159,Credit,RuPay,2026-11-18,Active,100000.0
CARD_0447,ACC_0001,xxxx-xxxx-xxxx-3972,Debit,RuPay,2026-10-08,Active,100000.0
CARD_0448,ACC_1157,xxxx-xxxx-xxxx-3693,Credit,Visa,2030-01-23,Active,100000.0
CARD_0449,ACC_0404,xxxx-xxxx-xxxx-2475,Credit,Amex,2027-06-07,Active,100000.0
CARD_0450,ACC_0759,xxxx-xxxx-xxxx-3244,Credit,Mastercard,2029-06-30,Active,100000.0
CARD_0451,ACC_0711,xxxx-xxxx-xxxx-9110,Credit,Visa,2030-01-13,Active,100000.0
CARD_0452,ACC_0961,xxxx-xxxx-xxxx-3566,Debit,Visa,2026-08-29,Active,100000.0
CARD_0453,ACC_0029,xxxx-xxxx-xxxx-3190,Debit,Amex,2029-05-06,Active,100000.0
CARD_0454,ACC_0925,xxxx-xxxx-xxxx-1285,Credit,Mastercard,2026-11-18,Active,100000.0
CARD_0455,ACC_0807,xxxx-xxxx-xxxx-1486,Debit,RuPay,2026-10-14,Active,100000.0
CARD_0456,ACC_0774,xxxx-xxxx-xxxx-8335,Credit,RuPay,2026-11-26,Active,100000.0
CARD_0457,ACC_0465,xxxx-xxxx-xxxx-2369,Debit,RuPay,2030-01-14,Active,100000.0
CARD_0458,ACC_0642,xxxx-xxxx-xxxx-5520,Debit,RuPay,2029-10-31,Active,100000.0
CARD_0459,ACC_0231,xxxx-xxxx-xxxx-6802,Credit,Amex,2026-07-12,Active,100000.0
CARD_0460,ACC_0375,xxxx-xxxx-xxxx-7939,Credit,Visa,2028-11-21,Active,100000.0
CARD_0461,ACC_1139,xxxx-xxxx-xxxx-2660,Debit,Amex,2030-03-09,Active,100000.0
CARD_0462,ACC_0363,xxxx-xxxx-xxxx-1912,Credit,RuPay,2029-10-25,Active,100000.0
CARD_0463,ACC_0856,xxxx-xxxx-xxxx-7507,Credit,Mastercard,2029-05-21,Active,100000.0
CARD_0464,ACC_0264,xxxx-xxxx-xxxx-7504,Debit,Visa,2029-05-14,Active,100000.0
CARD_0465,ACC_0311,xxxx-xxxx-xxxx-5518,Debit,Visa,2029-04-09,Active,100000.0
CARD_0466,ACC_0728,xxxx-xxxx-xxxx-4592,Debit,Amex,2028-07-22,Active,100000.0
CARD_0467,ACC_0951,xxxx-xxxx-xxxx-5199,Debit,Amex,2026-09-03,Active,100000.0
CARD_0468,ACC_1159,xxxx-xxxx-xxxx-7747,Credit,Visa,2027-05-04,Active,100000.0
CARD_0469,ACC_0382,xxxx-xxxx-xxxx-3153,Credit,Mastercard,2028-01-27,Active,100000.0
CARD_0470,ACC_1127,xxxx-xxxx-xxxx-3988,Credit,Visa,2029-09-23,Active,100000.0
CARD_0471,ACC_0556,xxxx-xxxx-xxxx-3378,Debit,Mastercard,2026-12-15,Active,100000.0
CARD_0472,ACC_0558,xxxx-xxxx-xxxx-1075,Debit,RuPay,2028-02-08,Active,100000.0
CARD_0473,ACC_0804,xxxx-xxxx-xxxx-9847,Debit,Amex,2028-05-22,Active,100000.0
CARD_0474,ACC_0030,xxxx-xxxx-xxxx-1889,Credit,Mastercard,2027-09-23,Active,100000.0
CARD_0475,ACC_0865,xxxx-xxxx-xxxx-8888,Debit,RuPay,2029-02-06,Active,100000.0
CARD_0476,ACC_0464,xxxx-xxxx-xxxx-9074,Credit,Amex,2029-02-07,Active,100000.0
CARD_0477,ACC_0167,xxxx-xxxx-xxxx-4507,Debit,Amex,2029-12-31,Active,100000.0
CARD_0478,ACC_0297,xxxx-xxxx-xxxx-9429,Debit,Amex,2027-06-19,Active,100000.0
CARD_0479,ACC_0855,xxxx-xxxx-xxxx-2205,Debit,Mastercard,2027-03-09,Active,100000.0
CARD_0480,ACC_0247,xxxx-xxxx-xxxx-9008,Credit,Amex,2028-06-27,Active,100000.0
CARD_0481,ACC_0556,xxxx-xxxx-xxxx-6305,Debit,Amex,2029-04-19,Active,100000.0
CARD_0482,ACC_0794,xxxx-xxxx-xxxx-5190,Credit,Visa,2029-09-20,Active,100000.0
CARD_0483,ACC_1100,xxxx-xxxx-xxxx-4311,Credit,Visa,2029-05-16,Active,100000.0
CARD_0484,ACC_0523,xxxx-xxxx-xxxx-9670,Credit,RuPay,2027-11-15,Active,100000.0
CARD_0485,ACC_0861,xxxx-xxxx-xxxx-6663,Debit,Visa,2029-03-07,Active,100000.0
CARD_0486,ACC_0936,xxxx-xxxx-xxxx-4131,Credit,Mastercard,2027-04-26,Active,100000.0
CARD_0487,ACC_0573,xxxx-xxxx-xxxx-6538,Debit,Mastercard,2028-11-17,Active,100000.0
CARD_0488,ACC_0145,xxxx-xxxx-xxxx-2282,Debit,Visa,2030-06-10,Active,100000.0
CARD_0489,ACC_0734,xxxx-xxxx-xxxx-5277,Credit,Visa,2027-05-24,Active,100000.0
CARD_0490,ACC_1123,xxxx-xxxx-xxxx-8516,Debit,RuPay,2027-02-15,Active,100000.0
CARD_0491,ACC_0072,xxxx-xxxx-xxxx-9832,Debit,Mastercard,2029-03-31,Active,100000.0
CARD_0492,ACC_0983,xxxx-xxxx-xxxx-5559,Credit,Mastercard,2029-08-27,Active,100000.0
CARD_0493,ACC_0102,xxxx-xxxx-xxxx-7717,Debit,RuPay,2026-11-11,Active,100000.0
CARD_0494,ACC_0315,xxxx-xxxx-xxxx-5366,Credit,Amex,2029-11-29,Active,100000.0
CARD_0495,ACC_0786,xxxx-xxxx-xxxx-4543,Debit,RuPay,2027-06-14,Active,100000.0
CARD_0496,ACC_0580,xxxx-xxxx-xxxx-8691,Credit,RuPay,2027-05-30,Active,100000.0
CARD_0497,ACC_0309,xxxx-xxxx-xxxx-5678,Debit,Amex,2029-07-04,Active,100000.0
CARD_0498,ACC_0583,xxxx-xxxx-xxxx-1468,Credit,RuPay,2026-07-20,Active,100000.0
CARD_0499,ACC_0114,xxxx-xxxx-xxxx-9580,Debit,Mastercard,2029-08-29,Active,100000.0
CARD_0500,ACC_0246,xxxx-xxxx-xxxx-2061,Credit,RuPay,2029-03-14,Active,100000.0
CARD_0501,ACC_0895,xxxx-xxxx-xxxx-4582,Debit,Mastercard,2029-09-17,Active,100000.0
CARD_0502,ACC_0144,xxxx-xxxx-xxxx-9290,Credit,Visa,2027-03-05,Active,100000.0
CARD_0503,ACC_1082,xxxx-xxxx-xxxx-5418,Debit,Visa,2026-07-24,Active,100000.0
CARD_0504,ACC_0038,xxxx-xxxx-xxxx-3101,Debit,Visa,2026-09-08,Active,100000.0
CARD_0505,ACC_0848,xxxx-xxxx-xxxx-5325,Credit,Mastercard,2029-12-13,Active,100000.0
CARD_0506,ACC_0440,xxxx-xxxx-xxxx-5709,Credit,Visa,2028-12-22,Active,100000.0
CARD_0507,ACC_0816,xxxx-xxxx-xxxx-9216,Debit,RuPay,2027-12-29,Active,100000.0
CARD_0508,ACC_0979,xxxx-xxxx-xxxx-2294,Credit,Visa,2027-08-12,Active,100000.0
CARD_0509,ACC_1169,xxxx-xxxx-xxxx-5246,Debit,Mastercard,2030-06-09,Active,100000.0
CARD_0510,ACC_0754,xxxx-xxxx-xxxx-2005,Debit,Amex,2029-04-14,Active,100000.0
CARD_0511,ACC_1060,xxxx-xxxx-xxxx-5259,Credit,Visa,2029-09-20,Active,100000.0
CARD_0512,ACC_0606,xxxx-xxxx-xxxx-7641,Debit,Amex,2029-07-27,Active,100000.0
CARD_0513,ACC_0396,xxxx-xxxx-xxxx-1377,Credit,RuPay,2029-12-03,Active,100000.0
CARD_0514,ACC_0152,xxxx-xxxx-xxxx-7040,Debit,Amex,2027-03-28,Active,100000.0
CARD_0515,ACC_0714,xxxx-xxxx-xxxx-9617,Debit,Amex,2027-06-18,Active,100000.0
CARD_0516,ACC_0666,xxxx-xxxx-xxxx-5117,Credit,RuPay,2026-06-30,Active,100000.0
CARD_0517,ACC_0772,xxxx-xxxx-xxxx-4698,Debit,Visa,2028-03-13,Active,100000.0
CARD_0518,ACC_0914,xxxx-xxxx-xxxx-5252,Debit,Amex,2027-06-28,Active,100000.0
CARD_0519,ACC_0895,xxxx-xxxx-xxxx-2086,Debit,RuPay,2029-06-22,Active,100000.0
CARD_0520,ACC_0990,xxxx-xxxx-xxxx-9827,Credit,Visa,2026-11-04,Active,100000.0
CARD_0521,ACC_0614,xxxx-xxxx-xxxx-6677,Debit,Amex,2029-01-12,Active,100000.0
CARD_0522,ACC_0180,xxxx-xxxx-xxxx-8259,Debit,RuPay,2027-06-26,Active,100000.0
CARD_0523,ACC_0881,xxxx-xxxx-xxxx-4107,Credit,RuPay,2027-07-21,Active,100000.0
CARD_0524,ACC_0443,xxxx-xxxx-xxxx-1808,Debit,Mastercard,2028-07-11,Active,100000.0
CARD_0525,ACC_1102,xxxx-xxxx-xxxx-8303,Credit,Mastercard,2026-12-13,Active,100000.0
CARD_0526,ACC_0854,xxxx-xxxx-xxxx-6070,Debit,Amex,2028-09-06,Active,100000.0
CARD_0527,ACC_0660,xxxx-xxxx-xxxx-6277,Debit,Visa,2029-03-22,Active,100000.0
CARD_0528,ACC_1090,xxxx-xxxx-xxxx-3971,Debit,Mastercard,2027-04-28,Active,100000.0
CARD_0529,ACC_0534,xxxx-xxxx-xxxx-2661,Credit,Mastercard,2029-06-13,Active,100000.0
CARD_0530,ACC_0694,xxxx-xxxx-xxxx-4677,Debit,Amex,2028-08-06,Active,100000.0
CARD_0531,ACC_0947,xxxx-xxxx-xxxx-8590,Debit,Amex,2028-10-11,Active,100000.0
CARD_0532,ACC_0726,xxxx-xxxx-xxxx-1569,Credit,Visa,2027-01-24,Active,100000.0
CARD_0533,ACC_0257,xxxx-xxxx-xxxx-4531,Credit,RuPay,2029-01-18,Active,100000.0
CARD_0534,ACC_0571,xxxx-xxxx-xxxx-6512,Debit,Mastercard,2029-02-08,Active,100000.0
CARD_0535,ACC_1003,xxxx-xxxx-xxxx-3042,Credit,Amex,2030-06-05,Active,100000.0
CARD_0536,ACC_0797,xxxx-xxxx-xxxx-2331,Debit,RuPay,2027-09-11,Active,100000.0
CARD_0537,ACC_0816,xxxx-xxxx-xxxx-4156,Debit,Visa,2027-06-04,Active,100000.0
CARD_0538,ACC_1141,xxxx-xxxx-xxxx-3434,Credit,Amex,2029-03-18,Active,100000.0
CARD_0539,ACC_1131,xxxx-xxxx-xxxx-2574,Credit,RuPay,2029-12-20,Active,100000.0
CARD_0540,ACC_0056,xxxx-xxxx-xxxx-5702,Credit,RuPay,2030-02-23,Active,100000.0
CARD_0541,ACC_0545,xxxx-xxxx-xxxx-1596,Credit,Amex,2027-11-28,Active,100000.0
CARD_0542,ACC_0783,xxxx-xxxx-xxxx-4266,Debit,Mastercard,2029-05-04,Active,100000.0
CARD_0543,ACC_0715,xxxx-xxxx-xxxx-4669,Debit,RuPay,2027-12-21,Active,100000.0
CARD_0544,ACC_1156,xxxx-xxxx-xxxx-6415,Credit,Amex,2028-04-21,Active,100000.0
CARD_0545,ACC_0803,xxxx-xxxx-xxxx-5048,Debit,Amex,2030-06-13,Active,100000.0
CARD_0546,ACC_0008,xxxx-xxxx-xxxx-2847,Debit,RuPay,2028-12-08,Active,100000.0
CARD_0547,ACC_0889,xxxx-xxxx-xxxx-2141,Debit,Visa,2027-07-07,Active,100000.0
CARD_0548,ACC_0613,xxxx-xxxx-xxxx-7433,Credit,Mastercard,2028-06-06,Active,100000.0
CARD_0549,ACC_0199,xxxx-xxxx-xxxx-4834,Credit,Mastercard,2029-07-12,Active,100000.0
CARD_0550,ACC_0841,xxxx-xxxx-xxxx-8348,Debit,Visa,2027-05-26,Active,100000.0
CARD_0551,ACC_0048,xxxx-xxxx-xxxx-4754,Debit,RuPay,2028-06-07,Active,100000.0
CARD_0552,ACC_0912,xxxx-xxxx-xxxx-1655,Debit,Amex,2027-02-25,Active,100000.0
CARD_0553,ACC_0570,xxxx-xxxx-xxxx-9211,Debit,RuPay,2028-02-05,Active,100000.0
CARD_0554,ACC_0810,xxxx-xxxx-xxxx-3349,Debit,RuPay,2028-12-02,Active,100000.0
CARD_0555,ACC_0383,xxxx-xxxx-xxxx-8077,Debit,RuPay,2027-05-02,Active,100000.0
CARD_0556,ACC_0022,xxxx-xxxx-xxxx-6895,Debit,Visa,2027-11-05,Active,100000.0
CARD_0557,ACC_0714,xxxx-xxxx-xxxx-1778,Debit,RuPay,2029-07-14,Active,100000.0
CARD_0558,ACC_0113,xxxx-xxxx-xxxx-2993,Debit,Visa,2030-02-23,Active,100000.0
CARD_0559,ACC_0329,xxxx-xxxx-xxxx-6140,Debit,RuPay,2027-05-07,Active,100000.0
CARD_0560,ACC_0329,xxxx-xxxx-xxxx-2964,Debit,Amex,2027-12-11,Active,100000.0
CARD_0561,ACC_1066,xxxx-xxxx-xxxx-7130,Debit,RuPay,2026-11-04,Active,100000.0
CARD_0562,ACC_0499,xxxx-xxxx-xxxx-6357,Debit,Mastercard,2029-02-28,Active,100000.0
CARD_0563,ACC_0861,xxxx-xxxx-xxxx-9792,Debit,Mastercard,2028-07-09,Active,100000.0
CARD_0564,ACC_0223,xxxx-xxxx-xxxx-4037,Debit,Visa,2028-10-11,Active,100000.0
CARD_0565,ACC_0788,xxxx-xxxx-xxxx-3184,Credit,Visa,2027-11-21,Active,100000.0
CARD_0566,ACC_0440,xxxx-xxxx-xxxx-6323,Credit,Mastercard,2029-02-11,Active,100000.0
CARD_0567,ACC_1110,xxxx-xxxx-xxxx-3423,Debit,Visa,2030-05-12,Active,100000.0
CARD_0568,ACC_0508,xxxx-xxxx-xxxx-1158,Debit,Visa,2027-07-26,Active,100000.0
CARD_0569,ACC_0118,xxxx-xxxx-xxxx-8949,Debit,RuPay,2028-09-30,Active,100000.0
CARD_0570,ACC_1074,xxxx-xxxx-xxxx-3194,Credit,Visa,2027-06-29,Active,100000.0
CARD_0571,ACC_0621,xxxx-xxxx-xxxx-2726,Debit,Mastercard,2028-09-19,Active,100000.0
CARD_0572,ACC_1136,xxxx-xxxx-xxxx-5262,Debit,Mastercard,2027-09-05,Active,100000.0
CARD_0573,ACC_0044,xxxx-xxxx-xxxx-3912,Debit,Amex,2027-02-05,Active,100000.0
CARD_0574,ACC_0201,xxxx-xxxx-xxxx-5985,Debit,Amex,2030-05-29,Active,100000.0
CARD_0575,ACC_1162,xxxx-xxxx-xxxx-7377,Debit,Visa,2030-04-11,Active,100000.0
CARD_0576,ACC_0850,xxxx-xxxx-xxxx-5257,Credit,Visa,2026-07-22,Active,100000.0
CARD_0577,ACC_0639,xxxx-xxxx-xxxx-3372,Debit,Mastercard,2026-08-12,Active,100000.0
CARD_0578,ACC_0417,xxxx-xxxx-xxxx-9467,Debit,RuPay,2029-05-08,Active,100000.0
CARD_0579,ACC_0706,xxxx-xxxx-xxxx-1403,Credit,RuPay,2026-11-18,Active,100000.0
CARD_0580,ACC_0369,xxxx-xxxx-xxxx-7366,Debit,Amex,2028-09-16,Active,100000.0
CARD_0581,ACC_0703,xxxx-xxxx-xxxx-4218,Debit,RuPay,2030-02-14,Active,100000.0
CARD_0582,ACC_0361,xxxx-xxxx-xxxx-1800,Credit,RuPay,2029-12-02,Active,100000.0
CARD_0583,ACC_0983,xxxx-xxxx-xxxx-8227,Credit,Amex,2029-11-20,Active,100000.0
CARD_0584,ACC_0901,xxxx-xxxx-xxxx-9551,Debit,Mastercard,2026-08-27,Active,100000.0
CARD_0585,ACC_0607,xxxx-xxxx-xxxx-1252,Debit,Visa,2026-07-02,Active,100000.0
CARD_0586,ACC_1199,xxxx-xxxx-xxxx-8079,Debit,Mastercard,2028-09-23,Active,100000.0
CARD_0587,ACC_1151,xxxx-xxxx-xxxx-1250,Debit,RuPay,2028-12-05,Active,100000.0
CARD_0588,ACC_0077,xxxx-xxxx-xxxx-5018,Debit,Mastercard,2026-10-28,Active,100000.0
CARD_0589,ACC_0034,xxxx-xxxx-xxxx-4896,Debit,Mastercard,2029-08-29,Active,100000.0
CARD_0590,ACC_0821,xxxx-xxxx-xxxx-1114,Debit,Visa,2026-11-27,Active,100000.0
CARD_0591,ACC_1102,xxxx-xxxx-xxxx-4430,Credit,Amex,2027-04-25,Active,100000.0
CARD_0592,ACC_0038,xxxx-xxxx-xxxx-1163,Debit,Amex,2028-12-31,Active,100000.0
CARD_0593,ACC_1003,xxxx-xxxx-xxxx-8384,Credit,Amex,2027-05-15,Active,100000.0
CARD_0594,ACC_0703,xxxx-xxxx-xxxx-2862,Debit,Mastercard,2027-10-04,Active,100000.0
CARD_0595,ACC_0401,xxxx-xxxx-xxxx-4708,Debit,RuPay,2027-12-12,Active,100000.0
CARD_0596,ACC_0355,xxxx-xxxx-xxxx-2919,Debit,Visa,2027-11-23,Active,100000.0
CARD_0597,ACC_1053,xxxx-xxxx-xxxx-7778,Credit,Visa,2029-01-21,Active,100000.0
CARD_0598,ACC_1134,xxxx-xxxx-xxxx-6627,Debit,Mastercard,2026-08-02,Active,100000.0
CARD_0599,ACC_0420,xxxx-xxxx-xxxx-7069,Credit,RuPay,2029-09-07,Active,100000.0
CARD_0600,ACC_0683,xxxx-xxxx-xxxx-7889,Debit,Amex,2027-01-08,Active,100000.0
CARD_0601,ACC_0444,xxxx-xxxx-xxxx-3522,Debit,Amex,2030-06-13,Active,100000.0
CARD_0602,ACC_0328,xxxx-xxxx-xxxx-5142,Debit,Amex,2030-06-01,Active,100000.0
CARD_0603,ACC_0399,xxxx-xxxx-xxxx-7649,Debit,RuPay,2026-12-21,Active,100000.0
CARD_0604,ACC_0056,xxxx-xxxx-xxxx-9149,Credit,Amex,2029-09-18,Active,100000.0
CARD_0605,ACC_0602,xxxx-xxxx-xxxx-6090,Debit,Mastercard,2027-12-04,Active,100000.0
CARD_0606,ACC_0200,xxxx-xxxx-xxxx-2620,Credit,Visa,2029-02-23,Active,100000.0
CARD_0607,ACC_0071,xxxx-xxxx-xxxx-4858,Credit,Amex,2029-12-23,Active,100000.0
CARD_0608,ACC_1056,xxxx-xxxx-xxxx-6246,Credit,Visa,2029-02-06,Active,100000.0
CARD_0609,ACC_0186,xxxx-xxxx-xxxx-5557,Debit,RuPay,2027-10-20,Active,100000.0
CARD_0610,ACC_1144,xxxx-xxxx-xxxx-9196,Debit,RuPay,2028-04-17,Active,100000.0
CARD_0611,ACC_0917,xxxx-xxxx-xxxx-3068,Debit,RuPay,2026-09-28,Active,100000.0
CARD_0612,ACC_0727,xxxx-xxxx-xxxx-4658,Debit,RuPay,2030-04-21,Active,100000.0
CARD_0613,ACC_0350,xxxx-xxxx-xxxx-4661,Credit,Mastercard,2029-06-21,Active,100000.0
CARD_0614,ACC_0874,xxxx-xxxx-xxxx-6316,Debit,RuPay,2028-06-06,Active,100000.0
CARD_0615,ACC_0780,xxxx-xxxx-xxxx-4980,Credit,Amex,2028-07-03,Active,100000.0
CARD_0616,ACC_1110,xxxx-xxxx-xxxx-3221,Debit,Mastercard,2028-08-19,Active,100000.0
CARD_0617,ACC_0265,xxxx-xxxx-xxxx-5429,Debit,Amex,2030-03-05,Active,100000.0
CARD_0618,ACC_0596,xxxx-xxxx-xxxx-2990,Credit,RuPay,2027-02-07,Active,100000.0
CARD_0619,ACC_0108,xxxx-xxxx-xxxx-2117,Debit,Mastercard,2026-12-15,Active,100000.0
CARD_0620,ACC_0656,xxxx-xxxx-xxxx-1417,Credit,RuPay,2030-03-27,Active,100000.0
CARD_0621,ACC_0293,xxxx-xxxx-xxxx-9735,Credit,Amex,2026-08-05,Active,100000.0
CARD_0622,ACC_0889,xxxx-xxxx-xxxx-5404,Debit,Amex,2026-08-04,Active,100000.0
CARD_0623,ACC_1172,xxxx-xxxx-xxxx-9983,Debit,Mastercard,2029-10-15,Active,100000.0
CARD_0624,ACC_1150,xxxx-xxxx-xxxx-5923,Credit,RuPay,2029-04-20,Active,100000.0
CARD_0625,ACC_0175,xxxx-xxxx-xxxx-5685,Debit,Mastercard,2030-06-13,Active,100000.0
CARD_0626,ACC_0493,xxxx-xxxx-xxxx-9042,Credit,Amex,2029-10-22,Active,100000.0
CARD_0627,ACC_0811,xxxx-xxxx-xxxx-8243,Credit,Visa,2029-06-04,Active,100000.0
CARD_0628,ACC_0602,xxxx-xxxx-xxxx-9251,Debit,Mastercard,2028-11-02,Active,100000.0
CARD_0629,ACC_0067,xxxx-xxxx-xxxx-5750,Credit,Amex,2026-11-27,Active,100000.0
CARD_0630,ACC_0894,xxxx-xxxx-xxxx-6582,Credit,Amex,2029-10-23,Active,100000.0
CARD_0631,ACC_1053,xxxx-xxxx-xxxx-6250,Credit,Mastercard,2029-03-10,Active,100000.0
CARD_0632,ACC_0425,xxxx-xxxx-xxxx-2188,Debit,Visa,2030-06-30,Active,100000.0
CARD_0633,ACC_0859,xxxx-xxxx-xxxx-8703,Credit,Visa,2026-09-13,Active,100000.0
CARD_0634,ACC_0661,xxxx-xxxx-xxxx-3467,Debit,Mastercard,2030-03-28,Active,100000.0
CARD_0635,ACC_1061,xxxx-xxxx-xxxx-6343,Debit,Mastercard,2029-02-09,Active,100000.0
CARD_0636,ACC_0541,xxxx-xxxx-xxxx-1409,Credit,Amex,2029-04-01,Active,100000.0
CARD_0637,ACC_0681,xxxx-xxxx-xxxx-4679,Debit,Mastercard,2026-09-07,Active,100000.0
CARD_0638,ACC_0178,xxxx-xxxx-xxxx-8278,Debit,RuPay,2030-07-04,Active,100000.0
CARD_0639,ACC_0693,xxxx-xxxx-xxxx-9436,Credit,Mastercard,2029-06-25,Active,100000.0
CARD_0640,ACC_0204,xxxx-xxxx-xxxx-9846,Debit,Mastercard,2030-07-05,Active,100000.0
CARD_0641,ACC_0239,xxxx-xxxx-xxxx-3931,Debit,RuPay,2030-02-07,Active,100000.0
CARD_0642,ACC_0120,xxxx-xxxx-xxxx-9174,Credit,RuPay,2026-12-14,Active,100000.0
CARD_0643,ACC_0533,xxxx-xxxx-xxxx-8956,Debit,RuPay,2026-11-13,Active,100000.0
CARD_0644,ACC_0382,xxxx-xxxx-xxxx-8241,Credit,Visa,2029-06-06,Active,100000.0
CARD_0645,ACC_0404,xxxx-xxxx-xxxx-6424,Credit,Amex,2027-01-08,Active,100000.0
CARD_0646,ACC_1195,xxxx-xxxx-xxxx-1166,Debit,RuPay,2029-10-11,Active,100000.0
CARD_0647,ACC_0130,xxxx-xxxx-xxxx-3064,Debit,Visa,2030-06-18,Active,100000.0
CARD_0648,ACC_0955,xxxx-xxxx-xxxx-4277,Debit,Visa,2027-03-16,Active,100000.0
CARD_0649,ACC_0260,xxxx-xxxx-xxxx-9898,Debit,Mastercard,2029-06-07,Active,100000.0
CARD_0650,ACC_0326,xxxx-xxxx-xxxx-6993,Debit,Mastercard,2027-05-01,Active,100000.0
CARD_0651,ACC_1073,xxxx-xxxx-xxxx-6859,Debit,Mastercard,2030-03-11,Active,100000.0
CARD_0652,ACC_1105,xxxx-xxxx-xxxx-7108,Credit,Visa,2029-01-18,Active,100000.0
CARD_0653,ACC_0690,xxxx-xxxx-xxxx-3691,Credit,RuPay,2027-08-27,Active,100000.0
CARD_0654,ACC_0730,xxxx-xxxx-xxxx-5120,Debit,RuPay,2027-11-20,Active,100000.0
CARD_0655,ACC_0028,xxxx-xxxx-xxxx-8311,Debit,Mastercard,2030-04-30,Active,100000.0
CARD_0656,ACC_0518,xxxx-xxxx-xxxx-1883,Credit,RuPay,2028-05-15,Active,100000.0
CARD_0657,ACC_0232,xxxx-xxxx-xxxx-6372,Debit,RuPay,2028-08-12,Active,100000.0
CARD_0658,ACC_0910,xxxx-xxxx-xxxx-6276,Debit,Amex,2027-01-01,Active,100000.0
CARD_0659,ACC_0819,xxxx-xxxx-xxxx-9014,Debit,Visa,2027-01-19,Active,100000.0
CARD_0660,ACC_0186,xxxx-xxxx-xxxx-3477,Debit,RuPay,2028-01-24,Active,100000.0
CARD_0661,ACC_1071,xxxx-xxxx-xxxx-8569,Debit,Amex,2030-05-01,Active,100000.0
CARD_0662,ACC_0230,xxxx-xxxx-xxxx-1430,Credit,Mastercard,2026-08-04,Active,100000.0
CARD_0663,ACC_0513,xxxx-xxxx-xxxx-4133,Debit,Amex,2028-06-23,Active,100000.0
CARD_0664,ACC_0586,xxxx-xxxx-xxxx-8274,Debit,Mastercard,2028-06-07,Active,100000.0
CARD_0665,ACC_0505,xxxx-xxxx-xxxx-6773,Credit,Visa,2026-11-10,Active,100000.0
CARD_0666,ACC_0663,xxxx-xxxx-xxxx-4462,Credit,Mastercard,2028-05-24,Active,100000.0
CARD_0667,ACC_0468,xxxx-xxxx-xxxx-7464,Debit,RuPay,2028-02-18,Active,100000.0
CARD_0668,ACC_0851,xxxx-xxxx-xxxx-5854,Credit,Mastercard,2027-02-10,Active,100000.0
CARD_0669,ACC_0306,xxxx-xxxx-xxxx-7167,Debit,Amex,2027-05-27,Active,100000.0
CARD_0670,ACC_0995,xxxx-xxxx-xxxx-4174,Debit,Visa,2029-11-27,Active,100000.0
CARD_0671,ACC_0487,xxxx-xxxx-xxxx-1530,Credit,Visa,2029-02-01,Active,100000.0
CARD_0672,ACC_1018,xxxx-xxxx-xxxx-4209,Debit,RuPay,2028-01-27,Active,100000.0
CARD_0673,ACC_0019,xxxx-xxxx-xxxx-9167,Debit,RuPay,2028-08-31,Active,100000.0
CARD_0674,ACC_1145,xxxx-xxxx-xxxx-5040,Debit,RuPay,2028-09-11,Active,100000.0
CARD_0675,ACC_0103,xxxx-xxxx-xxxx-5665,Debit,Mastercard,2028-05-22,Active,100000.0
CARD_0676,ACC_0095,xxxx-xxxx-xxxx-7301,Credit,Amex,2030-05-11,Active,100000.0
CARD_0677,ACC_1058,xxxx-xxxx-xxxx-4376,Debit,RuPay,2027-01-10,Active,100000.0
CARD_0678,ACC_0648,xxxx-xxxx-xxxx-2867,Debit,Visa,2030-05-14,Active,100000.0
CARD_0679,ACC_0238,xxxx-xxxx-xxxx-4554,Debit,Mastercard,2029-11-14,Active,100000.0
CARD_0680,ACC_0211,xxxx-xxxx-xxxx-3827,Debit,RuPay,2028-01-04,Active,100000.0
CARD_0681,ACC_0570,xxxx-xxxx-xxxx-2944,Debit,Mastercard,2030-03-01,Active,100000.0
CARD_0682,ACC_0494,xxxx-xxxx-xxxx-9720,Debit,Mastercard,2030-06-16,Active,100000.0
CARD_0683,ACC_0708,xxxx-xxxx-xxxx-7385,Credit,Visa,2027-10-14,Active,100000.0
CARD_0684,ACC_0363,xxxx-xxxx-xxxx-3505,Credit,Amex,2026-10-29,Active,100000.0
CARD_0685,ACC_0864,xxxx-xxxx-xxxx-3092,Debit,Visa,2027-06-01,Active,100000.0
CARD_0686,ACC_0745,xxxx-xxxx-xxxx-9953,Debit,Amex,2028-11-20,Active,100000.0
CARD_0687,ACC_0013,xxxx-xxxx-xxxx-1321,Credit,Amex,2026-11-14,Active,100000.0
CARD_0688,ACC_0283,xxxx-xxxx-xxxx-9623,Debit,Mastercard,2029-01-27,Active,100000.0
CARD_0689,ACC_0079,xxxx-xxxx-xxxx-1450,Credit,Amex,2030-02-06,Active,100000.0
CARD_0690,ACC_1150,xxxx-xxxx-xxxx-8887,Credit,Mastercard,2028-01-14,Active,100000.0
CARD_0691,ACC_0740,xxxx-xxxx-xxxx-6610,Debit,RuPay,2027-11-16,Active,100000.0
CARD_0692,ACC_1063,xxxx-xxxx-xxxx-6306,Credit,Amex,2029-07-14,Active,100000.0
CARD_0693,ACC_1117,xxxx-xxxx-xxxx-3251,Credit,Visa,2028-04-09,Active,100000.0
CARD_0694,ACC_0539,xxxx-xxxx-xxxx-8814,Debit,Visa,2027-12-04,Active,100000.0
CARD_0695,ACC_0960,xxxx-xxxx-xxxx-9765,Debit,RuPay,2028-03-03,Active,100000.0
CARD_0696,ACC_0620,xxxx-xxxx-xxxx-7381,Credit,Amex,2029-06-05,Active,100000.0
CARD_0697,ACC_0242,xxxx-xxxx-xxxx-5268,Debit,Mastercard,2029-12-07,Active,100000.0
CARD_0698,ACC_0248,xxxx-xxxx-xxxx-2232,Credit,Visa,2030-01-05,Active,100000.0
CARD_0699,ACC_0602,xxxx-xxxx-xxxx-1772,Debit,Visa,2030-03-29,Active,100000.0
CARD_0700,ACC_1025,xxxx-xxxx-xxxx-8231,Credit,Amex,2029-09-24,Active,100000.0
CARD_0701,ACC_0767,xxxx-xxxx-xxxx-7816,Debit,RuPay,2029-01-14,Active,100000.0
CARD_0702,ACC_0992,xxxx-xxxx-xxxx-2351,Debit,Mastercard,2030-03-28,Active,100000.0
CARD_0703,ACC_0020,xxxx-xxxx-xxxx-4800,Debit,RuPay,2026-12-17,Active,100000.0
CARD_0704,ACC_0059,xxxx-xxxx-xxxx-3616,Debit,Visa,2029-04-23,Active,100000.0
CARD_0705,ACC_0281,xxxx-xxxx-xxxx-7768,Credit,Mastercard,2029-12-24,Active,100000.0
CARD_0706,ACC_0020,xxxx-xxxx-xxxx-3667,Debit,Amex,2026-06-26,Active,100000.0
CARD_0707,ACC_0930,xxxx-xxxx-xxxx-5640,Debit,Mastercard,2028-01-14,Active,100000.0
CARD_0708,ACC_0480,xxxx-xxxx-xxxx-5532,Credit,Visa,2027-03-14,Active,100000.0
CARD_0709,ACC_0065,xxxx-xxxx-xxxx-8320,Debit,Mastercard,2028-03-12,Active,100000.0
CARD_0710,ACC_0572,xxxx-xxxx-xxxx-2892,Credit,Amex,2027-07-28,Active,100000.0
CARD_0711,ACC_1002,xxxx-xxxx-xxxx-2571,Debit,Visa,2030-02-18,Active,100000.0
CARD_0712,ACC_0831,xxxx-xxxx-xxxx-4289,Debit,Amex,2028-10-06,Active,100000.0
CARD_0713,ACC_0837,xxxx-xxxx-xxxx-8460,Debit,Visa,2028-07-27,Active,100000.0
CARD_0714,ACC_0173,xxxx-xxxx-xxxx-6511,Credit,Mastercard,2027-03-06,Active,100000.0
CARD_0715,ACC_0116,xxxx-xxxx-xxxx-3970,Credit,Visa,2027-01-19,Active,100000.0
CARD_0716,ACC_0977,xxxx-xxxx-xxxx-5342,Debit,Visa,2028-06-30,Active,100000.0
CARD_0717,ACC_0784,xxxx-xxxx-xxxx-7382,Credit,Amex,2028-11-08,Active,100000.0
CARD_0718,ACC_0532,xxxx-xxxx-xxxx-2931,Debit,Mastercard,2030-06-14,Active,100000.0
CARD_0719,ACC_0911,xxxx-xxxx-xxxx-6114,Credit,Visa,2027-03-17,Active,100000.0
CARD_0720,ACC_0456,xxxx-xxxx-xxxx-5456,Debit,RuPay,2028-04-03,Active,100000.0
CARD_0721,ACC_0971,xxxx-xxxx-xxxx-6331,Debit,Amex,2026-10-07,Active,100000.0
CARD_0722,ACC_1050,xxxx-xxxx-xxxx-5037,Debit,Visa,2030-06-15,Active,100000.0
CARD_0723,ACC_0306,xxxx-xxxx-xxxx-4666,Debit,Visa,2028-03-12,Active,100000.0
CARD_0724,ACC_0433,xxxx-xxxx-xxxx-2223,Debit,Visa,2027-02-11,Active,100000.0
CARD_0725,ACC_1074,xxxx-xxxx-xxxx-7222,Credit,Amex,2026-10-04,Active,100000.0
CARD_0726,ACC_0476,xxxx-xxxx-xxxx-2841,Credit,Visa,2027-07-01,Active,100000.0
CARD_0727,ACC_0708,xxxx-xxxx-xxxx-6160,Credit,Visa,2029-04-15,Active,100000.0
CARD_0728,ACC_0353,xxxx-xxxx-xxxx-2663,Credit,Amex,2028-01-15,Active,100000.0
CARD_0729,ACC_0892,xxxx-xxxx-xxxx-8395,Debit,Visa,2030-05-21,Active,100000.0
CARD_0730,ACC_1099,xxxx-xxxx-xxxx-5385,Debit,Mastercard,2029-11-06,Active,100000.0
CARD_0731,ACC_0551,xxxx-xxxx-xxxx-6469,Debit,RuPay,2028-09-12,Active,100000.0
CARD_0732,ACC_0046,xxxx-xxxx-xxxx-5691,Debit,Amex,2029-03-18,Active,100000.0
CARD_0733,ACC_0971,xxxx-xxxx-xxxx-2373,Debit,Visa,2027-04-08,Active,100000.0
CARD_0734,ACC_0247,xxxx-xxxx-xxxx-8665,Credit,Visa,2028-12-21,Active,100000.0
CARD_0735,ACC_1177,xxxx-xxxx-xxxx-3759,Credit,Amex,2029-05-23,Active,100000.0
CARD_0736,ACC_0998,xxxx-xxxx-xxxx-4796,Credit,RuPay,2026-11-06,Active,100000.0
CARD_0737,ACC_0934,xxxx-xxxx-xxxx-8787,Credit,Visa,2026-06-29,Active,100000.0
CARD_0738,ACC_0699,xxxx-xxxx-xxxx-9102,Credit,Visa,2029-07-21,Active,100000.0
CARD_0739,ACC_1079,xxxx-xxxx-xxxx-8625,Debit,Amex,2026-08-29,Active,100000.0
CARD_0740,ACC_0795,xxxx-xxxx-xxxx-3954,Credit,Amex,2030-05-03,Active,100000.0
CARD_0741,ACC_0323,xxxx-xxxx-xxxx-5740,Debit,Mastercard,2028-09-30,Active,100000.0
CARD_0742,ACC_0326,xxxx-xxxx-xxxx-4654,Debit,Mastercard,2027-06-28,Active,100000.0
CARD_0743,ACC_0787,xxxx-xxxx-xxxx-7535,Debit,Mastercard,2029-03-02,Active,100000.0
CARD_0744,ACC_0984,xxxx-xxxx-xxxx-3376,Credit,RuPay,2029-03-26,Active,100000.0
CARD_0745,ACC_0396,xxxx-xxxx-xxxx-5237,Credit,RuPay,2030-03-09,Active,100000.0
CARD_0746,ACC_0973,xxxx-xxxx-xxxx-9731,Credit,Amex,2029-07-06,Active,100000.0
CARD_0747,ACC_0074,xxxx-xxxx-xxxx-7344,Debit,Amex,2028-10-03,Active,100000.0
CARD_0748,ACC_0128,xxxx-xxxx-xxxx-5549,Debit,Amex,2029-10-24,Active,100000.0
CARD_0749,ACC_0723,xxxx-xxxx-xxxx-9914,Debit,RuPay,2030-04-14,Active,100000.0
CARD_0750,ACC_0227,xxxx-xxxx-xxxx-8551,Credit,Amex,2029-10-08,Active,100000.0
CARD_0751,ACC_1151,xxxx-xxxx-xxxx-6519,Debit,RuPay,2029-09-29,Active,100000.0
CARD_0752,ACC_0630,xxxx-xxxx-xxxx-4482,Debit,Visa,2026-12-11,Active,100000.0
CARD_0753,ACC_0390,xxxx-xxxx-xxxx-4218,Debit,RuPay,2029-03-29,Active,100000.0
CARD_0754,ACC_0902,xxxx-xxxx-xxxx-1703,Credit,Visa,2028-07-11,Active,100000.0
CARD_0755,ACC_1188,xxxx-xxxx-xxxx-1427,Debit,Mastercard,2027-06-02,Active,100000.0
CARD_0756,ACC_0550,xxxx-xxxx-xxxx-3155,Credit,Mastercard,2029-04-10,Active,100000.0
CARD_0757,ACC_0977,xxxx-xxxx-xxxx-4820,Debit,Amex,2028-11-09,Active,100000.0
CARD_0758,ACC_0710,xxxx-xxxx-xxxx-7601,Credit,Visa,2028-06-21,Active,100000.0
CARD_0759,ACC_0354,xxxx-xxxx-xxxx-9066,Credit,Mastercard,2030-02-01,Active,100000.0
CARD_0760,ACC_0232,xxxx-xxxx-xxxx-1342,Debit,RuPay,2026-11-19,Active,100000.0
CARD_0761,ACC_0260,xxxx-xxxx-xxxx-7600,Debit,Visa,2027-12-26,Active,100000.0
CARD_0762,ACC_0841,xxxx-xxxx-xxxx-6872,Debit,Mastercard,2029-11-22,Active,100000.0
CARD_0763,ACC_0677,xxxx-xxxx-xxxx-7678,Debit,Amex,2029-01-05,Active,100000.0
CARD_0764,ACC_0587,xxxx-xxxx-xxxx-2974,Debit,Mastercard,2026-11-22,Active,100000.0
CARD_0765,ACC_0389,xxxx-xxxx-xxxx-2723,Debit,Visa,2029-01-25,Active,100000.0
CARD_0766,ACC_0977,xxxx-xxxx-xxxx-3374,Debit,Mastercard,2026-12-02,Active,100000.0
CARD_0767,ACC_0752,xxxx-xxxx-xxxx-3970,Credit,RuPay,2027-06-05,Active,100000.0
CARD_0768,ACC_0966,xxxx-xxxx-xxxx-4255,Debit,RuPay,2029-12-20,Active,100000.0
CARD_0769,ACC_0229,xxxx-xxxx-xxxx-4821,Credit,RuPay,2029-01-06,Active,100000.0
CARD_0770,ACC_0948,xxxx-xxxx-xxxx-1380,Credit,Mastercard,2028-08-20,Active,100000.0
CARD_0771,ACC_1191,xxxx-xxxx-xxxx-7468,Debit,Amex,2029-08-03,Active,100000.0
CARD_0772,ACC_0084,xxxx-xxxx-xxxx-6379,Debit,Amex,2029-10-05,Active,100000.0
CARD_0773,ACC_0450,xxxx-xxxx-xxxx-8719,Debit,Visa,2030-01-17,Active,100000.0
CARD_0774,ACC_1058,xxxx-xxxx-xxxx-3690,Debit,Mastercard,2030-07-04,Active,100000.0
CARD_0775,ACC_0407,xxxx-xxxx-xxxx-8553,Debit,Mastercard,2026-08-25,Active,100000.0
CARD_0776,ACC_0699,xxxx-xxxx-xxxx-8944,Credit,RuPay,2029-10-31,Active,100000.0
CARD_0777,ACC_0009,xxxx-xxxx-xxxx-4099,Debit,RuPay,2029-09-06,Active,100000.0
CARD_0778,ACC_0084,xxxx-xxxx-xxxx-9118,Debit,Mastercard,2029-11-17,Active,100000.0
CARD_0779,ACC_0841,xxxx-xxxx-xxxx-4240,Debit,Mastercard,2028-09-18,Active,100000.0
CARD_0780,ACC_0174,xxxx-xxxx-xxxx-9113,Credit,Amex,2030-03-18,Active,100000.0
CARD_0781,ACC_0359,xxxx-xxxx-xxxx-9286,Debit,Visa,2029-12-11,Active,100000.0
CARD_0782,ACC_0546,xxxx-xxxx-xxxx-3123,Debit,Mastercard,2029-09-21,Active,100000.0
CARD_0783,ACC_0909,xxxx-xxxx-xxxx-8979,Credit,Amex,2029-12-24,Active,100000.0
CARD_0784,ACC_0235,xxxx-xxxx-xxxx-8948,Debit,Visa,2026-10-31,Active,100000.0
CARD_0785,ACC_0992,xxxx-xxxx-xxxx-5881,Debit,Amex,2026-11-13,Active,100000.0
CARD_0786,ACC_0495,xxxx-xxxx-xxxx-6716,Debit,RuPay,2029-01-08,Active,100000.0
CARD_0787,ACC_0285,xxxx-xxxx-xxxx-9582,Debit,Mastercard,2029-07-21,Active,100000.0
CARD_0788,ACC_0226,xxxx-xxxx-xxxx-1511,Debit,Amex,2030-01-07,Active,100000.0
CARD_0789,ACC_0306,xxxx-xxxx-xxxx-5138,Debit,Visa,2030-01-06,Active,100000.0
CARD_0790,ACC_1168,xxxx-xxxx-xxxx-3133,Debit,RuPay,2026-07-16,Active,100000.0
CARD_0791,ACC_0149,xxxx-xxxx-xxxx-4703,Debit,Amex,2027-08-08,Active,100000.0
CARD_0792,ACC_1175,xxxx-xxxx-xxxx-5903,Debit,Visa,2029-02-12,Active,100000.0
CARD_0793,ACC_0780,xxxx-xxxx-xxxx-9135,Credit,Mastercard,2028-01-12,Active,100000.0
CARD_0794,ACC_0125,xxxx-xxxx-xxxx-5785,Debit,RuPay,2029-10-14,Active,100000.0
CARD_0795,ACC_0427,xxxx-xxxx-xxxx-2492,Debit,RuPay,2028-10-17,Active,100000.0
CARD_0796,ACC_0721,xxxx-xxxx-xxxx-9204,Debit,Amex,2028-06-06,Active,100000.0
CARD_0797,ACC_0360,xxxx-xxxx-xxxx-2976,Debit,Amex,2028-03-10,Active,100000.0
CARD_0798,ACC_1097,xxxx-xxxx-xxxx-4829,Debit,RuPay,2028-10-12,Active,100000.0
CARD_0799,ACC_0572,xxxx-xxxx-xxxx-2604,Credit,RuPay,2028-04-12,Active,100000.0
CARD_0800,ACC_0940,xxxx-xxxx-xxxx-1233,Debit,Mastercard,2029-09-24,Active,100000.0
CARD_0801,ACC_0002,xxxx-xxxx-xxxx-2852,Debit,RuPay,2029-04-01,Active,100000.0
CARD_0802,ACC_0010,xxxx-xxxx-xxxx-7567,Credit,Mastercard,2030-04-22,Active,100000.0
CARD_0803,ACC_0287,xxxx-xxxx-xxxx-2115,Credit,Visa,2030-02-05,Active,100000.0
CARD_0804,ACC_1194,xxxx-xxxx-xxxx-2949,Credit,Visa,2029-07-07,Active,100000.0
CARD_0805,ACC_1187,xxxx-xxxx-xxxx-8608,Credit,Amex,2027-03-01,Active,100000.0
CARD_0806,ACC_0794,xxxx-xxxx-xxxx-3753,Credit,Amex,2026-09-16,Active,100000.0
CARD_0807,ACC_0360,xxxx-xxxx-xxxx-2536,Debit,RuPay,2028-03-28,Active,100000.0
CARD_0808,ACC_0360,xxxx-xxxx-xxxx-8347,Debit,Mastercard,2026-12-03,Active,100000.0
CARD_0809,ACC_1030,xxxx-xxxx-xxxx-8039,Debit,Visa,2029-05-30,Active,100000.0
CARD_0810,ACC_0231,xxxx-xxxx-xxxx-8415,Credit,Visa,2027-05-24,Active,100000.0
CARD_0811,ACC_0030,xxxx-xxxx-xxxx-6480,Credit,RuPay,2028-06-13,Active,100000.0
CARD_0812,ACC_1098,xxxx-xxxx-xxxx-7479,Credit,Mastercard,2030-01-24,Active,100000.0
CARD_0813,ACC_0349,xxxx-xxxx-xxxx-3762,Debit,Visa,2028-10-25,Active,100000.0
CARD_0814,ACC_0207,xxxx-xxxx-xxxx-9765,Debit,Mastercard,2026-09-05,Active,100000.0
CARD_0815,ACC_1146,xxxx-xxxx-xxxx-1697,Debit,Mastercard,2030-05-24,Active,100000.0
CARD_0816,ACC_0749,xxxx-xxxx-xxxx-4457,Credit,Visa,2026-08-23,Active,100000.0
CARD_0817,ACC_0585,xxxx-xxxx-xxxx-5400,Credit,Mastercard,2028-12-10,Active,100000.0
CARD_0818,ACC_0178,xxxx-xxxx-xxxx-6290,Debit,RuPay,2026-08-15,Active,100000.0
CARD_0819,ACC_0564,xxxx-xxxx-xxxx-7043,Debit,Visa,2028-01-03,Active,100000.0
CARD_0820,ACC_0136,xxxx-xxxx-xxxx-9748,Debit,Mastercard,2029-03-13,Active,100000.0
CARD_0821,ACC_0406,xxxx-xxxx-xxxx-3062,Debit,Visa,2030-03-23,Active,100000.0
CARD_0822,ACC_1038,xxxx-xxxx-xxxx-2890,Credit,Visa,2029-02-28,Active,100000.0
CARD_0823,ACC_0356,xxxx-xxxx-xxxx-4423,Credit,Amex,2028-11-19,Active,100000.0
CARD_0824,ACC_0380,xxxx-xxxx-xxxx-5771,Credit,RuPay,2027-01-27,Active,100000.0
CARD_0825,ACC_0058,xxxx-xxxx-xxxx-4460,Debit,Mastercard,2027-06-12,Active,100000.0
CARD_0826,ACC_0785,xxxx-xxxx-xxxx-3524,Debit,Visa,2030-06-21,Active,100000.0
CARD_0827,ACC_0149,xxxx-xxxx-xxxx-5676,Debit,Amex,2027-10-17,Active,100000.0
CARD_0828,ACC_0448,xxxx-xxxx-xxxx-4285,Debit,Amex,2027-10-14,Active,100000.0
CARD_0829,ACC_0210,xxxx-xxxx-xxxx-6374,Debit,Amex,2029-12-28,Active,100000.0
CARD_0830,ACC_0636,xxxx-xxxx-xxxx-6465,Debit,Visa,2029-06-20,Active,100000.0
CARD_0831,ACC_1077,xxxx-xxxx-xxxx-7419,Debit,Amex,2027-12-15,Active,100000.0
CARD_0832,ACC_0047,xxxx-xxxx-xxxx-5007,Debit,RuPay,2027-10-07,Active,100000.0
CARD_0833,ACC_0337,xxxx-xxxx-xxxx-1000,Debit,Visa,2029-03-17,Active,100000.0
CARD_0834,ACC_0681,xxxx-xxxx-xxxx-8901,Debit,Mastercard,2028-04-13,Active,100000.0
CARD_0835,ACC_1111,xxxx-xxxx-xxxx-5563,Credit,RuPay,2029-05-28,Active,100000.0
CARD_0836,ACC_1031,xxxx-xxxx-xxxx-4905,Credit,Visa,2029-04-18,Active,100000.0
CARD_0837,ACC_0840,xxxx-xxxx-xxxx-2369,Credit,Amex,2029-11-03,Active,100000.0
CARD_0838,ACC_0335,xxxx-xxxx-xxxx-3204,Credit,Visa,2027-05-20,Active,100000.0
CARD_0839,ACC_1034,xxxx-xxxx-xxxx-1959,Credit,Visa,2030-06-25,Active,100000.0
CARD_0840,ACC_0142,xxxx-xxxx-xxxx-3814,Debit,RuPay,2028-02-01,Active,100000.0
CARD_0841,ACC_1071,xxxx-xxxx-xxxx-2798,Debit,Mastercard,2027-12-31,Active,100000.0
CARD_0842,ACC_0571,xxxx-xxxx-xxxx-5777,Debit,Visa,2028-12-28,Active,100000.0
CARD_0843,ACC_1152,xxxx-xxxx-xxxx-5526,Debit,Mastercard,2028-08-28,Active,100000.0
CARD_0844,ACC_0778,xxxx-xxxx-xxxx-2431,Debit,Amex,2028-07-04,Active,100000.0
CARD_0845,ACC_0046,xxxx-xxxx-xxxx-9494,Debit,Mastercard,2027-07-18,Active,100000.0
CARD_0846,ACC_0742,xxxx-xxxx-xxxx-8084,Credit,Visa,2030-03-26,Active,100000.0
CARD_0847,ACC_0564,xxxx-xxxx-xxxx-2565,Debit,Amex,2029-05-27,Active,100000.0
CARD_0848,ACC_1009,xxxx-xxxx-xxxx-9848,Debit,RuPay,2028-12-06,Active,100000.0
CARD_0849,ACC_0620,xxxx-xxxx-xxxx-7938,Credit,Mastercard,2030-02-08,Active,100000.0
CARD_0850,ACC_1129,xxxx-xxxx-xxxx-8496,Debit,RuPay,2027-11-11,Active,100000.0
CARD_0851,ACC_0475,xxxx-xxxx-xxxx-9833,Debit,Visa,2028-05-21,Active,100000.0
CARD_0852,ACC_0518,xxxx-xxxx-xxxx-3044,Credit,Mastercard,2030-01-26,Active,100000.0
CARD_0853,ACC_0038,xxxx-xxxx-xxxx-1594,Debit,Mastercard,2030-03-22,Active,100000.0
CARD_0854,ACC_0473,xxxx-xxxx-xxxx-1400,Credit,Mastercard,2026-12-23,Active,100000.0
CARD_0855,ACC_0501,xxxx-xxxx-xxxx-9139,Debit,RuPay,2029-06-18,Active,100000.0
CARD_0856,ACC_0971,xxxx-xxxx-xxxx-6692,Debit,RuPay,2027-09-30,Active,100000.0
CARD_0857,ACC_0563,xxxx-xxxx-xxxx-5498,Credit,Amex,2029-08-22,Active,100000.0
CARD_0858,ACC_0591,xxxx-xxxx-xxxx-9644,Debit,RuPay,2027-05-10,Active,100000.0
CARD_0859,ACC_0044,xxxx-xxxx-xxxx-8881,Debit,RuPay,2030-05-04,Active,100000.0
CARD_0860,ACC_0861,xxxx-xxxx-xxxx-5997,Debit,RuPay,2028-04-15,Active,100000.0
CARD_0861,ACC_0572,xxxx-xxxx-xxxx-8153,Credit,Visa,2029-09-26,Active,100000.0
CARD_0862,ACC_0839,xxxx-xxxx-xxxx-3158,Debit,RuPay,2027-01-28,Active,100000.0
CARD_0863,ACC_1075,xxxx-xxxx-xxxx-9776,Debit,RuPay,2027-07-11,Active,100000.0
CARD_0864,ACC_0630,xxxx-xxxx-xxxx-9288,Debit,Mastercard,2027-06-21,Active,100000.0
CARD_0865,ACC_0263,xxxx-xxxx-xxxx-5724,Debit,Mastercard,2028-09-16,Active,100000.0
CARD_0866,ACC_0187,xxxx-xxxx-xxxx-8950,Credit,RuPay,2028-04-22,Active,100000.0
CARD_0867,ACC_0837,xxxx-xxxx-xxxx-2154,Debit,Visa,2029-10-15,Active,100000.0
CARD_0868,ACC_0042,xxxx-xxxx-xxxx-8410,Debit,Visa,2029-07-10,Active,100000.0
CARD_0869,ACC_0834,xxxx-xxxx-xxxx-1406,Debit,Mastercard,2029-06-22,Active,100000.0
CARD_0870,ACC_0768,xxxx-xxxx-xxxx-2067,Debit,RuPay,2028-03-20,Active,100000.0
CARD_0871,ACC_0074,xxxx-xxxx-xxxx-2731,Debit,Visa,2029-12-16,Active,100000.0
CARD_0872,ACC_0253,xxxx-xxxx-xxxx-8260,Debit,RuPay,2030-06-12,Active,100000.0
CARD_0873,ACC_0002,xxxx-xxxx-xxxx-1194,Debit,RuPay,2027-07-04,Active,100000.0
CARD_0874,ACC_0677,xxxx-xxxx-xxxx-9308,Debit,Visa,2026-08-15,Active,100000.0
CARD_0875,ACC_1151,xxxx-xxxx-xxxx-2514,Debit,Visa,2027-02-22,Active,100000.0
CARD_0876,ACC_0179,xxxx-xxxx-xxxx-7876,Credit,Mastercard,2029-08-16,Active,100000.0
CARD_0877,ACC_0868,xxxx-xxxx-xxxx-5518,Credit,RuPay,2027-06-20,Active,100000.0
CARD_0878,ACC_0628,xxxx-xxxx-xxxx-4450,Credit,RuPay,2026-10-02,Active,100000.0
CARD_0879,ACC_0830,xxxx-xxxx-xxxx-8418,Credit,Amex,2028-10-11,Active,100000.0
CARD_0880,ACC_0526,xxxx-xxxx-xxxx-3414,Debit,Visa,2027-04-18,Active,100000.0
CARD_0881,ACC_0502,xxxx-xxxx-xxxx-3118,Credit,Amex,2028-01-06,Active,100000.0
CARD_0882,ACC_1068,xxxx-xxxx-xxxx-7884,Debit,Visa,2026-08-16,Active,100000.0
CARD_0883,ACC_0033,xxxx-xxxx-xxxx-4435,Debit,RuPay,2029-08-26,Active,100000.0
CARD_0884,ACC_0856,xxxx-xxxx-xxxx-5569,Credit,RuPay,2026-07-31,Active,100000.0
CARD_0885,ACC_0590,xxxx-xxxx-xxxx-5615,Debit,RuPay,2028-05-25,Active,100000.0
CARD_0886,ACC_0164,xxxx-xxxx-xxxx-1806,Debit,Mastercard,2028-07-24,Active,100000.0
CARD_0887,ACC_0867,xxxx-xxxx-xxxx-6585,Debit,Amex,2030-06-16,Active,100000.0
CARD_0888,ACC_1181,xxxx-xxxx-xxxx-5130,Debit,Amex,2027-02-05,Active,100000.0
CARD_0889,ACC_0405,xxxx-xxxx-xxxx-8662,Debit,RuPay,2029-09-29,Active,100000.0
CARD_0890,ACC_1126,xxxx-xxxx-xxxx-6915,Debit,RuPay,2030-03-26,Active,100000.0
CARD_0891,ACC_0351,xxxx-xxxx-xxxx-6300,Credit,RuPay,2029-12-02,Active,100000.0
CARD_0892,ACC_1096,xxxx-xxxx-xxxx-7711,Debit,Visa,2028-12-04,Active,100000.0
CARD_0893,ACC_0804,xxxx-xxxx-xxxx-1146,Debit,Mastercard,2028-09-15,Active,100000.0
CARD_0894,ACC_0466,xxxx-xxxx-xxxx-4857,Debit,Mastercard,2029-08-20,Active,100000.0
CARD_0895,ACC_1165,xxxx-xxxx-xxxx-2075,Debit,Mastercard,2028-10-12,Active,100000.0
CARD_0896,ACC_1167,xxxx-xxxx-xxxx-4309,Debit,Visa,2028-10-25,Active,100000.0
CARD_0897,ACC_0630,xxxx-xxxx-xxxx-7896,Debit,Visa,2028-11-10,Active,100000.0
CARD_0898,ACC_0388,xxxx-xxxx-xxxx-9631,Credit,RuPay,2030-04-11,Active,100000.0
CARD_0899,ACC_0687,xxxx-xxxx-xxxx-6659,Debit,Visa,2029-07-30,Active,100000.0
CARD_0900,ACC_0970,xxxx-xxxx-xxxx-6954,Debit,RuPay,2028-04-04,Active,100000.0
CARD_0901,ACC_0498,xxxx-xxxx-xxxx-7198,Credit,Amex,2027-05-26,Active,100000.0
CARD_0902,ACC_0985,xxxx-xxxx-xxxx-5874,Debit,Mastercard,2028-12-30,Active,100000.0
CARD_0903,ACC_0023,xxxx-xxxx-xxxx-4784,Credit,Mastercard,2030-02-17,Active,100000.0
CARD_0904,ACC_0608,xxxx-xxxx-xxxx-8232,Debit,RuPay,2026-07-22,Active,100000.0
CARD_0905,ACC_0866,xxxx-xxxx-xxxx-7477,Credit,RuPay,2026-12-28,Active,100000.0
CARD_0906,ACC_1108,xxxx-xxxx-xxxx-7424,Debit,Mastercard,2027-08-18,Active,100000.0
CARD_0907,ACC_0869,xxxx-xxxx-xxxx-2098,Credit,Amex,2027-11-22,Active,100000.0
CARD_0908,ACC_1198,xxxx-xxxx-xxxx-2071,Credit,Visa,2027-04-11,Active,100000.0
CARD_0909,ACC_1020,xxxx-xxxx-xxxx-9378,Debit,Visa,2026-08-17,Active,100000.0
CARD_0910,ACC_0672,xxxx-xxxx-xxxx-9469,Debit,Mastercard,2027-07-10,Active,100000.0
CARD_0911,ACC_0529,xxxx-xxxx-xxxx-3959,Debit,Mastercard,2028-09-16,Active,100000.0
CARD_0912,ACC_0495,xxxx-xxxx-xxxx-4155,Debit,RuPay,2027-06-28,Active,100000.0
CARD_0913,ACC_0408,xxxx-xxxx-xxxx-3032,Credit,Mastercard,2028-07-19,Active,100000.0
CARD_0914,ACC_0041,xxxx-xxxx-xxxx-9118,Credit,Amex,2029-08-20,Active,100000.0
CARD_0915,ACC_0489,xxxx-xxxx-xxxx-2898,Debit,Visa,2028-11-23,Active,100000.0
CARD_0916,ACC_0616,xxxx-xxxx-xxxx-4548,Debit,Visa,2029-10-01,Active,100000.0
CARD_0917,ACC_0252,xxxx-xxxx-xxxx-2244,Debit,RuPay,2029-07-02,Active,100000.0
CARD_0918,ACC_0852,xxxx-xxxx-xxxx-4909,Debit,Amex,2027-09-03,Active,100000.0
CARD_0919,ACC_0366,xxxx-xxxx-xxxx-5630,Credit,Visa,2030-01-30,Active,100000.0
CARD_0920,ACC_0277,xxxx-xxxx-xxxx-9215,Credit,Amex,2029-10-09,Active,100000.0
CARD_0921,ACC_0336,xxxx-xxxx-xxxx-6443,Credit,Visa,2027-11-29,Active,100000.0
CARD_0922,ACC_0729,xxxx-xxxx-xxxx-7611,Debit,Mastercard,2027-12-13,Active,100000.0
CARD_0923,ACC_0945,xxxx-xxxx-xxxx-8114,Credit,Visa,2028-03-11,Active,100000.0
CARD_0924,ACC_0707,xxxx-xxxx-xxxx-8362,Debit,Visa,2030-03-06,Active,100000.0
CARD_0925,ACC_0448,xxxx-xxxx-xxxx-5969,Debit,Amex,2030-06-27,Active,100000.0
CARD_0926,ACC_0495,xxxx-xxxx-xxxx-2520,Debit,Visa,2029-03-29,Active,100000.0
CARD_0927,ACC_0332,xxxx-xxxx-xxxx-7119,Credit,RuPay,2026-09-15,Active,100000.0
CARD_0928,ACC_0280,xxxx-xxxx-xxxx-8557,Credit,Mastercard,2028-09-27,Active,100000.0
CARD_0929,ACC_0926,xxxx-xxxx-xxxx-2806,Debit,RuPay,2027-08-22,Active,100000.0
CARD_0930,ACC_0329,xxxx-xxxx-xxxx-9222,Debit,RuPay,2028-04-08,Active,100000.0
CARD_0931,ACC_0622,xxxx-xxxx-xxxx-3384,Debit,Visa,2030-05-16,Active,100000.0
CARD_0932,ACC_0024,xxxx-xxxx-xxxx-4293,Debit,RuPay,2029-10-16,Active,100000.0
CARD_0933,ACC_0589,xxxx-xxxx-xxxx-9626,Debit,RuPay,2027-06-29,Active,100000.0
CARD_0934,ACC_0467,xxxx-xxxx-xxxx-1883,Credit,Mastercard,2028-07-09,Active,100000.0
CARD_0935,ACC_0705,xxxx-xxxx-xxxx-9899,Debit,Mastercard,2027-12-19,Active,100000.0
CARD_0936,ACC_0083,xxxx-xxxx-xxxx-2484,Credit,RuPay,2028-08-06,Active,100000.0
CARD_0937,ACC_0172,xxxx-xxxx-xxxx-5697,Debit,Visa,2027-09-24,Active,100000.0
CARD_0938,ACC_1130,xxxx-xxxx-xxxx-7072,Debit,Amex,2028-04-04,Active,100000.0
CARD_0939,ACC_0031,xxxx-xxxx-xxxx-1470,Debit,Visa,2030-01-14,Active,100000.0
CARD_0940,ACC_0142,xxxx-xxxx-xxxx-8811,Debit,Visa,2028-12-01,Active,100000.0
CARD_0941,ACC_0929,xxxx-xxxx-xxxx-8132,Debit,RuPay,2027-11-09,Active,100000.0
CARD_0942,ACC_0546,xxxx-xxxx-xxxx-6393,Debit,Visa,2028-02-28,Active,100000.0
CARD_0943,ACC_0341,xxxx-xxxx-xxxx-8151,Debit,Visa,2030-03-30,Active,100000.0
CARD_0944,ACC_0872,xxxx-xxxx-xxxx-1958,Debit,Amex,2027-10-30,Active,100000.0
CARD_0945,ACC_0321,xxxx-xxxx-xxxx-9067,Debit,RuPay,2030-01-24,Active,100000.0
CARD_0946,ACC_0200,xxxx-xxxx-xxxx-6357,Credit,Mastercard,2029-01-30,Active,100000.0
CARD_0947,ACC_0234,xxxx-xxxx-xxxx-2695,Credit,Mastercard,2026-07-23,Active,100000.0
CARD_0948,ACC_0726,xxxx-xxxx-xxxx-2019,Credit,RuPay,2028-04-28,Active,100000.0
CARD_0949,ACC_0069,xxxx-xxxx-xxxx-5863,Debit,Visa,2027-06-19,Active,100000.0
CARD_0950,ACC_0512,xxxx-xxxx-xxxx-1489,Debit,Mastercard,2030-01-15,Active,100000.0
CARD_0951,ACC_0939,xxxx-xxxx-xxxx-9637,Credit,Amex,2030-06-17,Active,100000.0
CARD_0952,ACC_0859,xxxx-xxxx-xxxx-8097,Credit,RuPay,2028-11-30,Active,100000.0
CARD_0953,ACC_0457,xxxx-xxxx-xxxx-8977,Debit,Mastercard,2026-10-18,Active,100000.0
CARD_0954,ACC_1073,xxxx-xxxx-xxxx-1214,Debit,Visa,2026-07-27,Active,100000.0
CARD_0955,ACC_1034,xxxx-xxxx-xxxx-2898,Credit,RuPay,2028-08-01,Active,100000.0
CARD_0956,ACC_0482,xxxx-xxxx-xxxx-4113,Credit,RuPay,2028-06-21,Active,100000.0
CARD_0957,ACC_0107,xxxx-xxxx-xxxx-5867,Debit,RuPay,2027-08-30,Active,100000.0
CARD_0958,ACC_0111,xxxx-xxxx-xxxx-6151,Credit,RuPay,2027-06-09,Active,100000.0
CARD_0959,ACC_0091,xxxx-xxxx-xxxx-9796,Debit,Visa,2027-10-22,Active,100000.0
CARD_0960,ACC_1056,xxxx-xxxx-xxxx-5191,Credit,Amex,2029-10-26,Active,100000.0
CARD_0961,ACC_0522,xxxx-xxxx-xxxx-6011,Credit,RuPay,2028-09-11,Active,100000.0
CARD_0962,ACC_0818,xxxx-xxxx-xxxx-6016,Credit,Mastercard,2028-04-06,Active,100000.0
CARD_0963,ACC_0659,xxxx-xxxx-xxxx-5466,Debit,Visa,2028-10-16,Active,100000.0
CARD_0964,ACC_0420,xxxx-xxxx-xxxx-7507,Credit,Mastercard,2026-12-06,Active,100000.0
CARD_0965,ACC_0823,xxxx-xxxx-xxxx-5491,Debit,Visa,2029-08-03,Active,100000.0
CARD_0966,ACC_0081,xxxx-xxxx-xxxx-1632,Debit,RuPay,2028-02-01,Active,100000.0
CARD_0967,ACC_1148,xxxx-xxxx-xxxx-2052,Credit,RuPay,2028-10-12,Active,100000.0
CARD_0968,ACC_0569,xxxx-xxxx-xxxx-5396,Credit,Mastercard,2027-09-06,Active,100000.0
CARD_0969,ACC_0572,xxxx-xxxx-xxxx-8791,Credit,Visa,2026-10-02,Active,100000.0
CARD_0970,ACC_0780,xxxx-xxxx-xxxx-4349,Credit,RuPay,2030-04-16,Active,100000.0
CARD_0971,ACC_0302,xxxx-xxxx-xxxx-3050,Debit,Mastercard,2026-12-30,Active,100000.0
CARD_0972,ACC_0494,xxxx-xxxx-xxxx-5048,Debit,Mastercard,2026-11-14,Active,100000.0
CARD_0973,ACC_1001,xxxx-xxxx-xxxx-7218,Debit,Visa,2026-08-23,Active,100000.0
CARD_0974,ACC_0814,xxxx-xxxx-xxxx-5521,Debit,Visa,2027-06-24,Active,100000.0
CARD_0975,ACC_0955,xxxx-xxxx-xxxx-6952,Debit,RuPay,2027-01-03,Active,100000.0
CARD_0976,ACC_1052,xxxx-xxxx-xxxx-7588,Debit,Mastercard,2030-03-15,Active,100000.0
CARD_0977,ACC_0172,xxxx-xxxx-xxxx-8186,Debit,Mastercard,2029-12-18,Active,100000.0
CARD_0978,ACC_0788,xxxx-xxxx-xxxx-8744,Credit,Amex,2029-04-27,Active,100000.0
CARD_0979,ACC_0636,xxxx-xxxx-xxxx-3263,Debit,RuPay,2028-04-29,Active,100000.0
CARD_0980,ACC_0889,xxxx-xxxx-xxxx-3153,Debit,Visa,2027-09-08,Active,100000.0
CARD_0981,ACC_1063,xxxx-xxxx-xxxx-3845,Credit,Visa,2029-12-28,Active,100000.0
CARD_0982,ACC_0154,xxxx-xxxx-xxxx-2080,Debit,Amex,2026-10-09,Active,100000.0
CARD_0983,ACC_1008,xxxx-xxxx-xxxx-4785,Debit,Mastercard,2028-08-11,Active,100000.0
CARD_0984,ACC_0428,xxxx-xxxx-xxxx-9540,Debit,Amex,2028-06-05,Active,100000.0
CARD_0985,ACC_0188,xxxx-xxxx-xxxx-1896,Debit,RuPay,2028-04-13,Active,100000.0
CARD_0986,ACC_0503,xxxx-xxxx-xxxx-5351,Debit,Visa,2027-10-19,Active,100000.0
CARD_0987,ACC_0655,xxxx-xxxx-xxxx-6437,Debit,RuPay,2026-11-10,Active,100000.0
CARD_0988,ACC_0431,xxxx-xxxx-xxxx-1638,Debit,RuPay,2028-04-26,Active,100000.0
CARD_0989,ACC_0063,xxxx-xxxx-xxxx-8746,Credit,Visa,2028-11-11,Active,100000.0
CARD_0990,ACC_0809,xxxx-xxxx-xxxx-7808,Debit,Visa,2027-12-09,Active,100000.0
CARD_0991,ACC_0333,xxxx-xxxx-xxxx-5715,Credit,Visa,2030-03-18,Active,100000.0
CARD_0992,ACC_0568,xxxx-xxxx-xxxx-4511,Debit,Amex,2029-10-23,Active,100000.0
CARD_0993,ACC_0236,xxxx-xxxx-xxxx-4882,Credit,Amex,2028-07-22,Active,100000.0
CARD_0994,ACC_0314,xxxx-xxxx-xxxx-2188,Debit,Amex,2026-12-13,Active,100000.0
CARD_0995,ACC_0638,xxxx-xxxx-xxxx-1214,Debit,Visa,2030-04-01,Active,100000.0
CARD_0996,ACC_0207,xxxx-xxxx-xxxx-1089,Debit,Amex,2029-01-19,Active,100000.0
CARD_0997,ACC_0940,xxxx-xxxx-xxxx-8987,Debit,Visa,2030-05-01,Active,100000.0
CARD_0998,ACC_0608,xxxx-xxxx-xxxx-3111,Debit,Visa,2028-12-09,Active,100000.0
CARD_0999,ACC_0971,xxxx-xxxx-xxxx-8342,Debit,Mastercard,2028-03-02,Active,100000.0
CARD_1000,ACC_0171,xxxx-xxxx-xxxx-3599,Credit,RuPay,2029-07-04,Active,100000.0
CARD_1001,ACC_0663,xxxx-xxxx-xxxx-6937,Credit,Mastercard,2029-08-14,Active,100000.0
CARD_1002,ACC_0241,xxxx-xxxx-xxxx-8448,Debit,Amex,2028-11-18,Active,100000.0
CARD_1003,ACC_0464,xxxx-xxxx-xxxx-4519,Credit,Visa,2026-11-18,Active,100000.0
CARD_1004,ACC_0512,xxxx-xxxx-xxxx-4464,Debit,Mastercard,2027-04-29,Active,100000.0
CARD_1005,ACC_0517,xxxx-xxxx-xxxx-8846,Debit,Amex,2029-03-19,Active,100000.0
CARD_1006,ACC_0365,xxxx-xxxx-xxxx-4657,Debit,RuPay,2029-05-08,Active,100000.0
CARD_1007,ACC_1046,xxxx-xxxx-xxxx-7649,Debit,Amex,2028-03-05,Active,100000.0
CARD_1008,ACC_0062,xxxx-xxxx-xxxx-6357,Credit,Visa,2027-03-27,Active,100000.0
CARD_1009,ACC_0484,xxxx-xxxx-xxxx-7995,Debit,Amex,2027-02-19,Active,100000.0
CARD_1010,ACC_1076,xxxx-xxxx-xxxx-9973,Credit,RuPay,2028-05-26,Active,100000.0
CARD_1011,ACC_0934,xxxx-xxxx-xxxx-4591,Credit,Mastercard,2028-04-08,Active,100000.0
CARD_1012,ACC_1117,xxxx-xxxx-xxxx-6118,Credit,Mastercard,2028-01-14,Active,100000.0
CARD_1013,ACC_0788,xxxx-xxxx-xxxx-7715,Credit,RuPay,2030-06-30,Active,100000.0
CARD_1014,ACC_0913,xxxx-xxxx-xxxx-1888,Debit,Mastercard,2030-02-13,Active,100000.0
CARD_1015,ACC_0841,xxxx-xxxx-xxxx-8255,Debit,Visa,2029-06-15,Active,100000.0
CARD_1016,ACC_1023,xxxx-xxxx-xxxx-3663,Credit,Visa,2026-11-07,Active,100000.0
CARD_1017,ACC_1107,xxxx-xxxx-xxxx-6363,Credit,Visa,2026-10-04,Active,100000.0
CARD_1018,ACC_0652,xxxx-xxxx-xxxx-9869,Debit,Visa,2028-02-18,Active,100000.0
CARD_1019,ACC_0826,xxxx-xxxx-xxxx-6218,Debit,Visa,2028-03-04,Active,100000.0
CARD_1020,ACC_0914,xxxx-xxxx-xxxx-3726,Debit,Amex,2026-12-30,Active,100000.0
CARD_1021,ACC_1040,xxxx-xxxx-xxxx-9052,Credit,Mastercard,2026-06-27,Active,100000.0
CARD_1022,ACC_0117,xxxx-xxxx-xxxx-4692,Debit,Visa,2027-07-26,Active,100000.0
CARD_1023,ACC_1104,xxxx-xxxx-xxxx-3517,Credit,RuPay,2027-08-28,Active,100000.0
CARD_1024,ACC_0643,xxxx-xxxx-xxxx-8873,Credit,Visa,2029-10-02,Active,100000.0
CARD_1025,ACC_0307,xxxx-xxxx-xxxx-8989,Debit,Amex,2028-06-03,Active,100000.0
CARD_1026,ACC_0674,xxxx-xxxx-xxxx-3512,Credit,RuPay,2029-09-28,Active,100000.0
CARD_1027,ACC_0597,xxxx-xxxx-xxxx-6963,Debit,Amex,2027-01-02,Active,100000.0
CARD_1028,ACC_1161,xxxx-xxxx-xxxx-2118,Credit,Visa,2026-07-20,Active,100000.0
CARD_1029,ACC_0542,xxxx-xxxx-xxxx-3526,Debit,Visa,2027-01-11,Active,100000.0
CARD_1030,ACC_0024,xxxx-xxxx-xxxx-8275,Debit,Amex,2029-10-14,Active,100000.0
CARD_1031,ACC_0229,xxxx-xxxx-xxxx-9489,Credit,RuPay,2026-10-27,Active,100000.0
CARD_1032,ACC_1173,xxxx-xxxx-xxxx-5581,Credit,RuPay,2030-02-21,Active,100000.0
CARD_1033,ACC_0605,xxxx-xxxx-xxxx-7545,Credit,Mastercard,2030-01-24,Active,100000.0
CARD_1034,ACC_0327,xxxx-xxxx-xxxx-7840,Credit,RuPay,2028-08-25,Active,100000.0
CARD_1035,ACC_0252,xxxx-xxxx-xxxx-2236,Debit,Amex,2028-10-03,Active,100000.0
CARD_1036,ACC_0777,xxxx-xxxx-xxxx-3700,Credit,Amex,2028-06-16,Active,100000.0
CARD_1037,ACC_0292,xxxx-xxxx-xxxx-4219,Debit,Mastercard,2026-09-29,Active,100000.0
CARD_1038,ACC_0220,xxxx-xxxx-xxxx-7615,Debit,Visa,2029-11-20,Active,100000.0
CARD_1039,ACC_0760,xxxx-xxxx-xxxx-8281,Debit,RuPay,2027-03-12,Active,100000.0
CARD_1040,ACC_0116,xxxx-xxxx-xxxx-3805,Credit,Mastercard,2028-12-05,Active,100000.0
CARD_1041,ACC_0092,xxxx-xxxx-xxxx-8040,Credit,RuPay,2027-01-14,Active,100000.0
CARD_1042,ACC_0915,xxxx-xxxx-xxxx-2000,Credit,Visa,2027-07-07,Active,100000.0
CARD_1043,ACC_0008,xxxx-xxxx-xxxx-7161,Debit,Amex,2028-09-06,Active,100000.0
CARD_1044,ACC_1139,xxxx-xxxx-xxxx-5724,Debit,RuPay,2030-02-15,Active,100000.0
CARD_1045,ACC_0358,xxxx-xxxx-xxxx-1511,Debit,Mastercard,2028-12-06,Active,100000.0
CARD_1046,ACC_0654,xxxx-xxxx-xxxx-9846,Debit,Mastercard,2027-04-22,Active,100000.0
CARD_1047,ACC_0117,xxxx-xxxx-xxxx-6704,Debit,Amex,2027-03-24,Active,100000.0
CARD_1048,ACC_1175,xxxx-xxxx-xxxx-1397,Debit,Mastercard,2029-11-22,Active,100000.0
CARD_1049,ACC_0870,xxxx-xxxx-xxxx-6451,Credit,Mastercard,2029-12-03,Active,100000.0
CARD_1050,ACC_1011,xxxx-xxxx-xxxx-8262,Debit,Mastercard,2029-03-13,Active,100000.0
CARD_1051,ACC_0511,xxxx-xxxx-xxxx-4763,Debit,Visa,2029-02-05,Active,100000.0
CARD_1052,ACC_0030,xxxx-xxxx-xxxx-2965,Credit,Mastercard,2028-05-19,Active,100000.0
CARD_1053,ACC_0364,xxxx-xxxx-xxxx-9149,Credit,Visa,2027-05-14,Active,100000.0
CARD_1054,ACC_0907,xxxx-xxxx-xxxx-1235,Credit,Visa,2028-06-25,Active,100000.0
CARD_1055,ACC_0831,xxxx-xxxx-xxxx-1693,Debit,Visa,2028-12-29,Active,100000.0
CARD_1056,ACC_0465,xxxx-xxxx-xxxx-7905,Debit,Visa,2028-11-16,Active,100000.0
CARD_1057,ACC_0250,xxxx-xxxx-xxxx-1814,Debit,RuPay,2027-02-20,Active,100000.0
CARD_1058,ACC_0069,xxxx-xxxx-xxxx-8982,Debit,Mastercard,2030-01-30,Active,100000.0
CARD_1059,ACC_0194,xxxx-xxxx-xxxx-8300,Debit,Visa,2028-05-31,Active,100000.0
CARD_1060,ACC_0344,xxxx-xxxx-xxxx-4696,Credit,Amex,2026-09-29,Active,100000.0
CARD_1061,ACC_1173,xxxx-xxxx-xxxx-3892,Credit,Mastercard,2030-04-27,Active,100000.0
CARD_1062,ACC_0703,xxxx-xxxx-xxxx-4975,Debit,Amex,2028-02-13,Active,100000.0
CARD_1063,ACC_0657,xxxx-xxxx-xxxx-1100,Debit,Visa,2028-01-09,Active,100000.0
CARD_1064,ACC_0918,xxxx-xxxx-xxxx-4238,Debit,RuPay,2028-07-13,Active,100000.0
CARD_1065,ACC_0068,xxxx-xxxx-xxxx-3586,Debit,Visa,2029-02-02,Active,100000.0
CARD_1066,ACC_0288,xxxx-xxxx-xxxx-7799,Debit,Amex,2028-07-17,Active,100000.0
CARD_1067,ACC_0663,xxxx-xxxx-xxxx-1041,Credit,Visa,2027-12-01,Active,100000.0
CARD_1068,ACC_0633,xxxx-xxxx-xxxx-4190,Debit,Amex,2028-04-12,Active,100000.0
CARD_1069,ACC_0324,xxxx-xxxx-xxxx-8984,Credit,Amex,2028-03-14,Active,100000.0
CARD_1070,ACC_0793,xxxx-xxxx-xxxx-1302,Credit,Mastercard,2029-11-29,Active,100000.0
CARD_1071,ACC_0379,xxxx-xxxx-xxxx-3622,Debit,RuPay,2028-10-03,Active,100000.0
CARD_1072,ACC_1187,xxxx-xxxx-xxxx-6162,Credit,Mastercard,2028-03-22,Active,100000.0
CARD_1073,ACC_0329,xxxx-xxxx-xxxx-3818,Debit,Mastercard,2030-05-26,Active,100000.0
CARD_1074,ACC_0060,xxxx-xxxx-xxxx-4309,Debit,Amex,2029-06-28,Active,100000.0
CARD_1075,ACC_0429,xxxx-xxxx-xxxx-3479,Debit,RuPay,2027-02-06,Active,100000.0
CARD_1076,ACC_0540,xxxx-xxxx-xxxx-1501,Debit,Visa,2030-05-25,Active,100000.0
CARD_1077,ACC_0051,xxxx-xxxx-xxxx-7064,Credit,RuPay,2027-10-11,Active,100000.0
CARD_1078,ACC_0072,xxxx-xxxx-xxxx-9125,Debit,Mastercard,2027-03-18,Active,100000.0
CARD_1079,ACC_0716,xxxx-xxxx-xxxx-8493,Debit,Visa,2028-01-30,Active,100000.0
CARD_1080,ACC_0901,xxxx-xxxx-xxxx-2295,Debit,Visa,2027-09-01,Active,100000.0
CARD_1081,ACC_0396,xxxx-xxxx-xxxx-1808,Credit,RuPay,2029-05-21,Active,100000.0
CARD_1082,ACC_0536,xxxx-xxxx-xxxx-1029,Debit,RuPay,2027-06-19,Active,100000.0
CARD_1083,ACC_0100,xxxx-xxxx-xxxx-4308,Debit,Amex,2029-06-06,Active,100000.0
CARD_1084,ACC_0371,xxxx-xxxx-xxxx-2955,Debit,Visa,2029-09-29,Active,100000.0
CARD_1085,ACC_0020,xxxx-xxxx-xxxx-7510,Debit,Mastercard,2030-03-22,Active,100000.0
CARD_1086,ACC_0311,xxxx-xxxx-xxxx-1418,Debit,RuPay,2027-01-23,Active,100000.0
CARD_1087,ACC_0377,xxxx-xxxx-xxxx-9571,Debit,Visa,2029-05-22,Active,100000.0
CARD_1088,ACC_0445,xxxx-xxxx-xxxx-6609,Debit,Amex,2028-03-21,Active,100000.0
CARD_1089,ACC_0401,xxxx-xxxx-xxxx-1242,Debit,Amex,2029-07-02,Active,100000.0
CARD_1090,ACC_0952,xxxx-xxxx-xxxx-3963,Credit,Mastercard,2029-09-20,Active,100000.0
CARD_1091,ACC_0144,xxxx-xxxx-xxxx-4719,Credit,RuPay,2028-11-21,Active,100000.0
CARD_1092,ACC_0422,xxxx-xxxx-xxxx-1005,Debit,Amex,2029-01-20,Active,100000.0
CARD_1093,ACC_0468,xxxx-xxxx-xxxx-3194,Debit,Amex,2030-07-05,Active,100000.0
CARD_1094,ACC_0321,xxxx-xxxx-xxxx-2106,Debit,RuPay,2028-11-13,Active,100000.0
CARD_1095,ACC_0452,xxxx-xxxx-xxxx-7080,Debit,Mastercard,2029-05-31,Active,100000.0
CARD_1096,ACC_1110,xxxx-xxxx-xxxx-5003,Debit,Visa,2029-10-23,Active,100000.0
CARD_1097,ACC_1146,xxxx-xxxx-xxxx-7961,Debit,RuPay,2026-10-10,Active,100000.0
CARD_1098,ACC_0890,xxxx-xxxx-xxxx-1743,Credit,Mastercard,2028-01-10,Active,100000.0
CARD_1099,ACC_0600,xxxx-xxxx-xxxx-4846,Debit,Amex,2030-03-25,Active,100000.0
CARD_1100,ACC_0430,xxxx-xxxx-xxxx-5040,Debit,RuPay,2028-09-21,Active,100000.0
CARD_1101,ACC_0209,xxxx-xxxx-xxxx-4293,Debit,Mastercard,2030-05-22,Active,100000.0
CARD_1102,ACC_0766,xxxx-xxxx-xxxx-2293,Credit,RuPay,2029-03-26,Active,100000.0
CARD_1103,ACC_0864,xxxx-xxxx-xxxx-8393,Debit,RuPay,2028-10-03,Active,100000.0
CARD_1104,ACC_0886,xxxx-xxxx-xxxx-3783,Credit,Visa,2028-04-09,Active,100000.0
CARD_1105,ACC_0308,xxxx-xxxx-xxxx-6576,Debit,Amex,2029-07-29,Active,100000.0
CARD_1106,ACC_0523,xxxx-xxxx-xxxx-3821,Credit,Mastercard,2028-09-08,Active,100000.0
CARD_1107,ACC_0626,xxxx-xxxx-xxxx-9606,Debit,Mastercard,2027-12-08,Active,100000.0
CARD_1108,ACC_0250,xxxx-xxxx-xxxx-2572,Debit,Mastercard,2028-08-02,Active,100000.0
CARD_1109,ACC_0403,xxxx-xxxx-xxxx-7961,Debit,RuPay,2026-09-29,Active,100000.0
CARD_1110,ACC_0370,xxxx-xxxx-xxxx-4983,Debit,Amex,2029-11-06,Active,100000.0
CARD_1111,ACC_0157,xxxx-xxxx-xxxx-1696,Debit,Mastercard,2028-10-06,Active,100000.0
CARD_1112,ACC_0616,xxxx-xxxx-xxxx-9452,Debit,Mastercard,2027-10-03,Active,100000.0
CARD_1113,ACC_0530,xxxx-xxxx-xxxx-5260,Credit,Amex,2026-07-19,Active,100000.0
CARD_1114,ACC_0258,xxxx-xxxx-xxxx-7725,Debit,RuPay,2027-07-01,Active,100000.0
CARD_1115,ACC_1029,xxxx-xxxx-xxxx-8690,Credit,Visa,2027-11-11,Active,100000.0
CARD_1116,ACC_1137,xxxx-xxxx-xxxx-4991,Debit,Amex,2028-11-29,Active,100000.0
CARD_1117,ACC_0829,xxxx-xxxx-xxxx-8077,Debit,RuPay,2029-10-28,Active,100000.0
CARD_1118,ACC_0557,xxxx-xxxx-xxxx-7622,Debit,RuPay,2030-04-26,Active,100000.0
CARD_1119,ACC_0996,xxxx-xxxx-xxxx-5570,Credit,RuPay,2029-02-08,Active,100000.0
CARD_1120,ACC_0120,xxxx-xxxx-xxxx-8429,Credit,RuPay,2030-01-18,Active,100000.0
CARD_1121,ACC_0269,xxxx-xxxx-xxxx-1547,Debit,Mastercard,2027-08-18,Active,100000.0
CARD_1122,ACC_1045,xxxx-xxxx-xxxx-6833,Debit,Visa,2028-07-29,Active,100000.0
CARD_1123,ACC_0299,xxxx-xxxx-xxxx-2539,Credit,Visa,2030-05-09,Active,100000.0
CARD_1124,ACC_0122,xxxx-xxxx-xxxx-6473,Credit,Visa,2028-02-04,Active,100000.0
CARD_1125,ACC_0913,xxxx-xxxx-xxxx-5388,Debit,RuPay,2026-10-21,Active,100000.0
CARD_1126,ACC_0740,xxxx-xxxx-xxxx-8220,Debit,RuPay,2028-02-19,Active,100000.0
CARD_1127,ACC_0781,xxxx-xxxx-xxxx-7627,Credit,RuPay,2029-09-03,Active,100000.0
CARD_1128,ACC_0882,xxxx-xxxx-xxxx-2778,Credit,Amex,2028-05-24,Active,100000.0
CARD_1129,ACC_0685,xxxx-xxxx-xxxx-9374,Credit,Mastercard,2027-10-09,Active,100000.0
CARD_1130,ACC_0923,xxxx-xxxx-xxxx-4740,Credit,Visa,2029-01-30,Active,100000.0
CARD_1131,ACC_0921,xxxx-xxxx-xxxx-3290,Credit,Mastercard,2027-12-13,Active,100000.0
CARD_1132,ACC_0745,xxxx-xxxx-xxxx-3208,Debit,RuPay,2029-06-20,Active,100000.0
CARD_1133,ACC_1092,xxxx-xxxx-xxxx-8434,Credit,Amex,2029-02-20,Active,100000.0
CARD_1134,ACC_0320,xxxx-xxxx-xxxx-2335,Debit,Visa,2026-11-01,Active,100000.0
CARD_1135,ACC_0391,xxxx-xxxx-xxxx-9829,Debit,Mastercard,2030-03-15,Active,100000.0
CARD_1136,ACC_1124,xxxx-xxxx-xxxx-7404,Debit,RuPay,2028-10-25,Active,100000.0
CARD_1137,ACC_0766,xxxx-xxxx-xxxx-3565,Credit,Mastercard,2027-05-15,Active,100000.0
CARD_1138,ACC_0768,xxxx-xxxx-xxxx-6258,Debit,RuPay,2026-11-17,Active,100000.0
CARD_1139,ACC_0560,xxxx-xxxx-xxxx-5439,Credit,Amex,2027-02-16,Active,100000.0
CARD_1140,ACC_0978,xxxx-xxxx-xxxx-1624,Credit,Amex,2030-01-05,Active,100000.0
CARD_1141,ACC_0997,xxxx-xxxx-xxxx-9695,Debit,RuPay,2029-07-13,Active,100000.0
CARD_1142,ACC_0496,xxxx-xxxx-xxxx-3733,Credit,Visa,2028-09-18,Active,100000.0
CARD_1143,ACC_0438,xxxx-xxxx-xxxx-7500,Debit,Mastercard,2027-10-08,Active,100000.0
CARD_1144,ACC_0164,xxxx-xxxx-xxxx-9142,Debit,Mastercard,2026-07-19,Active,100000.0
CARD_1145,ACC_0684,xxxx-xxxx-xxxx-1739,Debit,Visa,2027-06-04,Active,100000.0
CARD_1146,ACC_0904,xxxx-xxxx-xxxx-7024,Credit,Visa,2029-10-17,Active,100000.0
CARD_1147,ACC_0302,xxxx-xxxx-xxxx-5810,Debit,Visa,2028-03-19,Active,100000.0
CARD_1148,ACC_0380,xxxx-xxxx-xxxx-4359,Credit,Visa,2030-06-19,Active,100000.0
CARD_1149,ACC_0496,xxxx-xxxx-xxxx-3681,Credit,Amex,2028-07-10,Active,100000.0
CARD_1150,ACC_0500,xxxx-xxxx-xxxx-9025,Credit,Amex,2030-06-29,Active,100000.0
CARD_1151,ACC_0554,xxxx-xxxx-xxxx-4465,Debit,Amex,2027-10-21,Active,100000.0
CARD_1152,ACC_0307,xxxx-xxxx-xxxx-4358,Debit,Amex,2030-01-14,Active,100000.0
CARD_1153,ACC_1180,xxxx-xxxx-xxxx-8754,Debit,RuPay,2029-12-04,Active,100000.0
CARD_1154,ACC_0349,xxxx-xxxx-xxxx-8989,Debit,Visa,2028-12-03,Active,100000.0
CARD_1155,ACC_1001,xxxx-xxxx-xxxx-7643,Debit,RuPay,2028-01-17,Active,100000.0
CARD_1156,ACC_0122,xxxx-xxxx-xxxx-2203,Credit,Visa,2026-12-01,Active,100000.0
CARD_1157,ACC_0220,xxxx-xxxx-xxxx-4725,Debit,Visa,2028-11-15,Active,100000.0
CARD_1158,ACC_0535,xxxx-xxxx-xxxx-9005,Credit,RuPay,2029-02-19,Active,100000.0
CARD_1159,ACC_1135,xxxx-xxxx-xxxx-3963,Debit,Visa,2027-11-08,Active,100000.0
CARD_1160,ACC_0183,xxxx-xxxx-xxxx-3567,Debit,Amex,2026-11-29,Active,100000.0
CARD_1161,ACC_0968,xxxx-xxxx-xxxx-2686,Credit,Mastercard,2029-04-25,Active,100000.0
CARD_1162,ACC_0246,xxxx-xxxx-xxxx-8866,Credit,Amex,2028-03-13,Active,100000.0
CARD_1163,ACC_0225,xxxx-xxxx-xxxx-3126,Debit,Mastercard,2030-05-30,Active,100000.0
CARD_1164,ACC_0005,xxxx-xxxx-xxxx-1339,Debit,Visa,2029-12-28,Active,100000.0
CARD_1165,ACC_0803,xxxx-xxxx-xxxx-9069,Debit,Visa,2028-12-18,Active,100000.0
CARD_1166,ACC_0092,xxxx-xxxx-xxxx-2500,Credit,Mastercard,2028-10-11,Active,100000.0
CARD_1167,ACC_0263,xxxx-xxxx-xxxx-8518,Debit,Mastercard,2026-08-10,Active,100000.0
CARD_1168,ACC_0774,xxxx-xxxx-xxxx-7428,Credit,Mastercard,2028-09-16,Active,100000.0
CARD_1169,ACC_0547,xxxx-xxxx-xxxx-1914,Debit,RuPay,2026-12-21,Active,100000.0
CARD_1170,ACC_0892,xxxx-xxxx-xxxx-9556,Debit,Visa,2028-10-25,Active,100000.0
CARD_1171,ACC_0593,xxxx-xxxx-xxxx-2723,Credit,Mastercard,2028-03-09,Active,100000.0
CARD_1172,ACC_0865,xxxx-xxxx-xxxx-4818,Debit,Mastercard,2029-07-19,Active,100000.0
CARD_1173,ACC_0477,xxxx-xxxx-xxxx-7317,Credit,Amex,2028-03-05,Active,100000.0
CARD_1174,ACC_0322,xxxx-xxxx-xxxx-2311,Credit,Amex,2029-11-29,Active,100000.0
CARD_1175,ACC_0821,xxxx-xxxx-xxxx-5253,Debit,Mastercard,2028-03-08,Active,100000.0
CARD_1176,ACC_0182,xxxx-xxxx-xxxx-4570,Debit,Mastercard,2028-02-16,Active,100000.0
CARD_1177,ACC_0372,xxxx-xxxx-xxxx-7948,Debit,Visa,2028-01-28,Active,100000.0
CARD_1178,ACC_0506,xxxx-xxxx-xxxx-8014,Credit,Mastercard,2030-04-23,Active,100000.0
CARD_1179,ACC_0587,xxxx-xxxx-xxxx-2925,Debit,RuPay,2029-05-06,Active,100000.0
CARD_1180,ACC_0826,xxxx-xxxx-xxxx-2460,Debit,Visa,2029-12-04,Active,100000.0
CARD_1181,ACC_0857,xxxx-xxxx-xxxx-9881,Credit,Visa,2028-02-16,Active,100000.0
CARD_1182,ACC_0641,xxxx-xxxx-xxxx-5369,Credit,RuPay,2029-12-31,Active,100000.0
CARD_1183,ACC_0159,xxxx-xxxx-xxxx-8454,Debit,RuPay,2027-11-29,Active,100000.0
CARD_1184,ACC_0304,xxxx-xxxx-xxxx-9898,Debit,Amex,2028-05-10,Active,100000.0
CARD_1185,ACC_1117,xxxx-xxxx-xxxx-1490,Credit,RuPay,2030-06-02,Active,100000.0
CARD_1186,ACC_1048,xxxx-xxxx-xxxx-1705,Credit,Mastercard,2029-01-23,Active,100000.0
CARD_1187,ACC_0377,xxxx-xxxx-xxxx-4549,Debit,RuPay,2028-06-18,Active,100000.0
CARD_1188,ACC_0526,xxxx-xxxx-xxxx-4320,Debit,Amex,2027-01-06,Active,100000.0
CARD_1189,ACC_0111,xxxx-xxxx-xxxx-1553,Credit,Visa,2030-03-03,Active,100000.0
CARD_1190,ACC_1103,xxxx-xxxx-xxxx-8299,Credit,RuPay,2026-07-08,Active,100000.0
CARD_1191,ACC_0203,xxxx-xxxx-xxxx-5274,Debit,Visa,2027-10-17,Active,100000.0
CARD_1192,ACC_0818,xxxx-xxxx-xxxx-3712,Credit,RuPay,2028-05-31,Active,100000.0
CARD_1193,ACC_0452,xxxx-xxxx-xxxx-3182,Debit,RuPay,2027-04-18,Active,100000.0
CARD_1194,ACC_1104,xxxx-xxxx-xxxx-5064,Credit,Amex,2026-09-14,Active,100000.0
CARD_1195,ACC_0716,xxxx-xxxx-xxxx-3148,Debit,Visa,2027-05-09,Active,100000.0
CARD_1196,ACC_0301,xxxx-xxxx-xxxx-4044,Debit,Visa,2029-01-23,Active,100000.0
CARD_1197,ACC_0928,xxxx-xxxx-xxxx-7015,Credit,Mastercard,2027-09-09,Active,100000.0
CARD_1198,ACC_0907,xxxx-xxxx-xxxx-5281,Credit,Visa,2029-05-05,Active,100000.0
CARD_1199,ACC_0279,xxxx-xxxx-xxxx-7127,Debit,RuPay,2027-03-22,Active,100000.0
CARD_1200,ACC_0240,xxxx-xxxx-xxxx-1096,Debit,Amex,2026-08-12,Active,100000.0
CARD_1201,ACC_1161,xxxx-xxxx-xxxx-1062,Credit,Mastercard,2028-02-16,Active,100000.0
CARD_1202,ACC_0319,xxxx-xxxx-xxxx-7873,Debit,RuPay,2028-11-14,Active,100000.0
CARD_1203,ACC_0566,xxxx-xxxx-xxxx-2196,Credit,Amex,2029-07-19,Active,100000.0
CARD_1204,ACC_0175,xxxx-xxxx-xxxx-6784,Debit,Visa,2029-06-18,Active,100000.0
CARD_1205,ACC_0596,xxxx-xxxx-xxxx-2326,Credit,Mastercard,2030-03-27,Active,100000.0
CARD_1206,ACC_1053,xxxx-xxxx-xxxx-5970,Credit,Mastercard,2029-12-26,Active,100000.0
CARD_1207,ACC_0178,xxxx-xxxx-xxxx-3861,Debit,Amex,2027-10-31,Active,100000.0
CARD_1208,ACC_0060,xxxx-xxxx-xxxx-5885,Debit,Visa,2029-10-16,Active,100000.0
CARD_1209,ACC_0034,xxxx-xxxx-xxxx-5371,Debit,Amex,2027-07-30,Active,100000.0
CARD_1210,ACC_0324,xxxx-xxxx-xxxx-1016,Credit,Mastercard,2030-07-01,Active,100000.0
CARD_1211,ACC_1033,xxxx-xxxx-xxxx-2663,Debit,Amex,2029-07-05,Active,100000.0
CARD_1212,ACC_0799,xxxx-xxxx-xxxx-7897,Credit,Amex,2028-03-09,Active,100000.0
CARD_1213,ACC_0268,xxxx-xxxx-xxxx-6823,Credit,Visa,2028-05-10,Active,100000.0
CARD_1214,ACC_0548,xxxx-xxxx-xxxx-3329,Credit,Visa,2028-09-28,Active,100000.0
CARD_1215,ACC_0816,xxxx-xxxx-xxxx-1132,Debit,Amex,2029-11-25,Active,100000.0
CARD_1216,ACC_0840,xxxx-xxxx-xxxx-8713,Credit,RuPay,2029-03-03,Active,100000.0
CARD_1217,ACC_0139,xxxx-xxxx-xxxx-1623,Credit,RuPay,2028-01-12,Active,100000.0
CARD_1218,ACC_0725,xxxx-xxxx-xxxx-2577,Debit,RuPay,2027-01-09,Active,100000.0
CARD_1219,ACC_0333,xxxx-xxxx-xxxx-2604,Credit,RuPay,2027-02-07,Active,100000.0
CARD_1220,ACC_0850,xxxx-xxxx-xxxx-9018,Credit,Visa,2030-02-05,Active,100000.0
CARD_1221,ACC_0240,xxxx-xxxx-xxxx-7205,Debit,Amex,2027-01-09,Active,100000.0
CARD_1222,ACC_0882,xxxx-xxxx-xxxx-5712,Credit,Visa,2028-08-15,Active,100000.0
CARD_1223,ACC_0044,xxxx-xxxx-xxxx-9016,Debit,Mastercard,2028-11-09,Active,100000.0
CARD_1224,ACC_1069,xxxx-xxxx-xxxx-5855,Credit,Visa,2029-07-01,Active,100000.0
CARD_1225,ACC_0574,xxxx-xxxx-xxxx-4862,Debit,RuPay,2028-03-15,Active,100000.0
CARD_1226,ACC_0907,xxxx-xxxx-xxxx-9300,Credit,Mastercard,2027-06-05,Active,100000.0
CARD_1227,ACC_0229,xxxx-xxxx-xxxx-4852,Credit,Visa,2026-11-20,Active,100000.0
CARD_1228,ACC_0206,xxxx-xxxx-xxxx-1302,Debit,Amex,2029-11-28,Active,100000.0
CARD_1229,ACC_0839,xxxx-xxxx-xxxx-3670,Debit,Amex,2029-09-07,Active,100000.0
CARD_1230,ACC_1017,xxxx-xxxx-xxxx-5609,Debit,Amex,2029-02-23,Active,100000.0
CARD_1231,ACC_0873,xxxx-xxxx-xxxx-5201,Debit,Amex,2029-04-25,Active,100000.0
CARD_1232,ACC_1014,xxxx-xxxx-xxxx-8658,Credit,Amex,2027-03-14,Active,100000.0
CARD_1233,ACC_0389,xxxx-xxxx-xxxx-9299,Debit,Visa,2030-02-17,Active,100000.0
CARD_1234,ACC_0672,xxxx-xxxx-xxxx-5441,Debit,Amex,2028-05-28,Active,100000.0
CARD_1235,ACC_0798,xxxx-xxxx-xxxx-1235,Debit,Amex,2029-10-04,Active,100000.0
CARD_1236,ACC_0282,xxxx-xxxx-xxxx-8647,Debit,RuPay,2027-02-26,Active,100000.0
CARD_1237,ACC_0432,xxxx-xxxx-xxxx-4241,Debit,Amex,2026-10-18,Active,100000.0
CARD_1238,ACC_0047,xxxx-xxxx-xxxx-2916,Debit,Amex,2028-03-25,Active,100000.0
CARD_1239,ACC_0919,xxxx-xxxx-xxxx-4697,Credit,Mastercard,2028-09-24,Active,100000.0
CARD_1240,ACC_0311,xxxx-xxxx-xxxx-7169,Debit,Amex,2027-07-06,Active,100000.0
CARD_1241,ACC_1123,xxxx-xxxx-xxxx-8244,Debit,Amex,2029-01-13,Active,100000.0
CARD_1242,ACC_0042,xxxx-xxxx-xxxx-4927,Debit,Visa,2027-03-28,Active,100000.0
CARD_1243,ACC_0347,xxxx-xxxx-xxxx-4019,Debit,Mastercard,2029-05-24,Active,100000.0
CARD_1244,ACC_0225,xxxx-xxxx-xxxx-5461,Debit,Mastercard,2026-12-08,Active,100000.0
CARD_1245,ACC_0041,xxxx-xxxx-xxxx-6643,Credit,Mastercard,2027-02-22,Active,100000.0
CARD_1246,ACC_0568,xxxx-xxxx-xxxx-4293,Debit,RuPay,2028-01-24,Active,100000.0
CARD_1247,ACC_0871,xxxx-xxxx-xxxx-2773,Credit,Mastercard,2026-08-28,Active,100000.0
CARD_1248,ACC_0395,xxxx-xxxx-xxxx-3913,Debit,Mastercard,2027-10-16,Active,100000.0
CARD_1249,ACC_0432,xxxx-xxxx-xxxx-1345,Debit,Amex,2029-07-21,Active,100000.0
CARD_1250,ACC_0594,xxxx-xxxx-xxxx-1637,Credit,Mastercard,2028-07-28,Active,100000.0
CARD_1251,ACC_0608,xxxx-xxxx-xxxx-1797,Debit,Visa,2029-06-25,Active,100000.0
CARD_1252,ACC_0132,xxxx-xxxx-xxxx-1535,Debit,RuPay,2027-03-20,Active,100000.0
CARD_1253,ACC_0771,xxxx-xxxx-xxxx-5847,Debit,Mastercard,2028-04-10,Active,100000.0
CARD_1254,ACC_0266,xxxx-xxxx-xxxx-9296,Credit,Amex,2026-11-07,Active,100000.0
CARD_1255,ACC_0102,xxxx-xxxx-xxxx-6088,Debit,RuPay,2028-05-29,Active,100000.0
CARD_1256,ACC_0892,xxxx-xxxx-xxxx-6773,Debit,RuPay,2027-03-12,Active,100000.0
CARD_1257,ACC_0497,xxxx-xxxx-xxxx-4439,Debit,Mastercard,2030-05-29,Active,100000.0
CARD_1258,ACC_1121,xxxx-xxxx-xxxx-3061,Debit,Visa,2027-07-24,Active,100000.0
CARD_1259,ACC_0898,xxxx-xxxx-xxxx-5142,Credit,Amex,2026-08-07,Active,100000.0
CARD_1260,ACC_0885,xxxx-xxxx-xxxx-2381,Debit,Mastercard,2029-06-30,Active,100000.0
CARD_1261,ACC_0671,xxxx-xxxx-xxxx-8316,Debit,Amex,2029-10-15,Active,100000.0
CARD_1262,ACC_0212,xxxx-xxxx-xxxx-4542,Credit,Amex,2027-05-07,Active,100000.0
CARD_1263,ACC_0988,xxxx-xxxx-xxxx-2272,Debit,RuPay,2028-03-17,Active,100000.0
CARD_1264,ACC_0588,xxxx-xxxx-xxxx-8035,Credit,Mastercard,2028-02-26,Active,100000.0
CARD_1265,ACC_0313,xxxx-xxxx-xxxx-4295,Credit,RuPay,2028-06-02,Active,100000.0
CARD_1266,ACC_0475,xxxx-xxxx-xxxx-7760,Debit,Amex,2029-08-30,Active,100000.0
CARD_1267,ACC_0359,xxxx-xxxx-xxxx-1519,Debit,RuPay,2029-06-21,Active,100000.0
CARD_1268,ACC_0343,xxxx-xxxx-xxxx-1999,Credit,Visa,2026-07-30,Active,100000.0
CARD_1269,ACC_0087,xxxx-xxxx-xxxx-5920,Credit,Visa,2030-03-02,Active,100000.0
CARD_1270,ACC_0421,xxxx-xxxx-xxxx-9657,Debit,RuPay,2030-02-20,Active,100000.0
CARD_1271,ACC_0355,xxxx-xxxx-xxxx-1570,Debit,RuPay,2030-04-13,Active,100000.0
CARD_1272,ACC_1186,xxxx-xxxx-xxxx-5357,Credit,Amex,2029-02-22,Active,100000.0
CARD_1273,ACC_0622,xxxx-xxxx-xxxx-1177,Debit,Mastercard,2026-08-06,Active,100000.0
CARD_1274,ACC_0811,xxxx-xxxx-xxxx-9213,Credit,Visa,2027-10-06,Active,100000.0
CARD_1275,ACC_0122,xxxx-xxxx-xxxx-6777,Credit,Amex,2028-01-28,Active,100000.0
CARD_1276,ACC_0093,xxxx-xxxx-xxxx-6569,Debit,RuPay,2028-04-24,Active,100000.0
CARD_1277,ACC_0441,xxxx-xxxx-xxxx-1685,Debit,RuPay,2029-10-10,Active,100000.0
CARD_1278,ACC_0179,xxxx-xxxx-xxxx-5276,Credit,Mastercard,2029-09-09,Active,100000.0
CARD_1279,ACC_0892,xxxx-xxxx-xxxx-1891,Debit,Visa,2029-01-13,Active,100000.0
CARD_1280,ACC_0262,xxxx-xxxx-xxxx-2043,Credit,Amex,2026-10-19,Active,100000.0
CARD_1281,ACC_1107,xxxx-xxxx-xxxx-9748,Credit,Amex,2030-02-21,Active,100000.0
CARD_1282,ACC_0977,xxxx-xxxx-xxxx-2995,Debit,RuPay,2029-01-26,Active,100000.0
CARD_1283,ACC_1084,xxxx-xxxx-xxxx-2135,Credit,Visa,2027-11-21,Active,100000.0
CARD_1284,ACC_0785,xxxx-xxxx-xxxx-3813,Debit,RuPay,2028-11-13,Active,100000.0
CARD_1285,ACC_0993,xxxx-xxxx-xxxx-1575,Credit,Amex,2029-09-19,Active,100000.0
CARD_1286,ACC_0953,xxxx-xxxx-xxxx-3571,Debit,Visa,2026-07-07,Active,100000.0
CARD_1287,ACC_0030,xxxx-xxxx-xxxx-4096,Credit,Visa,2027-02-21,Active,100000.0
CARD_1288,ACC_0015,xxxx-xxxx-xxxx-4002,Debit,RuPay,2030-02-23,Active,100000.0
CARD_1289,ACC_0117,xxxx-xxxx-xxxx-7458,Debit,Mastercard,2028-05-23,Active,100000.0
CARD_1290,ACC_0620,xxxx-xxxx-xxxx-7977,Credit,Amex,2027-05-06,Active,100000.0
CARD_1291,ACC_0220,xxxx-xxxx-xxxx-3649,Debit,Amex,2028-12-27,Active,100000.0
CARD_1292,ACC_0823,xxxx-xxxx-xxxx-3067,Debit,Amex,2029-11-19,Active,100000.0
CARD_1293,ACC_0901,xxxx-xxxx-xxxx-7129,Debit,RuPay,2029-02-26,Active,100000.0
CARD_1294,ACC_0249,xxxx-xxxx-xxxx-5979,Credit,RuPay,2030-04-22,Active,100000.0
CARD_1295,ACC_0899,xxxx-xxxx-xxxx-5858,Credit,Visa,2028-04-09,Active,100000.0
CARD_1296,ACC_0511,xxxx-xxxx-xxxx-7916,Debit,Mastercard,2028-01-18,Active,100000.0
CARD_1297,ACC_0632,xxxx-xxxx-xxxx-9670,Debit,Visa,2028-06-21,Active,100000.0
CARD_1298,ACC_0074,xxxx-xxxx-xxxx-4672,Debit,Amex,2026-07-14,Active,100000.0
CARD_1299,ACC_0629,xxxx-xxxx-xxxx-6799,Credit,Amex,2028-11-11,Active,100000.0
CARD_1300,ACC_0636,xxxx-xxxx-xxxx-2997,Debit,Mastercard,2029-03-12,Active,100000.0
