customer_id,first_name,last_name,email,phone_number,dob,street_address,city,state,postal_code,country,risk_score_segment,created_at
CUST_0001,Deepa,Joshi,cust_0001@example-bank.com,+91 8669472612,1976-07-10,"Flat 105, Block A",Kolkata,West Bengal,210875,India,Low,2025-11-26 07:45:37
CUST_0002,Shweta,Singh,cust_0002@example-bank.com,+91 9096373144,1992-01-05,"Flat 481, Block B",Hyderabad,Telangana,242624,India,Low,2026-01-08 01:09:36
CUST_0003,Priya,Nair,cust_0003@example-bank.com,+91 9279368386,1961-02-08,"Flat 436, Block D",Ahmedabad,Gujarat,118628,India,Low,2025-09-30 00:52:20
CUST_0004,Deepa,Kumbari,cust_0004@example-bank.com,+91 7241159580,1968-03-17,"Flat 434, Block C",Pune,Maharashtra,771076,India,Medium,2026-02-18 21:15:55
CUST_0005,Priya,Nair,cust_0005@example-bank.com,+91 8926794237,1967-03-07,"Flat 408, Block D",Bengaluru,Karnataka,423592,India,Low,2026-02-02 21:13:20
CUST_0006,Anjali,Rao,cust_0006@example-bank.com,+91 8723012507,1966-02-23,"Flat 274, Block B",Bengaluru,Karnataka,794865,India,Low,2025-08-13 12:51:16
CUST_0007,Neha,Patel,cust_0007@example-bank.com,+91 8699650351,1997-08-28,"Flat 161, Block B",Delhi,Delhi,313902,India,Low,2025-07-17 06:20:34
CUST_0008,Sneha,Verma,cust_0008@example-bank.com,+91 6215482826,1999-12-20,"Flat 143, Block B",Delhi,Delhi,817740,India,Low,2025-05-25 21:39:37
CUST_0009,Vikram,Kumbari,cust_0009@example-bank.com,+91 8725599122,1995-08-27,"Flat 134, Block B",Delhi,Delhi,507263,India,Low,2025-11-02 08:17:44
CUST_0010,Neha,Sharma,cust_0010@example-bank.com,+91 6103057302,1989-07-28,"Flat 387, Block B",Kolkata,West Bengal,121653,India,Low,2025-11-26 08:07:39
CUST_0011,Sneha,Joshi,cust_0011@example-bank.com,+91 7596868468,1972-10-12,"Flat 153, Block A",Bengaluru,Karnataka,136717,India,Low,2025-06-17 14:37:20
CUST_0012,Vikram,Singh,cust_0012@example-bank.com,+91 9617949789,1984-02-26,"Flat 58, Block C",Bengaluru,Karnataka,264236,India,Low,2026-03-01 20:01:57
CUST_0013,Rahul,Rao,cust_0013@example-bank.com,+91 7640710999,1993-09-21,"Flat 420, Block D",Mumbai,Maharashtra,269298,India,Medium,2025-09-08 04:47:59
CUST_0014,Deepa,Das,cust_0014@example-bank.com,+91 9192689234,1969-12-20,"Flat 397, Block A",Pune,Maharashtra,446480,India,Low,2025-10-12 23:49:45
CUST_0015,Deepa,Nair,cust_0015@example-bank.com,+91 8439029677,1972-08-17,"Flat 177, Block A",Bengaluru,Karnataka,450561,India,Low,2025-08-07 01:17:56
CUST_0016,Vijay,Kumbari,cust_0016@example-bank.com,+91 7513875013,1979-05-23,"Flat 296, Block A",Bengaluru,Karnataka,785322,India,Low,2025-12-24 21:13:30
CUST_0017,Deepa,Joshi,cust_0017@example-bank.com,+91 6315792112,1988-07-16,"Flat 353, Block D",Chennai,Tamil Nadu,612937,India,Low,2025-08-01 01:09:34
CUST_0018,Ramesh,Rao,cust_0018@example-bank.com,+91 7569243214,1978-05-21,"Flat 243, Block B",Hyderabad,Telangana,791006,India,Low,2025-10-04 06:37:34
CUST_0019,Rahul,Nair,cust_0019@example-bank.com,+91 8280681363,1972-08-31,"Flat 219, Block D",Delhi,Delhi,818212,India,Medium,2026-03-12 06:49:37
CUST_0020,Deepa,Joshi,cust_0020@example-bank.com,+91 9663189937,1982-09-20,"Flat 30, Block D",Kolkata,West Bengal,288596,India,Low,2025-04-16 11:18:23
CUST_0021,Priya,Nair,cust_0021@example-bank.com,+91 8521249126,1971-09-25,"Flat 500, Block D",Mumbai,Maharashtra,342405,India,Low,2026-03-10 05:58:52
CUST_0022,Ramesh,Nair,cust_0022@example-bank.com,+91 7489339404,1993-03-05,"Flat 243, Block C",Ahmedabad,Gujarat,442842,India,Low,2025-06-03 02:33:42
CUST_0023,Vikram,Patel,cust_0023@example-bank.com,+91 9953066331,1986-12-31,"Flat 478, Block B",Pune,Maharashtra,276351,India,Low,2025-09-21 13:45:38
CUST_0024,Rahul,Joshi,cust_0024@example-bank.com,+91 7422975519,1973-08-04,"Flat 271, Block D",Mumbai,Maharashtra,321979,India,Low,2026-02-07 15:10:31
CUST_0025,Vijay,Mehta,cust_0025@example-bank.com,+91 8395097110,1974-03-14,"Flat 377, Block B",Ahmedabad,Gujarat,280233,India,Low,2026-01-12 07:59:00
CUST_0026,Suresh,Joshi,cust_0026@example-bank.com,+91 9598033398,1997-03-25,"Flat 414, Block B",Kolkata,West Bengal,403677,India,Medium,2025-06-18 11:27:17
CUST_0027,Ramesh,Joshi,cust_0027@example-bank.com,+91 6084301335,1988-02-16,"Flat 181, Block C",Chennai,Tamil Nadu,828513,India,Medium,2025-05-16 18:21:08
CUST_0028,Vikram,Nair,cust_0028@example-bank.com,+91 9097231474,1995-01-01,"Flat 137, Block C",Ahmedabad,Gujarat,246181,India,Low,2026-01-15 16:46:04
CUST_0029,Amit,Das,cust_0029@example-bank.com,+91 7588285153,1974-07-22,"Flat 45, Block B",Chennai,Tamil Nadu,393053,India,Low,2025-04-10 07:56:56
CUST_0030,Shweta,Joshi,cust_0030@example-bank.com,+91 7499912045,1975-11-30,"Flat 220, Block D",Chennai,Tamil Nadu,759613,India,Medium,2025-06-24 11:33:15
CUST_0031,Suresh,Kumbari,cust_0031@example-bank.com,+91 8532766289,1961-04-06,"Flat 321, Block D",Hyderabad,Telangana,666580,India,Low,2025-12-18 12:49:50
CUST_0032,Vijay,Joshi,cust_0032@example-bank.com,+91 7436155312,1965-08-17,"Flat 463, Block A",Bengaluru,Karnataka,690611,India,Low,2026-01-08 05:26:38
CUST_0033,Suresh,Sharma,cust_0033@example-bank.com,+91 9788613377,1986-08-16,"Flat 31, Block D",Ahmedabad,Gujarat,613873,India,Low,2025-09-29 11:04:48
CUST_0034,Priya,Kumbari,cust_0034@example-bank.com,+91 9571738084,1968-02-07,"Flat 287, Block A",Delhi,Delhi,320362,India,High,2025-06-25 11:39:42
CUST_0035,Ramesh,Singh,cust_0035@example-bank.com,+91 6557052387,1963-03-13,"Flat 251, Block D",Delhi,Delhi,522384,India,Low,2026-02-05 22:29:49
CUST_0036,Deepa,Sharma,cust_0036@example-bank.com,+91 7060965779,1977-04-02,"Flat 339, Block B",Delhi,Delhi,167174,India,Low,2025-12-29 23:48:34
CUST_0037,Amit,Gupta,cust_0037@example-bank.com,+91 6224598428,1978-11-20,"Flat 50, Block D",Delhi,Delhi,538865,India,Low,2026-01-13 12:44:00
CUST_0038,Vikram,Joshi,cust_0038@example-bank.com,+91 9484943560,1975-12-19,"Flat 246, Block B",Hyderabad,Telangana,533677,India,Low,2026-01-07 23:00:34
CUST_0039,Vikram,Patel,cust_0039@example-bank.com,+91 7412071405,1988-06-18,"Flat 264, Block B",Ahmedabad,Gujarat,185251,India,Low,2025-05-08 22:51:20
CUST_0040,Anjali,Mehta,cust_0040@example-bank.com,+91 7111140477,1960-05-02,"Flat 299, Block B",Pune,Maharashtra,790409,India,Low,2025-09-05 18:56:01
CUST_0041,Sneha,Reddy,cust_0041@example-bank.com,+91 9811685363,1983-04-02,"Flat 381, Block D",Bengaluru,Karnataka,169581,India,Low,2025-09-30 04:06:51
CUST_0042,Vijay,Singh,cust_0042@example-bank.com,+91 6346334739,1962-10-11,"Flat 255, Block B",Bengaluru,Karnataka,131715,India,High,2025-04-11 11:31:40
CUST_0043,Vijay,Joshi,cust_0043@example-bank.com,+91 7003462760,1977-01-27,"Flat 131, Block C",Ahmedabad,Gujarat,463555,India,Low,2025-08-30 17:36:08
CUST_0044,Rahul,Reddy,cust_0044@example-bank.com,+91 8968808124,1965-11-18,"Flat 499, Block A",Bengaluru,Karnataka,776445,India,Low,2025-07-04 00:37:37
CUST_0045,Vijay,Reddy,cust_0045@example-bank.com,+91 6356731834,1967-05-08,"Flat 396, Block A",Delhi,Delhi,399087,India,Low,2025-10-30 16:44:03
CUST_0046,Anjali,Sharma,cust_0046@example-bank.com,+91 8690191695,1972-03-22,"Flat 223, Block B",Ahmedabad,Gujarat,620710,India,Low,2025-08-25 09:50:02
CUST_0047,Rahul,Joshi,cust_0047@example-bank.com,+91 9268336651,1979-08-24,"Flat 173, Block A",Ahmedabad,Gujarat,571869,India,Low,2025-12-02 11:23:19
CUST_0048,Priya,Joshi,cust_0048@example-bank.com,+91 8224829894,1971-09-12,"Flat 189, Block D",Chennai,Tamil Nadu,286424,India,Low,2025-05-26 18:15:46
CUST_0049,Neha,Rao,cust_0049@example-bank.com,+91 9505143137,1989-12-12,"Flat 226, Block B",Hyderabad,Telangana,350275,India,Low,2025-08-28 07:51:27
CUST_0050,Sneha,Nair,cust_0050@example-bank.com,+91 9913528979,1970-05-08,"Flat 196, Block B",Chennai,Tamil Nadu,733276,India,Medium,2026-01-22 10:28:34
CUST_0051,Suresh,Singh,cust_0051@example-bank.com,+91 9426200624,1975-09-26,"Flat 467, Block A",Kolkata,West Bengal,657102,India,Low,2025-06-11 18:46:01
CUST_0052,Amit,Kumbari,cust_0052@example-bank.com,+91 9301341718,1986-03-05,"Flat 53, Block D",Chennai,Tamil Nadu,184617,India,Low,2025-05-11 09:53:59
CUST_0053,Priya,Singh,cust_0053@example-bank.com,+91 6121160644,1995-09-07,"Flat 279, Block A",Pune,Maharashtra,591198,India,Low,2025-04-01 16:35:51
CUST_0054,Shweta,Reddy,cust_0054@example-bank.com,+91 8404239713,1996-05-12,"Flat 140, Block D",Bengaluru,Karnataka,421589,India,Low,2025-11-04 18:50:08
CUST_0055,Priya,Joshi,cust_0055@example-bank.com,+91 7971253297,1967-01-11,"Flat 426, Block C",Kolkata,West Bengal,295163,India,Low,2025-11-29 05:49:06
CUST_0056,Rahul,Rao,cust_0056@example-bank.com,+91 6725246377,1965-09-28,"Flat 372, Block B",Pune,Maharashtra,756908,India,Low,2025-11-04 14:51:43
CUST_0057,Shweta,Sharma,cust_0057@example-bank.com,+91 6922119836,1963-12-24,"Flat 289, Block A",Mumbai,Maharashtra,625077,India,Low,2026-03-21 17:18:57
CUST_0058,Priya,Sharma,cust_0058@example-bank.com,+91 8889854627,1979-07-30,"Flat 92, Block C",Chennai,Tamil Nadu,623656,India,Low,2025-12-31 11:32:40
CUST_0059,Deepa,Nair,cust_0059@example-bank.com,+91 6289297990,1979-03-22,"Flat 160, Block D",Bengaluru,Karnataka,369452,India,Medium,2026-03-16 21:39:43
CUST_0060,Deepa,Das,cust_0060@example-bank.com,+91 9070951300,1967-01-15,"Flat 386, Block B",Hyderabad,Telangana,582043,India,Low,2025-10-09 03:15:04
CUST_0061,Neha,Nair,cust_0061@example-bank.com,+91 7851509668,1998-02-06,"Flat 451, Block D",Ahmedabad,Gujarat,704106,India,Low,2025-10-21 18:42:57
CUST_0062,Deepa,Das,cust_0062@example-bank.com,+91 6674375132,1987-10-13,"Flat 200, Block A",Delhi,Delhi,261563,India,Low,2026-03-21 10:14:01
CUST_0063,Anjali,Patel,cust_0063@example-bank.com,+91 8538164107,1995-09-07,"Flat 267, Block D",Delhi,Delhi,321469,India,Low,2025-06-12 23:01:49
CUST_0064,Vijay,Kumbari,cust_0064@example-bank.com,+91 7967200898,1971-05-25,"Flat 194, Block A",Chennai,Tamil Nadu,305323,India,Low,2025-08-03 06:43:03
CUST_0065,Sneha,Gupta,cust_0065@example-bank.com,+91 6906937184,1981-02-18,"Flat 476, Block B",Mumbai,Maharashtra,468696,India,Low,2025-12-22 23:01:04
CUST_0066,Shweta,Verma,cust_0066@example-bank.com,+91 9967011992,1965-08-12,"Flat 310, Block B",Mumbai,Maharashtra,334615,India,Low,2025-10-18 11:40:45
CUST_0067,Suresh,Joshi,cust_0067@example-bank.com,+91 9275745638,1966-11-05,"Flat 269, Block B",Bengaluru,Karnataka,198418,India,Low,2026-02-03 13:40:13
CUST_0068,Neha,Sharma,cust_0068@example-bank.com,+91 8621053801,1996-12-15,"Flat 443, Block C",Bengaluru,Karnataka,580326,India,Low,2025-10-26 17:57:10
CUST_0069,Rahul,Joshi,cust_0069@example-bank.com,+91 7049678901,1983-05-21,"Flat 209, Block C",Mumbai,Maharashtra,644221,India,Low,2025-07-17 00:33:04
CUST_0070,Rahul,Nair,cust_0070@example-bank.com,+91 8586167361,1992-10-19,"Flat 1, Block C",Kolkata,West Bengal,140531,India,Low,2025-04-07 20:45:42
CUST_0071,Suresh,Sharma,cust_0071@example-bank.com,+91 6324104833,1967-02-10,"Flat 274, Block D",Bengaluru,Karnataka,441132,India,Low,2025-11-24 12:58:18
CUST_0072,Shweta,Gupta,cust_0072@example-bank.com,+91 8204311939,1966-04-20,"Flat 203, Block B",Kolkata,West Bengal,598195,India,Medium,2026-03-31 13:38:29
CUST_0073,Rahul,Verma,cust_0073@example-bank.com,+91 8517767573,1976-04-09,"Flat 83, Block C",Chennai,Tamil Nadu,408503,India,Medium,2026-01-30 01:54:19
CUST_0074,Deepa,Verma,cust_0074@example-bank.com,+91 9939778628,1981-03-29,"Flat 406, Block B",Ahmedabad,Gujarat,150315,India,Medium,2025-08-14 15:03:47
CUST_0075,Suresh,Nair,cust_0075@example-bank.com,+91 8374780680,1996-12-14,"Flat 206, Block D",Pune,Maharashtra,416501,India,Low,2025-04-01 03:20:28
CUST_0076,Suresh,Patel,cust_0076@example-bank.com,+91 9148936020,1983-06-22,"Flat 467, Block C",Hyderabad,Telangana,750388,India,Low,2025-05-01 13:23:48
CUST_0077,Vikram,Patel,cust_0077@example-bank.com,+91 9146523856,1980-02-06,"Flat 389, Block B",Chennai,Tamil Nadu,591201,India,Low,2025-12-23 02:07:13
CUST_0078,Sneha,Joshi,cust_0078@example-bank.com,+91 6899072189,1964-07-03,"Flat 302, Block D",Pune,Maharashtra,822149,India,Medium,2025-10-23 17:45:48
CUST_0079,Suresh,Gupta,cust_0079@example-bank.com,+91 9660105907,1974-11-17,"Flat 438, Block C",Pune,Maharashtra,624188,India,Low,2025-12-19 14:15:07
CUST_0080,Deepa,Rao,cust_0080@example-bank.com,+91 8633890849,1981-01-24,"Flat 345, Block C",Chennai,Tamil Nadu,148546,India,Low,2025-10-06 09:26:22
CUST_0081,Vijay,Sharma,cust_0081@example-bank.com,+91 9883384124,1978-10-04,"Flat 87, Block B",Pune,Maharashtra,256191,India,Low,2025-05-29 18:35:46
CUST_0082,Anjali,Reddy,cust_0082@example-bank.com,+91 8651578589,1989-04-04,"Flat 316, Block D",Bengaluru,Karnataka,589629,India,Low,2025-04-03 15:45:13
CUST_0083,Anjali,Patel,cust_0083@example-bank.com,+91 9301553337,1967-06-26,"Flat 57, Block C",Kolkata,West Bengal,495041,India,Medium,2026-02-11 05:32:45
CUST_0084,Anjali,Gupta,cust_0084@example-bank.com,+91 9681755094,1965-04-09,"Flat 483, Block B",Pune,Maharashtra,781445,India,High,2025-12-04 16:06:16
CUST_0085,Suresh,Reddy,cust_0085@example-bank.com,+91 7916912802,1971-07-06,"Flat 24, Block C",Ahmedabad,Gujarat,611042,India,Low,2025-09-08 09:05:44
CUST_0086,Vikram,Gupta,cust_0086@example-bank.com,+91 7841425133,1968-01-22,"Flat 437, Block D",Kolkata,West Bengal,514360,India,Low,2025-11-07 18:29:14
CUST_0087,Vikram,Joshi,cust_0087@example-bank.com,+91 9845147268,1971-08-01,"Flat 487, Block B",Hyderabad,Telangana,749126,India,Low,2025-04-08 07:28:31
CUST_0088,Amit,Patel,cust_0088@example-bank.com,+91 8803954765,2000-01-17,"Flat 352, Block B",Chennai,Tamil Nadu,592495,India,Low,2026-02-18 04:40:08
CUST_0089,Priya,Sharma,cust_0089@example-bank.com,+91 6922647830,1976-12-21,"Flat 337, Block B",Mumbai,Maharashtra,588067,India,Low,2025-07-31 21:23:52
CUST_0090,Suresh,Mehta,cust_0090@example-bank.com,+91 9315503060,1979-05-15,"Flat 415, Block A",Mumbai,Maharashtra,152159,India,Low,2025-09-26 18:08:04
CUST_0091,Suresh,Rao,cust_0091@example-bank.com,+91 9604832487,1995-01-16,"Flat 393, Block A",Bengaluru,Karnataka,651597,India,Low,2025-10-14 11:28:52
CUST_0092,Neha,Mehta,cust_0092@example-bank.com,+91 9594929378,1989-11-17,"Flat 303, Block B",Ahmedabad,Gujarat,165081,India,Low,2025-06-17 20:28:11
CUST_0093,Amit,Verma,cust_0093@example-bank.com,+91 9855899461,1984-07-29,"Flat 210, Block C",Pune,Maharashtra,199532,India,Low,2025-06-15 00:28:04
CUST_0094,Anjali,Joshi,cust_0094@example-bank.com,+91 8336466241,1965-11-18,"Flat 184, Block B",Mumbai,Maharashtra,747638,India,Low,2025-10-01 07:22:03
CUST_0095,Priya,Verma,cust_0095@example-bank.com,+91 9991418123,1976-04-04,"Flat 443, Block C",Pune,Maharashtra,159335,India,Low,2025-12-19 12:15:26
CUST_0096,Deepa,Patel,cust_0096@example-bank.com,+91 8996673469,1965-01-22,"Flat 496, Block D",Pune,Maharashtra,310769,India,Low,2025-08-05 17:30:16
CUST_0097,Shweta,Patel,cust_0097@example-bank.com,+91 9153002886,1986-04-17,"Flat 259, Block C",Kolkata,West Bengal,285825,India,Low,2025-10-24 01:20:19
CUST_0098,Ramesh,Gupta,cust_0098@example-bank.com,+91 7680285062,1991-04-26,"Flat 171, Block A",Hyderabad,Telangana,767064,India,Low,2026-03-28 23:30:28
CUST_0099,Neha,Mehta,cust_0099@example-bank.com,+91 8898183160,1976-10-12,"Flat 451, Block D",Chennai,Tamil Nadu,741069,India,High,2025-07-03 23:13:20
CUST_0100,Deepa,Nair,cust_0100@example-bank.com,+91 6341091279,1993-10-22,"Flat 86, Block B",Kolkata,West Bengal,295413,India,Low,2025-04-29 12:33:02
CUST_0101,Sneha,Reddy,cust_0101@example-bank.com,+91 8397263656,1980-10-17,"Flat 385, Block C",Kolkata,West Bengal,296928,India,Low,2025-04-06 20:46:15
CUST_0102,Shweta,Rao,cust_0102@example-bank.com,+91 6044213665,1969-05-20,"Flat 292, Block D",Pune,Maharashtra,432694,India,Low,2025-12-20 14:40:23
CUST_0103,Vikram,Reddy,cust_0103@example-bank.com,+91 7113569974,1963-10-26,"Flat 238, Block B",Delhi,Delhi,392406,India,Low,2025-07-09 14:33:38
CUST_0104,Priya,Patel,cust_0104@example-bank.com,+91 8288752083,1999-11-19,"Flat 473, Block A",Mumbai,Maharashtra,615297,India,Low,2025-12-04 11:22:10
CUST_0105,Ramesh,Gupta,cust_0105@example-bank.com,+91 7680374432,1983-06-03,"Flat 434, Block C",Chennai,Tamil Nadu,513192,India,Low,2026-03-14 07:04:56
CUST_0106,Suresh,Nair,cust_0106@example-bank.com,+91 7913064064,1991-09-23,"Flat 436, Block C",Ahmedabad,Gujarat,167816,India,Low,2026-03-23 14:29:28
CUST_0107,Suresh,Gupta,cust_0107@example-bank.com,+91 7949743730,1964-12-31,"Flat 383, Block A",Delhi,Delhi,557348,India,High,2025-06-27 06:10:35
CUST_0108,Ramesh,Kumbari,cust_0108@example-bank.com,+91 7487922319,1974-11-22,"Flat 362, Block C",Bengaluru,Karnataka,324449,India,Low,2025-04-13 09:06:39
CUST_0109,Vijay,Reddy,cust_0109@example-bank.com,+91 9365862127,1965-10-26,"Flat 374, Block D",Kolkata,West Bengal,375754,India,Low,2026-02-16 22:56:33
CUST_0110,Ramesh,Das,cust_0110@example-bank.com,+91 6885651738,1987-06-24,"Flat 428, Block A",Kolkata,West Bengal,496765,India,Low,2025-05-21 08:55:29
CUST_0111,Ramesh,Singh,cust_0111@example-bank.com,+91 8890823935,1998-11-17,"Flat 95, Block C",Chennai,Tamil Nadu,128925,India,Low,2025-07-20 16:52:06
CUST_0112,Neha,Kumbari,cust_0112@example-bank.com,+91 7895465096,1976-12-15,"Flat 233, Block D",Pune,Maharashtra,774231,India,Low,2026-01-21 21:19:48
CUST_0113,Amit,Gupta,cust_0113@example-bank.com,+91 7017434579,1995-08-01,"Flat 342, Block C",Chennai,Tamil Nadu,746175,India,Low,2025-10-14 18:27:25
CUST_0114,Rahul,Reddy,cust_0114@example-bank.com,+91 9509918347,1961-11-30,"Flat 200, Block B",Bengaluru,Karnataka,394772,India,Low,2026-01-21 19:59:29
CUST_0115,Amit,Sharma,cust_0115@example-bank.com,+91 7748769237,1960-01-19,"Flat 396, Block A",Mumbai,Maharashtra,559880,India,Low,2026-02-14 14:08:38
CUST_0116,Amit,Verma,cust_0116@example-bank.com,+91 9526264168,1972-06-07,"Flat 430, Block B",Chennai,Tamil Nadu,392054,India,Low,2025-07-23 23:04:08
CUST_0117,Neha,Sharma,cust_0117@example-bank.com,+91 8466143054,1975-05-28,"Flat 68, Block D",Kolkata,West Bengal,818395,India,Low,2026-02-16 17:08:25
CUST_0118,Rahul,Rao,cust_0118@example-bank.com,+91 7317714529,1975-05-29,"Flat 421, Block B",Hyderabad,Telangana,393439,India,Low,2025-05-06 03:07:36
CUST_0119,Shweta,Kumbari,cust_0119@example-bank.com,+91 7072481625,1972-12-15,"Flat 69, Block A",Kolkata,West Bengal,437029,India,Low,2026-03-20 22:22:25
CUST_0120,Ramesh,Sharma,cust_0120@example-bank.com,+91 8748152025,1972-04-25,"Flat 98, Block A",Pune,Maharashtra,589392,India,Low,2025-05-02 08:07:26
CUST_0121,Rahul,Reddy,cust_0121@example-bank.com,+91 7881064033,1998-11-11,"Flat 397, Block C",Ahmedabad,Gujarat,397430,India,Low,2025-12-29 10:20:10
CUST_0122,Amit,Verma,cust_0122@example-bank.com,+91 8526012120,1995-11-24,"Flat 165, Block A",Ahmedabad,Gujarat,773863,India,Low,2025-08-19 00:44:32
CUST_0123,Priya,Patel,cust_0123@example-bank.com,+91 8899060874,1975-11-17,"Flat 74, Block A",Bengaluru,Karnataka,197398,India,Low,2025-06-13 23:10:20
CUST_0124,Suresh,Patel,cust_0124@example-bank.com,+91 9329326215,1981-01-09,"Flat 359, Block D",Delhi,Delhi,217702,India,Low,2025-08-18 14:36:42
CUST_0125,Suresh,Singh,cust_0125@example-bank.com,+91 8461929398,1963-11-01,"Flat 156, Block D",Pune,Maharashtra,730171,India,Medium,2025-10-31 07:25:31
CUST_0126,Neha,Das,cust_0126@example-bank.com,+91 8679733966,1971-08-26,"Flat 235, Block B",Kolkata,West Bengal,786006,India,Low,2026-03-26 12:00:53
CUST_0127,Vikram,Sharma,cust_0127@example-bank.com,+91 8482839647,1981-11-25,"Flat 125, Block B",Bengaluru,Karnataka,769724,India,Low,2026-03-25 05:15:02
CUST_0128,Neha,Kumbari,cust_0128@example-bank.com,+91 8745944703,1995-01-17,"Flat 228, Block D",Bengaluru,Karnataka,679087,India,Low,2025-10-21 21:21:12
CUST_0129,Amit,Singh,cust_0129@example-bank.com,+91 6066477352,1997-12-18,"Flat 475, Block B",Delhi,Delhi,322853,India,Low,2025-11-28 10:32:13
CUST_0130,Ramesh,Rao,cust_0130@example-bank.com,+91 6651918964,1977-12-07,"Flat 224, Block D",Kolkata,West Bengal,306995,India,Low,2025-04-11 09:14:56
CUST_0131,Priya,Joshi,cust_0131@example-bank.com,+91 8602293590,1984-07-02,"Flat 315, Block B",Bengaluru,Karnataka,160867,India,Low,2026-03-25 09:19:53
CUST_0132,Neha,Verma,cust_0132@example-bank.com,+91 9768199802,1963-08-25,"Flat 144, Block B",Chennai,Tamil Nadu,562921,India,Low,2025-05-13 03:01:50
CUST_0133,Deepa,Nair,cust_0133@example-bank.com,+91 6924186508,1968-04-14,"Flat 448, Block B",Chennai,Tamil Nadu,333337,India,Medium,2025-09-22 23:18:27
CUST_0134,Amit,Rao,cust_0134@example-bank.com,+91 7971273128,1979-01-15,"Flat 397, Block A",Delhi,Delhi,238700,India,Medium,2026-02-13 08:07:44
CUST_0135,Vijay,Nair,cust_0135@example-bank.com,+91 7691098944,1992-03-12,"Flat 426, Block D",Chennai,Tamil Nadu,537077,India,Low,2025-08-03 10:44:40
CUST_0136,Amit,Verma,cust_0136@example-bank.com,+91 6833115723,1961-08-24,"Flat 476, Block D",Chennai,Tamil Nadu,456528,India,Low,2026-02-04 15:30:12
CUST_0137,Priya,Singh,cust_0137@example-bank.com,+91 8723184055,1973-02-06,"Flat 399, Block A",Ahmedabad,Gujarat,498833,India,Low,2025-08-08 00:36:20
CUST_0138,Deepa,Gupta,cust_0138@example-bank.com,+91 8470604476,2000-09-07,"Flat 216, Block D",Kolkata,West Bengal,205106,India,Low,2026-01-24 13:38:14
CUST_0139,Priya,Das,cust_0139@example-bank.com,+91 8049719261,1998-01-02,"Flat 18, Block C",Bengaluru,Karnataka,110101,India,Low,2025-05-10 16:36:48
CUST_0140,Deepa,Gupta,cust_0140@example-bank.com,+91 8626079912,1998-10-02,"Flat 141, Block C",Bengaluru,Karnataka,218316,India,Low,2025-11-13 05:20:33
CUST_0141,Deepa,Gupta,cust_0141@example-bank.com,+91 6957968499,1993-01-09,"Flat 331, Block A",Mumbai,Maharashtra,803696,India,Low,2025-08-17 16:53:18
CUST_0142,Anjali,Patel,cust_0142@example-bank.com,+91 8041373966,1982-02-02,"Flat 65, Block A",Chennai,Tamil Nadu,637545,India,Medium,2025-08-15 02:53:56
CUST_0143,Deepa,Joshi,cust_0143@example-bank.com,+91 6167969011,1980-02-22,"Flat 112, Block C",Ahmedabad,Gujarat,260867,India,Low,2026-03-17 15:04:40
CUST_0144,Deepa,Das,cust_0144@example-bank.com,+91 9533239114,1965-07-31,"Flat 232, Block C",Hyderabad,Telangana,406877,India,Low,2025-10-20 19:32:18
CUST_0145,Vikram,Gupta,cust_0145@example-bank.com,+91 8320400195,1977-11-30,"Flat 357, Block A",Chennai,Tamil Nadu,641830,India,Low,2025-11-30 20:25:23
CUST_0146,Anjali,Sharma,cust_0146@example-bank.com,+91 8203264009,1965-02-05,"Flat 429, Block B",Ahmedabad,Gujarat,768652,India,Low,2026-03-10 16:57:34
CUST_0147,Shweta,Joshi,cust_0147@example-bank.com,+91 8751267528,1982-04-13,"Flat 350, Block B",Ahmedabad,Gujarat,219912,India,Low,2025-08-19 17:30:14
CUST_0148,Shweta,Kumbari,cust_0148@example-bank.com,+91 9586229286,1961-04-08,"Flat 451, Block A",Hyderabad,Telangana,741955,India,Low,2025-04-21 20:28:38
CUST_0149,Vikram,Rao,cust_0149@example-bank.com,+91 7998086702,1976-01-26,"Flat 184, Block C",Ahmedabad,Gujarat,303114,India,Low,2025-12-12 23:51:31
CUST_0150,Anjali,Kumbari,cust_0150@example-bank.com,+91 6345913312,1970-04-15,"Flat 323, Block A",Kolkata,West Bengal,429903,India,Low,2026-03-14 18:24:59
CUST_0151,Rahul,Joshi,cust_0151@example-bank.com,+91 8935133267,1968-04-14,"Flat 376, Block B",Delhi,Delhi,610909,India,Low,2025-07-17 08:44:52
CUST_0152,Priya,Das,cust_0152@example-bank.com,+91 8324410006,1967-12-13,"Flat 134, Block B",Bengaluru,Karnataka,221670,India,Medium,2025-05-25 04:39:35
CUST_0153,Ramesh,Das,cust_0153@example-bank.com,+91 7265323243,1982-07-11,"Flat 105, Block A",Hyderabad,Telangana,776522,India,Low,2025-11-20 10:32:57
CUST_0154,Suresh,Reddy,cust_0154@example-bank.com,+91 7373301977,1983-11-25,"Flat 177, Block A",Mumbai,Maharashtra,434227,India,Low,2025-10-07 13:17:09
CUST_0155,Suresh,Gupta,cust_0155@example-bank.com,+91 6591153601,1985-08-28,"Flat 48, Block D",Ahmedabad,Gujarat,789993,India,Low,2025-11-25 23:53:08
CUST_0156,Vijay,Reddy,cust_0156@example-bank.com,+91 7116346728,1976-07-19,"Flat 242, Block B",Delhi,Delhi,749673,India,Low,2025-07-04 02:28:29
CUST_0157,Neha,Gupta,cust_0157@example-bank.com,+91 6457005106,1983-04-23,"Flat 177, Block B",Pune,Maharashtra,628029,India,Medium,2025-08-30 13:32:16
CUST_0158,Sneha,Das,cust_0158@example-bank.com,+91 6270289662,1962-03-03,"Flat 133, Block A",Pune,Maharashtra,181976,India,Low,2025-05-26 10:07:15
CUST_0159,Priya,Nair,cust_0159@example-bank.com,+91 7306297761,1970-12-17,"Flat 302, Block A",Mumbai,Maharashtra,426987,India,Medium,2025-11-02 03:43:08
CUST_0160,Vikram,Rao,cust_0160@example-bank.com,+91 8106734287,2000-03-19,"Flat 299, Block B",Ahmedabad,Gujarat,529826,India,Low,2025-12-12 12:11:47
CUST_0161,Deepa,Patel,cust_0161@example-bank.com,+91 6655002465,1984-09-23,"Flat 369, Block C",Hyderabad,Telangana,379646,India,Low,2025-11-19 16:27:23
CUST_0162,Rahul,Verma,cust_0162@example-bank.com,+91 7873087228,1967-12-12,"Flat 31, Block A",Mumbai,Maharashtra,508413,India,Low,2025-10-01 06:41:24
CUST_0163,Suresh,Mehta,cust_0163@example-bank.com,+91 7441338659,1978-05-05,"Flat 435, Block B",Ahmedabad,Gujarat,753094,India,Low,2025-11-20 15:09:58
CUST_0164,Neha,Rao,cust_0164@example-bank.com,+91 8673605453,1978-12-24,"Flat 383, Block A",Delhi,Delhi,123090,India,Low,2026-03-24 00:54:55
CUST_0165,Priya,Das,cust_0165@example-bank.com,+91 7260906978,1988-01-30,"Flat 158, Block D",Chennai,Tamil Nadu,800255,India,Low,2025-06-28 01:05:16
CUST_0166,Shweta,Nair,cust_0166@example-bank.com,+91 8377326142,1998-11-15,"Flat 153, Block C",Kolkata,West Bengal,565661,India,Low,2025-07-28 17:44:38
CUST_0167,Amit,Kumbari,cust_0167@example-bank.com,+91 6622046219,1979-09-05,"Flat 303, Block B",Mumbai,Maharashtra,176873,India,Medium,2026-02-06 15:17:43
CUST_0168,Amit,Singh,cust_0168@example-bank.com,+91 9179978429,1975-05-11,"Flat 274, Block A",Mumbai,Maharashtra,230024,India,Low,2025-11-19 00:40:42
CUST_0169,Sneha,Mehta,cust_0169@example-bank.com,+91 8389747359,1963-02-03,"Flat 366, Block A",Ahmedabad,Gujarat,731659,India,Low,2025-04-11 15:33:09
CUST_0170,Vikram,Mehta,cust_0170@example-bank.com,+91 8255546870,1989-11-06,"Flat 107, Block C",Mumbai,Maharashtra,817176,India,Low,2025-12-22 19:26:05
CUST_0171,Neha,Kumbari,cust_0171@example-bank.com,+91 7449969893,1979-11-28,"Flat 9, Block D",Chennai,Tamil Nadu,459755,India,Medium,2026-01-21 21:13:58
CUST_0172,Amit,Nair,cust_0172@example-bank.com,+91 9561988301,1996-11-13,"Flat 169, Block C",Hyderabad,Telangana,500517,India,Low,2025-10-15 15:28:36
CUST_0173,Suresh,Sharma,cust_0173@example-bank.com,+91 8175054852,1979-09-09,"Flat 276, Block A",Pune,Maharashtra,138857,India,Medium,2025-05-05 06:24:17
CUST_0174,Shweta,Verma,cust_0174@example-bank.com,+91 7749575736,1999-04-01,"Flat 293, Block D",Pune,Maharashtra,629612,India,Low,2026-03-07 01:29:27
CUST_0175,Vijay,Mehta,cust_0175@example-bank.com,+91 9528436884,1986-05-08,"Flat 484, Block D",Bengaluru,Karnataka,695268,India,High,2026-02-17 03:32:09
CUST_0176,Neha,Sharma,cust_0176@example-bank.com,+91 7089175892,1968-11-09,"Flat 135, Block C",Ahmedabad,Gujarat,789567,India,Low,2025-08-10 05:32:06
CUST_0177,Rahul,Nair,cust_0177@example-bank.com,+91 7361827295,1991-06-07,"Flat 498, Block D",Kolkata,West Bengal,152107,India,Low,2026-02-28 15:12:39
CUST_0178,Suresh,Nair,cust_0178@example-bank.com,+91 6784258234,1966-11-24,"Flat 211, Block A",Chennai,Tamil Nadu,230813,India,Low,2025-08-12 15:32:59
CUST_0179,Sneha,Mehta,cust_0179@example-bank.com,+91 8209511030,1962-12-17,"Flat 454, Block D",Ahmedabad,Gujarat,183361,India,Low,2025-09-21 13:41:19
CUST_0180,Suresh,Das,cust_0180@example-bank.com,+91 7151573768,1984-09-19,"Flat 94, Block A",Bengaluru,Karnataka,197152,India,Low,2025-11-27 15:22:38
CUST_0181,Rahul,Joshi,cust_0181@example-bank.com,+91 7398815118,1983-01-20,"Flat 277, Block C",Kolkata,West Bengal,618990,India,Low,2025-08-16 15:10:07
CUST_0182,Ramesh,Gupta,cust_0182@example-bank.com,+91 8329886753,1984-10-23,"Flat 144, Block B",Ahmedabad,Gujarat,291469,India,Low,2026-02-06 17:56:15
CUST_0183,Rahul,Singh,cust_0183@example-bank.com,+91 8194943032,1972-09-20,"Flat 273, Block B",Chennai,Tamil Nadu,180524,India,Low,2025-08-16 16:06:02
CUST_0184,Suresh,Verma,cust_0184@example-bank.com,+91 9859663297,1986-01-29,"Flat 18, Block A",Pune,Maharashtra,451291,India,Low,2025-05-03 13:52:18
CUST_0185,Rahul,Mehta,cust_0185@example-bank.com,+91 9049959045,1978-07-11,"Flat 23, Block D",Kolkata,West Bengal,148557,India,Low,2026-01-10 09:09:44
CUST_0186,Sneha,Verma,cust_0186@example-bank.com,+91 9170183190,2000-06-12,"Flat 238, Block C",Kolkata,West Bengal,774096,India,Low,2025-06-01 02:01:08
CUST_0187,Vijay,Verma,cust_0187@example-bank.com,+91 7063707688,1993-05-05,"Flat 105, Block D",Mumbai,Maharashtra,797787,India,Medium,2025-09-16 08:05:42
CUST_0188,Amit,Singh,cust_0188@example-bank.com,+91 9997413477,1991-11-15,"Flat 267, Block B",Delhi,Delhi,488974,India,Low,2025-09-26 01:49:53
CUST_0189,Priya,Rao,cust_0189@example-bank.com,+91 9703110478,1968-05-03,"Flat 446, Block B",Chennai,Tamil Nadu,149983,India,Low,2025-11-02 23:18:05
CUST_0190,Amit,Kumbari,cust_0190@example-bank.com,+91 7833071158,1997-08-20,"Flat 375, Block C",Bengaluru,Karnataka,717458,India,Medium,2026-02-12 06:03:35
CUST_0191,Deepa,Nair,cust_0191@example-bank.com,+91 8765704346,1983-07-17,"Flat 44, Block B",Bengaluru,Karnataka,215372,India,Low,2025-10-05 01:54:11
CUST_0192,Vijay,Sharma,cust_0192@example-bank.com,+91 8337767966,1989-02-18,"Flat 328, Block A",Kolkata,West Bengal,745685,India,High,2025-07-03 13:32:22
CUST_0193,Ramesh,Rao,cust_0193@example-bank.com,+91 6602521989,1961-04-16,"Flat 202, Block C",Mumbai,Maharashtra,453196,India,Medium,2025-12-05 04:38:04
CUST_0194,Anjali,Singh,cust_0194@example-bank.com,+91 8227268415,1981-10-23,"Flat 393, Block D",Bengaluru,Karnataka,434261,India,Low,2025-11-13 20:09:25
CUST_0195,Vikram,Reddy,cust_0195@example-bank.com,+91 6052037733,1992-11-17,"Flat 44, Block C",Chennai,Tamil Nadu,415562,India,Low,2025-08-21 11:05:34
CUST_0196,Anjali,Mehta,cust_0196@example-bank.com,+91 6586407269,1969-11-23,"Flat 418, Block B",Kolkata,West Bengal,555739,India,Low,2026-02-24 18:55:26
CUST_0197,Vikram,Sharma,cust_0197@example-bank.com,+91 6502134225,1985-04-01,"Flat 351, Block D",Mumbai,Maharashtra,620653,India,Low,2025-04-25 08:21:34
CUST_0198,Ramesh,Rao,cust_0198@example-bank.com,+91 9003257345,1999-09-23,"Flat 456, Block D",Bengaluru,Karnataka,226795,India,Low,2025-06-22 21:32:39
CUST_0199,Rahul,Verma,cust_0199@example-bank.com,+91 9469553667,1973-12-12,"Flat 152, Block C",Ahmedabad,Gujarat,170357,India,Low,2026-01-20 19:29:16
CUST_0200,Suresh,Singh,cust_0200@example-bank.com,+91 9468158185,1966-11-14,"Flat 481, Block D",Kolkata,West Bengal,205334,India,Low,2025-05-12 17:31:07
CUST_0201,Deepa,Gupta,cust_0201@example-bank.com,+91 7153936869,1977-02-05,"Flat 262, Block A",Ahmedabad,Gujarat,742650,India,Low,2025-07-13 17:18:19
CUST_0202,Ramesh,Joshi,cust_0202@example-bank.com,+91 6194268012,1973-10-25,"Flat 122, Block D",Delhi,Delhi,165723,India,Low,2026-01-12 06:19:33
CUST_0203,Neha,Kumbari,cust_0203@example-bank.com,+91 7519572639,1991-05-25,"Flat 226, Block C",Delhi,Delhi,677225,India,Low,2026-01-21 16:14:35
CUST_0204,Vikram,Reddy,cust_0204@example-bank.com,+91 7366797835,1978-10-21,"Flat 200, Block A",Delhi,Delhi,250277,India,Low,2025-11-13 06:30:33
CUST_0205,Vijay,Kumbari,cust_0205@example-bank.com,+91 6078785997,1998-04-19,"Flat 12, Block C",Kolkata,West Bengal,841226,India,Medium,2026-02-20 23:31:23
CUST_0206,Neha,Singh,cust_0206@example-bank.com,+91 7112157104,1983-02-15,"Flat 415, Block B",Delhi,Delhi,121483,India,Low,2026-02-07 06:52:45
CUST_0207,Neha,Gupta,cust_0207@example-bank.com,+91 9069902533,1967-06-12,"Flat 388, Block C",Pune,Maharashtra,758675,India,Low,2025-07-01 19:29:31
CUST_0208,Anjali,Das,cust_0208@example-bank.com,+91 6355066583,1989-05-03,"Flat 303, Block D",Mumbai,Maharashtra,285342,India,Low,2026-01-02 00:35:55
CUST_0209,Shweta,Singh,cust_0209@example-bank.com,+91 9480553765,1993-01-17,"Flat 166, Block A",Pune,Maharashtra,564304,India,Low,2026-03-08 20:55:38
CUST_0210,Vikram,Rao,cust_0210@example-bank.com,+91 9774283571,1980-04-11,"Flat 234, Block C",Ahmedabad,Gujarat,560721,India,Low,2025-09-01 19:59:27
CUST_0211,Deepa,Mehta,cust_0211@example-bank.com,+91 6082294177,1967-11-28,"Flat 103, Block D",Kolkata,West Bengal,806867,India,Low,2025-12-07 17:23:21
CUST_0212,Amit,Singh,cust_0212@example-bank.com,+91 9142402598,1970-12-15,"Flat 4, Block D",Hyderabad,Telangana,245978,India,Low,2026-01-10 02:55:13
CUST_0213,Anjali,Gupta,cust_0213@example-bank.com,+91 9081598760,1986-12-31,"Flat 295, Block C",Mumbai,Maharashtra,621175,India,Low,2026-01-03 13:03:10
CUST_0214,Suresh,Kumbari,cust_0214@example-bank.com,+91 8675183818,1960-01-25,"Flat 283, Block A",Mumbai,Maharashtra,568492,India,Low,2026-01-03 06:19:02
CUST_0215,Vikram,Kumbari,cust_0215@example-bank.com,+91 8517418111,1985-02-14,"Flat 166, Block C",Ahmedabad,Gujarat,825986,India,Low,2025-06-10 08:06:11
CUST_0216,Suresh,Reddy,cust_0216@example-bank.com,+91 9002266076,1993-06-09,"Flat 62, Block D",Chennai,Tamil Nadu,802637,India,Low,2025-08-11 20:14:03
CUST_0217,Ramesh,Gupta,cust_0217@example-bank.com,+91 6162702334,1994-04-03,"Flat 316, Block C",Pune,Maharashtra,840810,India,Low,2025-10-28 18:12:56
CUST_0218,Rahul,Rao,cust_0218@example-bank.com,+91 9318476115,1985-07-14,"Flat 322, Block A",Pune,Maharashtra,316143,India,Low,2026-02-03 00:29:20
CUST_0219,Ramesh,Kumbari,cust_0219@example-bank.com,+91 7399944475,1962-11-16,"Flat 31, Block B",Chennai,Tamil Nadu,283268,India,Low,2025-05-21 12:45:28
CUST_0220,Neha,Nair,cust_0220@example-bank.com,+91 7566944170,1992-07-25,"Flat 112, Block B",Bengaluru,Karnataka,520377,India,Medium,2026-03-17 20:20:01
CUST_0221,Vijay,Das,cust_0221@example-bank.com,+91 7273242680,1987-02-06,"Flat 292, Block B",Pune,Maharashtra,690990,India,Low,2025-06-26 20:29:41
CUST_0222,Priya,Patel,cust_0222@example-bank.com,+91 9558811155,1987-02-12,"Flat 305, Block C",Pune,Maharashtra,509994,India,Low,2025-11-11 06:53:25
CUST_0223,Neha,Kumbari,cust_0223@example-bank.com,+91 6552498752,1996-04-24,"Flat 468, Block C",Chennai,Tamil Nadu,410174,India,Low,2026-03-05 04:53:36
CUST_0224,Suresh,Rao,cust_0224@example-bank.com,+91 7778696655,1986-02-17,"Flat 96, Block B",Chennai,Tamil Nadu,767991,India,Medium,2025-06-30 22:08:16
CUST_0225,Deepa,Singh,cust_0225@example-bank.com,+91 7508565527,1999-02-14,"Flat 197, Block B",Delhi,Delhi,409669,India,Low,2025-06-26 17:02:52
CUST_0226,Ramesh,Mehta,cust_0226@example-bank.com,+91 6999360648,1979-08-02,"Flat 316, Block C",Chennai,Tamil Nadu,777631,India,Low,2026-02-25 01:30:37
CUST_0227,Rahul,Singh,cust_0227@example-bank.com,+91 6601448753,1997-05-11,"Flat 463, Block D",Chennai,Tamil Nadu,604018,India,Low,2025-09-16 10:16:07
CUST_0228,Shweta,Gupta,cust_0228@example-bank.com,+91 6966657646,1982-12-23,"Flat 225, Block C",Bengaluru,Karnataka,762058,India,Low,2025-09-30 02:59:57
CUST_0229,Neha,Sharma,cust_0229@example-bank.com,+91 6925543870,1968-06-03,"Flat 115, Block D",Mumbai,Maharashtra,809764,India,Low,2026-01-26 20:22:51
CUST_0230,Sneha,Patel,cust_0230@example-bank.com,+91 6062811781,2000-10-27,"Flat 427, Block A",Mumbai,Maharashtra,516149,India,Low,2025-06-28 01:27:41
CUST_0231,Deepa,Rao,cust_0231@example-bank.com,+91 9209294392,1977-02-05,"Flat 154, Block D",Bengaluru,Karnataka,642082,India,Low,2026-03-10 05:53:52
CUST_0232,Priya,Reddy,cust_0232@example-bank.com,+91 9988548822,1976-02-20,"Flat 157, Block C",Hyderabad,Telangana,599693,India,Low,2025-12-28 14:24:45
CUST_0233,Anjali,Verma,cust_0233@example-bank.com,+91 8821720211,1977-09-27,"Flat 28, Block A",Bengaluru,Karnataka,528450,India,Medium,2026-02-17 13:39:52
CUST_0234,Deepa,Rao,cust_0234@example-bank.com,+91 6032131976,1990-05-14,"Flat 379, Block C",Mumbai,Maharashtra,163673,India,Low,2025-10-24 13:44:51
CUST_0235,Sneha,Patel,cust_0235@example-bank.com,+91 9955163842,1986-03-14,"Flat 404, Block C",Mumbai,Maharashtra,603515,India,Low,2026-02-16 10:59:15
CUST_0236,Vikram,Sharma,cust_0236@example-bank.com,+91 9828809274,1964-05-26,"Flat 300, Block B",Chennai,Tamil Nadu,569498,India,Low,2025-10-29 16:29:44
CUST_0237,Rahul,Singh,cust_0237@example-bank.com,+91 8194204153,1982-12-25,"Flat 498, Block A",Pune,Maharashtra,466695,India,Low,2025-10-11 06:45:46
CUST_0238,Neha,Gupta,cust_0238@example-bank.com,+91 9470979207,1985-07-09,"Flat 72, Block C",Hyderabad,Telangana,758565,India,Medium,2026-01-05 07:47:00
CUST_0239,Vikram,Patel,cust_0239@example-bank.com,+91 8190380477,1973-05-29,"Flat 462, Block A",Pune,Maharashtra,762365,India,Low,2025-09-03 03:39:28
CUST_0240,Priya,Reddy,cust_0240@example-bank.com,+91 7795286414,1988-07-11,"Flat 213, Block B",Kolkata,West Bengal,794904,India,Low,2025-12-16 22:25:43
CUST_0241,Shweta,Rao,cust_0241@example-bank.com,+91 9977784337,1998-12-18,"Flat 289, Block A",Mumbai,Maharashtra,760994,India,Low,2026-02-04 08:36:07
CUST_0242,Deepa,Nair,cust_0242@example-bank.com,+91 9739635860,1977-08-14,"Flat 59, Block C",Chennai,Tamil Nadu,552480,India,Low,2026-01-01 08:14:07
CUST_0243,Sneha,Reddy,cust_0243@example-bank.com,+91 7706281266,1998-02-26,"Flat 200, Block B",Mumbai,Maharashtra,304881,India,Low,2025-12-10 05:57:34
CUST_0244,Vijay,Patel,cust_0244@example-bank.com,+91 8424489704,1968-06-02,"Flat 474, Block D",Kolkata,West Bengal,834489,India,Low,2025-08-14 07:26:37
CUST_0245,Anjali,Verma,cust_0245@example-bank.com,+91 9114021616,1975-10-05,"Flat 129, Block A",Kolkata,West Bengal,612210,India,Low,2025-10-17 20:08:22
CUST_0246,Anjali,Mehta,cust_0246@example-bank.com,+91 6093689818,1982-06-12,"Flat 234, Block C",Hyderabad,Telangana,825274,India,Low,2025-04-29 12:41:29
CUST_0247,Neha,Singh,cust_0247@example-bank.com,+91 9795680609,1983-09-27,"Flat 73, Block C",Chennai,Tamil Nadu,200517,India,Low,2025-05-27 21:52:23
CUST_0248,Priya,Rao,cust_0248@example-bank.com,+91 6747550453,1978-05-15,"Flat 49, Block B",Hyderabad,Telangana,557548,India,Low,2025-10-06 16:26:50
CUST_0249,Anjali,Patel,cust_0249@example-bank.com,+91 7720946887,1979-04-02,"Flat 34, Block A",Pune,Maharashtra,180309,India,Low,2025-05-12 12:59:43
CUST_0250,Deepa,Sharma,cust_0250@example-bank.com,+91 6900882606,1977-05-07,"Flat 208, Block B",Pune,Maharashtra,281870,India,Low,2025-11-15 17:16:38
CUST_0251,Amit,Sharma,cust_0251@example-bank.com,+91 9820269156,1963-01-30,"Flat 32, Block D",Pune,Maharashtra,848453,India,Low,2025-10-05 07:03:32
CUST_0252,Sneha,Mehta,cust_0252@example-bank.com,+91 6337756631,1979-04-13,"Flat 481, Block D",Pune,Maharashtra,272532,India,Low,2025-06-28 20:19:29
CUST_0253,Deepa,Das,cust_0253@example-bank.com,+91 9559045645,1967-05-08,"Flat 80, Block C",Mumbai,Maharashtra,373721,India,Low,2025-05-17 12:37:20
CUST_0254,Rahul,Singh,cust_0254@example-bank.com,+91 9828787145,1993-03-30,"Flat 484, Block D",Ahmedabad,Gujarat,470610,India,Low,2025-12-17 12:38:36
CUST_0255,Vijay,Nair,cust_0255@example-bank.com,+91 7647848419,1990-04-02,"Flat 7, Block A",Mumbai,Maharashtra,836544,India,Low,2026-01-07 01:07:18
CUST_0256,Suresh,Verma,cust_0256@example-bank.com,+91 7627015288,1989-03-19,"Flat 64, Block D",Delhi,Delhi,629230,India,High,2025-06-03 01:04:24
CUST_0257,Priya,Singh,cust_0257@example-bank.com,+91 7342083005,1985-07-01,"Flat 314, Block B",Chennai,Tamil Nadu,280737,India,Medium,2025-06-14 01:37:14
CUST_0258,Vikram,Singh,cust_0258@example-bank.com,+91 9920143921,1992-03-15,"Flat 448, Block C",Bengaluru,Karnataka,286004,India,Low,2026-01-21 03:37:47
CUST_0259,Neha,Verma,cust_0259@example-bank.com,+91 8410710065,1996-11-14,"Flat 9, Block A",Mumbai,Maharashtra,392471,India,Low,2025-09-04 17:11:14
CUST_0260,Ramesh,Nair,cust_0260@example-bank.com,+91 6589394901,1990-03-27,"Flat 96, Block B",Chennai,Tamil Nadu,783176,India,Low,2025-11-18 11:16:41
CUST_0261,Sneha,Joshi,cust_0261@example-bank.com,+91 6562808447,1997-08-28,"Flat 469, Block C",Chennai,Tamil Nadu,848700,India,Medium,2025-09-15 02:16:02
CUST_0262,Priya,Gupta,cust_0262@example-bank.com,+91 7475848159,1968-11-02,"Flat 111, Block A",Delhi,Delhi,199935,India,Low,2026-02-15 06:15:47
CUST_0263,Suresh,Das,cust_0263@example-bank.com,+91 6455905245,1978-06-15,"Flat 210, Block D",Ahmedabad,Gujarat,351817,India,Low,2025-10-27 14:28:53
CUST_0264,Deepa,Singh,cust_0264@example-bank.com,+91 6513888142,1973-04-16,"Flat 419, Block A",Pune,Maharashtra,738672,India,Low,2025-06-30 03:19:13
CUST_0265,Amit,Rao,cust_0265@example-bank.com,+91 6587201789,1999-01-20,"Flat 145, Block A",Kolkata,West Bengal,458956,India,Low,2025-09-13 18:52:03
CUST_0266,Sneha,Singh,cust_0266@example-bank.com,+91 8024627372,2000-05-17,"Flat 69, Block D",Kolkata,West Bengal,383682,India,Low,2026-03-30 01:48:40
CUST_0267,Deepa,Das,cust_0267@example-bank.com,+91 8565001780,2000-12-18,"Flat 52, Block C",Chennai,Tamil Nadu,482310,India,Low,2026-03-24 09:16:46
CUST_0268,Suresh,Mehta,cust_0268@example-bank.com,+91 8814465553,1998-08-26,"Flat 269, Block B",Pune,Maharashtra,278712,India,Low,2025-05-07 05:16:52
CUST_0269,Neha,Nair,cust_0269@example-bank.com,+91 9229258301,1988-10-01,"Flat 96, Block C",Ahmedabad,Gujarat,804542,India,Low,2025-07-28 10:30:54
CUST_0270,Deepa,Verma,cust_0270@example-bank.com,+91 7538109483,1962-06-10,"Flat 85, Block C",Bengaluru,Karnataka,623458,India,Low,2025-07-18 07:02:20
CUST_0271,Ramesh,Rao,cust_0271@example-bank.com,+91 9964416046,2000-09-28,"Flat 187, Block C",Hyderabad,Telangana,356114,India,Low,2026-01-18 09:54:12
CUST_0272,Sneha,Kumbari,cust_0272@example-bank.com,+91 9981521801,1976-11-29,"Flat 295, Block D",Delhi,Delhi,590683,India,Low,2025-10-24 10:18:23
CUST_0273,Suresh,Mehta,cust_0273@example-bank.com,+91 7018677574,1981-07-21,"Flat 467, Block A",Ahmedabad,Gujarat,216079,India,Low,2025-10-17 14:50:05
CUST_0274,Suresh,Kumbari,cust_0274@example-bank.com,+91 6972995540,1990-05-24,"Flat 341, Block D",Pune,Maharashtra,395076,India,Low,2025-11-08 11:18:38
CUST_0275,Anjali,Singh,cust_0275@example-bank.com,+91 6762660653,1998-12-01,"Flat 253, Block B",Chennai,Tamil Nadu,479126,India,High,2025-10-02 14:54:08
CUST_0276,Rahul,Verma,cust_0276@example-bank.com,+91 9699243894,1995-05-01,"Flat 309, Block A",Mumbai,Maharashtra,310948,India,Low,2025-09-28 12:30:36
CUST_0277,Suresh,Das,cust_0277@example-bank.com,+91 9329418560,1977-05-21,"Flat 282, Block A",Kolkata,West Bengal,474415,India,Low,2025-09-15 06:12:51
CUST_0278,Suresh,Sharma,cust_0278@example-bank.com,+91 9938523009,1963-04-23,"Flat 181, Block B",Chennai,Tamil Nadu,411306,India,Low,2025-12-22 16:28:41
CUST_0279,Neha,Reddy,cust_0279@example-bank.com,+91 7254692092,1986-01-06,"Flat 323, Block B",Chennai,Tamil Nadu,138783,India,Low,2025-12-31 11:57:57
CUST_0280,Amit,Rao,cust_0280@example-bank.com,+91 8802785970,1962-01-17,"Flat 344, Block D",Ahmedabad,Gujarat,841963,India,Low,2025-08-30 15:12:45
CUST_0281,Neha,Patel,cust_0281@example-bank.com,+91 9309753676,1969-01-27,"Flat 243, Block D",Ahmedabad,Gujarat,628926,India,Low,2025-08-17 00:19:40
CUST_0282,Ramesh,Kumbari,cust_0282@example-bank.com,+91 9252701294,1971-06-29,"Flat 446, Block D",Delhi,Delhi,515179,India,Low,2025-04-10 16:09:06
CUST_0283,Vikram,Kumbari,cust_0283@example-bank.com,+91 9047788501,1967-01-09,"Flat 297, Block C",Hyderabad,Telangana,367350,India,Low,2025-08-05 01:00:54
CUST_0284,Anjali,Singh,cust_0284@example-bank.com,+91 6468557205,1974-10-05,"Flat 42, Block A",Mumbai,Maharashtra,832510,India,Medium,2025-12-10 14:24:13
CUST_0285,Vijay,Sharma,cust_0285@example-bank.com,+91 6173140483,1977-11-06,"Flat 72, Block C",Chennai,Tamil Nadu,253792,India,Low,2026-03-30 12:46:37
CUST_0286,Amit,Joshi,cust_0286@example-bank.com,+91 6239657036,1980-01-18,"Flat 388, Block D",Bengaluru,Karnataka,500009,India,Low,2025-11-12 13:24:07
CUST_0287,Vikram,Verma,cust_0287@example-bank.com,+91 7869787949,1967-05-12,"Flat 225, Block D",Chennai,Tamil Nadu,321002,India,Low,2025-04-18 07:09:48
CUST_0288,Amit,Verma,cust_0288@example-bank.com,+91 7070006063,1975-11-23,"Flat 196, Block C",Delhi,Delhi,230610,India,Medium,2025-06-30 08:05:49
CUST_0289,Ramesh,Joshi,cust_0289@example-bank.com,+91 6490865806,1989-04-21,"Flat 381, Block B",Hyderabad,Telangana,715987,India,Low,2026-01-30 03:06:06
CUST_0290,Suresh,Reddy,cust_0290@example-bank.com,+91 8770887574,1979-08-28,"Flat 35, Block A",Kolkata,West Bengal,377977,India,Low,2025-12-16 11:54:45
CUST_0291,Deepa,Nair,cust_0291@example-bank.com,+91 8961703615,1988-12-12,"Flat 422, Block A",Ahmedabad,Gujarat,612286,India,Low,2025-08-08 04:40:55
CUST_0292,Vijay,Verma,cust_0292@example-bank.com,+91 8358919120,1989-04-15,"Flat 32, Block A",Ahmedabad,Gujarat,518636,India,Low,2025-06-01 23:03:51
CUST_0293,Rahul,Sharma,cust_0293@example-bank.com,+91 7800680780,1982-11-04,"Flat 213, Block D",Hyderabad,Telangana,728395,India,Low,2025-09-17 16:09:54
CUST_0294,Shweta,Das,cust_0294@example-bank.com,+91 7615987453,1969-03-10,"Flat 42, Block A",Mumbai,Maharashtra,778893,India,Low,2025-07-17 05:47:07
CUST_0295,Suresh,Patel,cust_0295@example-bank.com,+91 9459623990,2000-09-24,"Flat 265, Block A",Kolkata,West Bengal,202043,India,Low,2025-08-05 20:37:14
CUST_0296,Vikram,Nair,cust_0296@example-bank.com,+91 7891556359,1980-06-19,"Flat 264, Block C",Delhi,Delhi,140834,India,Low,2025-04-09 17:36:55
CUST_0297,Rahul,Kumbari,cust_0297@example-bank.com,+91 8527863930,1990-10-28,"Flat 289, Block B",Delhi,Delhi,643207,India,Low,2025-11-09 08:35:40
CUST_0298,Anjali,Nair,cust_0298@example-bank.com,+91 9121283218,1969-02-11,"Flat 424, Block C",Ahmedabad,Gujarat,581338,India,Low,2025-04-22 04:25:30
CUST_0299,Anjali,Singh,cust_0299@example-bank.com,+91 6130427372,1971-01-04,"Flat 425, Block A",Mumbai,Maharashtra,528807,India,Low,2025-06-23 06:07:57
CUST_0300,Ramesh,Kumbari,cust_0300@example-bank.com,+91 9735658379,1992-07-16,"Flat 196, Block B",Pune,Maharashtra,324712,India,Low,2026-02-03 12:37:44
CUST_0301,Ramesh,Verma,cust_0301@example-bank.com,+91 6915612073,1973-05-30,"Flat 2, Block D",Hyderabad,Telangana,361723,India,Low,2026-02-17 20:43:46
CUST_0302,Sneha,Das,cust_0302@example-bank.com,+91 8237436645,1992-09-02,"Flat 340, Block A",Delhi,Delhi,444663,India,Low,2025-07-20 22:14:50
CUST_0303,Suresh,Das,cust_0303@example-bank.com,+91 8711993935,1998-12-05,"Flat 185, Block C",Bengaluru,Karnataka,318755,India,Low,2025-12-14 20:18:55
CUST_0304,Vijay,Das,cust_0304@example-bank.com,+91 6534760328,1961-11-29,"Flat 496, Block D",Chennai,Tamil Nadu,817120,India,Low,2025-07-08 05:42:22
CUST_0305,Neha,Joshi,cust_0305@example-bank.com,+91 7448459555,1968-09-05,"Flat 455, Block A",Hyderabad,Telangana,123686,India,Low,2025-10-20 23:25:58
CUST_0306,Rahul,Kumbari,cust_0306@example-bank.com,+91 6140389714,1963-10-25,"Flat 333, Block D",Pune,Maharashtra,585560,India,Low,2026-01-19 18:45:46
CUST_0307,Amit,Nair,cust_0307@example-bank.com,+91 7585746289,1965-01-13,"Flat 488, Block A",Delhi,Delhi,478254,India,Low,2025-11-27 23:20:41
CUST_0308,Priya,Das,cust_0308@example-bank.com,+91 6373970548,1981-08-22,"Flat 253, Block C",Mumbai,Maharashtra,746174,India,Low,2025-06-29 00:40:43
CUST_0309,Anjali,Mehta,cust_0309@example-bank.com,+91 8854565648,1984-04-09,"Flat 21, Block A",Pune,Maharashtra,789625,India,Low,2026-01-09 04:56:19
CUST_0310,Sneha,Joshi,cust_0310@example-bank.com,+91 8115690211,1963-09-05,"Flat 394, Block D",Kolkata,West Bengal,792169,India,Low,2026-01-30 02:23:06
CUST_0311,Deepa,Singh,cust_0311@example-bank.com,+91 9248230803,1963-04-28,"Flat 395, Block D",Chennai,Tamil Nadu,709611,India,Low,2025-04-12 15:31:52
CUST_0312,Ramesh,Sharma,cust_0312@example-bank.com,+91 6604771801,1986-04-26,"Flat 379, Block B",Mumbai,Maharashtra,556793,India,Low,2025-12-05 15:19:38
CUST_0313,Sneha,Patel,cust_0313@example-bank.com,+91 6527903257,1982-04-15,"Flat 444, Block B",Delhi,Delhi,611553,India,Low,2025-11-01 22:25:38
CUST_0314,Suresh,Patel,cust_0314@example-bank.com,+91 6617736151,1977-03-23,"Flat 230, Block D",Kolkata,West Bengal,136980,India,Medium,2025-09-21 08:00:37
CUST_0315,Amit,Sharma,cust_0315@example-bank.com,+91 7009372845,1970-09-30,"Flat 164, Block A",Delhi,Delhi,638148,India,Low,2025-07-11 02:50:14
CUST_0316,Amit,Das,cust_0316@example-bank.com,+91 8961292233,1985-11-05,"Flat 58, Block D",Chennai,Tamil Nadu,158032,India,Low,2025-06-29 10:42:10
CUST_0317,Suresh,Kumbari,cust_0317@example-bank.com,+91 9497854036,1966-03-18,"Flat 17, Block B",Hyderabad,Telangana,800654,India,Low,2025-09-08 06:27:11
CUST_0318,Deepa,Das,cust_0318@example-bank.com,+91 6169033461,1994-12-09,"Flat 412, Block B",Mumbai,Maharashtra,227086,India,Medium,2026-02-03 07:32:13
CUST_0319,Deepa,Reddy,cust_0319@example-bank.com,+91 9379366422,1963-10-06,"Flat 495, Block A",Chennai,Tamil Nadu,841645,India,Low,2025-09-24 01:52:54
CUST_0320,Priya,Verma,cust_0320@example-bank.com,+91 7740954829,1996-11-22,"Flat 21, Block C",Hyderabad,Telangana,535044,India,Low,2025-12-03 16:14:37
CUST_0321,Neha,Rao,cust_0321@example-bank.com,+91 8231936739,1999-07-22,"Flat 476, Block D",Mumbai,Maharashtra,139217,India,Low,2025-07-27 14:30:24
CUST_0322,Sneha,Kumbari,cust_0322@example-bank.com,+91 8092482265,1967-04-01,"Flat 242, Block C",Chennai,Tamil Nadu,681397,India,High,2025-12-06 16:41:20
CUST_0323,Rahul,Singh,cust_0323@example-bank.com,+91 8408819083,1989-06-05,"Flat 64, Block A",Ahmedabad,Gujarat,397737,India,Low,2025-07-02 16:08:23
CUST_0324,Anjali,Mehta,cust_0324@example-bank.com,+91 8641348778,1990-05-29,"Flat 448, Block C",Pune,Maharashtra,471693,India,Medium,2025-08-11 23:04:26
CUST_0325,Shweta,Joshi,cust_0325@example-bank.com,+91 9711974700,1999-07-10,"Flat 430, Block D",Pune,Maharashtra,417563,India,Low,2025-11-03 08:54:42
CUST_0326,Ramesh,Joshi,cust_0326@example-bank.com,+91 8190603027,1983-07-19,"Flat 217, Block A",Kolkata,West Bengal,673870,India,Medium,2025-05-15 16:52:53
CUST_0327,Shweta,Singh,cust_0327@example-bank.com,+91 8693698472,2000-11-11,"Flat 398, Block A",Ahmedabad,Gujarat,498585,India,Low,2025-11-26 13:57:09
CUST_0328,Suresh,Joshi,cust_0328@example-bank.com,+91 6983447633,1971-04-09,"Flat 83, Block D",Kolkata,West Bengal,790654,India,Low,2025-06-22 12:24:29
CUST_0329,Anjali,Nair,cust_0329@example-bank.com,+91 6308616236,1993-03-05,"Flat 128, Block D",Pune,Maharashtra,701388,India,Low,2025-10-24 02:07:10
CUST_0330,Ramesh,Gupta,cust_0330@example-bank.com,+91 9366328894,1962-04-18,"Flat 349, Block C",Mumbai,Maharashtra,787145,India,Low,2025-07-26 10:37:53
CUST_0331,Vijay,Gupta,cust_0331@example-bank.com,+91 8901168602,1971-10-16,"Flat 404, Block C",Bengaluru,Karnataka,264710,India,Low,2026-01-05 05:53:07
CUST_0332,Suresh,Singh,cust_0332@example-bank.com,+91 6863053293,1975-06-26,"Flat 176, Block A",Pune,Maharashtra,843712,India,Low,2025-05-03 20:44:36
CUST_0333,Rahul,Gupta,cust_0333@example-bank.com,+91 8843468724,1991-06-29,"Flat 58, Block A",Bengaluru,Karnataka,464393,India,Low,2025-07-08 22:05:17
CUST_0334,Vijay,Kumbari,cust_0334@example-bank.com,+91 8040119840,1996-08-18,"Flat 68, Block B",Mumbai,Maharashtra,675745,India,Low,2025-08-21 23:49:02
CUST_0335,Shweta,Rao,cust_0335@example-bank.com,+91 8974229718,1998-08-17,"Flat 272, Block D",Kolkata,West Bengal,217643,India,Low,2026-01-28 19:19:48
CUST_0336,Suresh,Patel,cust_0336@example-bank.com,+91 7843127250,1989-10-02,"Flat 173, Block B",Pune,Maharashtra,388727,India,Low,2025-12-10 20:31:23
CUST_0337,Shweta,Verma,cust_0337@example-bank.com,+91 8541008172,1991-10-25,"Flat 466, Block B",Bengaluru,Karnataka,813700,India,Low,2025-11-29 08:58:39
CUST_0338,Neha,Das,cust_0338@example-bank.com,+91 8002338527,1994-07-15,"Flat 279, Block D",Delhi,Delhi,213367,India,Low,2025-06-18 14:46:39
CUST_0339,Vijay,Kumbari,cust_0339@example-bank.com,+91 8575356483,1969-05-17,"Flat 137, Block B",Delhi,Delhi,174096,India,Low,2026-01-28 07:51:46
CUST_0340,Sneha,Rao,cust_0340@example-bank.com,+91 7098908629,1970-12-08,"Flat 156, Block A",Delhi,Delhi,570345,India,Low,2025-10-17 20:24:32
CUST_0341,Anjali,Verma,cust_0341@example-bank.com,+91 9782007142,1992-10-28,"Flat 339, Block B",Pune,Maharashtra,163228,India,Low,2025-11-08 00:54:06
CUST_0342,Anjali,Mehta,cust_0342@example-bank.com,+91 9395802738,1992-02-24,"Flat 283, Block C",Hyderabad,Telangana,735112,India,Low,2026-01-27 02:01:40
CUST_0343,Vijay,Patel,cust_0343@example-bank.com,+91 6973238539,1978-10-26,"Flat 300, Block A",Delhi,Delhi,704137,India,Low,2025-11-08 22:31:40
CUST_0344,Vijay,Patel,cust_0344@example-bank.com,+91 8776947269,1999-11-10,"Flat 470, Block C",Chennai,Tamil Nadu,475520,India,Low,2025-10-17 09:24:11
CUST_0345,Anjali,Das,cust_0345@example-bank.com,+91 7595173359,1994-08-11,"Flat 34, Block C",Chennai,Tamil Nadu,476227,India,Low,2026-03-26 10:56:33
CUST_0346,Neha,Kumbari,cust_0346@example-bank.com,+91 9656757266,1964-02-28,"Flat 90, Block C",Delhi,Delhi,326859,India,Low,2026-02-09 08:57:03
CUST_0347,Neha,Verma,cust_0347@example-bank.com,+91 6954919249,1966-10-17,"Flat 365, Block A",Delhi,Delhi,688465,India,Low,2025-10-08 04:20:33
CUST_0348,Vikram,Kumbari,cust_0348@example-bank.com,+91 6512741175,1991-11-18,"Flat 412, Block C",Pune,Maharashtra,754107,India,Medium,2025-06-09 14:50:05
CUST_0349,Sneha,Das,cust_0349@example-bank.com,+91 8984840944,1972-10-20,"Flat 18, Block A",Bengaluru,Karnataka,118084,India,Low,2026-01-17 05:24:00
CUST_0350,Vijay,Verma,cust_0350@example-bank.com,+91 6460161212,2000-06-23,"Flat 440, Block A",Ahmedabad,Gujarat,310925,India,Medium,2026-01-09 22:43:48
CUST_0351,Sneha,Patel,cust_0351@example-bank.com,+91 9290784950,1961-06-06,"Flat 198, Block C",Delhi,Delhi,546656,India,Low,2025-09-03 15:52:23
CUST_0352,Ramesh,Verma,cust_0352@example-bank.com,+91 6093217226,2000-05-07,"Flat 264, Block D",Delhi,Delhi,644101,India,Low,2025-07-27 17:21:38
CUST_0353,Rahul,Joshi,cust_0353@example-bank.com,+91 8582604323,1968-01-09,"Flat 411, Block D",Chennai,Tamil Nadu,738468,India,Low,2025-10-29 16:04:58
CUST_0354,Vijay,Das,cust_0354@example-bank.com,+91 8480949005,1967-11-09,"Flat 348, Block C",Mumbai,Maharashtra,407861,India,Low,2025-08-30 01:00:56
CUST_0355,Rahul,Mehta,cust_0355@example-bank.com,+91 7933738494,1962-05-06,"Flat 350, Block D",Kolkata,West Bengal,345821,India,Low,2026-03-15 14:11:53
CUST_0356,Amit,Rao,cust_0356@example-bank.com,+91 6844067648,1960-08-26,"Flat 136, Block A",Hyderabad,Telangana,632160,India,Low,2025-05-14 02:49:31
CUST_0357,Deepa,Singh,cust_0357@example-bank.com,+91 8885968958,1996-09-21,"Flat 2, Block B",Mumbai,Maharashtra,526289,India,Medium,2025-07-14 02:30:10
CUST_0358,Amit,Sharma,cust_0358@example-bank.com,+91 9430091167,1969-01-05,"Flat 148, Block D",Bengaluru,Karnataka,836398,India,Low,2025-11-10 17:20:16
CUST_0359,Anjali,Mehta,cust_0359@example-bank.com,+91 8534606289,1983-01-04,"Flat 233, Block D",Chennai,Tamil Nadu,634496,India,Low,2025-09-15 01:40:21
CUST_0360,Sneha,Gupta,cust_0360@example-bank.com,+91 8870518506,1988-10-10,"Flat 433, Block D",Bengaluru,Karnataka,539800,India,High,2025-09-26 21:42:38
CUST_0361,Sneha,Nair,cust_0361@example-bank.com,+91 8571665467,1984-02-23,"Flat 232, Block B",Pune,Maharashtra,248344,India,Low,2025-11-05 13:55:46
CUST_0362,Rahul,Gupta,cust_0362@example-bank.com,+91 7279745073,1999-06-04,"Flat 278, Block D",Ahmedabad,Gujarat,669575,India,Low,2025-06-09 10:30:17
CUST_0363,Sneha,Rao,cust_0363@example-bank.com,+91 8935385341,1965-03-09,"Flat 318, Block A",Bengaluru,Karnataka,285629,India,Low,2025-07-19 00:26:56
CUST_0364,Amit,Patel,cust_0364@example-bank.com,+91 7210237762,1990-11-05,"Flat 36, Block D",Chennai,Tamil Nadu,827518,India,Low,2025-10-17 06:26:18
CUST_0365,Suresh,Patel,cust_0365@example-bank.com,+91 8772702844,1993-11-14,"Flat 138, Block B",Pune,Maharashtra,332116,India,Low,2025-04-30 14:33:16
CUST_0366,Rahul,Mehta,cust_0366@example-bank.com,+91 7153474879,1986-12-23,"Flat 110, Block A",Ahmedabad,Gujarat,718095,India,High,2025-07-18 20:20:08
CUST_0367,Sneha,Joshi,cust_0367@example-bank.com,+91 9970694527,1979-09-21,"Flat 76, Block A",Pune,Maharashtra,663692,India,Low,2025-05-25 22:17:54
CUST_0368,Ramesh,Kumbari,cust_0368@example-bank.com,+91 7329406631,1990-07-05,"Flat 232, Block D",Mumbai,Maharashtra,282278,India,Medium,2025-06-15 21:39:37
CUST_0369,Vijay,Kumbari,cust_0369@example-bank.com,+91 9072044745,1967-08-31,"Flat 447, Block C",Ahmedabad,Gujarat,468181,India,Low,2025-11-30 03:52:03
CUST_0370,Sneha,Verma,cust_0370@example-bank.com,+91 8873409427,1998-03-16,"Flat 442, Block B",Mumbai,Maharashtra,331401,India,Low,2025-05-25 20:46:43
CUST_0371,Rahul,Patel,cust_0371@example-bank.com,+91 7149911053,1992-05-04,"Flat 367, Block A",Bengaluru,Karnataka,725186,India,Low,2025-06-26 18:14:32
CUST_0372,Ramesh,Rao,cust_0372@example-bank.com,+91 8126688944,1988-03-07,"Flat 405, Block C",Mumbai,Maharashtra,247992,India,Low,2025-06-23 04:23:40
CUST_0373,Sneha,Mehta,cust_0373@example-bank.com,+91 9605738944,1984-02-15,"Flat 129, Block A",Delhi,Delhi,607878,India,Low,2025-09-18 00:46:35
CUST_0374,Vijay,Rao,cust_0374@example-bank.com,+91 9353986926,1972-08-09,"Flat 205, Block B",Pune,Maharashtra,595985,India,Medium,2025-05-07 02:37:06
CUST_0375,Rahul,Rao,cust_0375@example-bank.com,+91 8592220510,1983-06-05,"Flat 369, Block D",Ahmedabad,Gujarat,113362,India,High,2025-09-15 22:05:00
CUST_0376,Sneha,Kumbari,cust_0376@example-bank.com,+91 6508968136,2001-01-17,"Flat 301, Block B",Hyderabad,Telangana,303830,India,Low,2026-01-10 21:08:20
CUST_0377,Anjali,Kumbari,cust_0377@example-bank.com,+91 7558293539,1980-12-09,"Flat 311, Block B",Pune,Maharashtra,200921,India,Low,2025-05-16 17:32:22
CUST_0378,Vikram,Sharma,cust_0378@example-bank.com,+91 6792023767,1963-06-15,"Flat 404, Block A",Ahmedabad,Gujarat,698643,India,Low,2025-08-14 22:13:07
CUST_0379,Suresh,Kumbari,cust_0379@example-bank.com,+91 8098157592,1962-03-30,"Flat 297, Block D",Chennai,Tamil Nadu,655745,India,Low,2026-03-03 02:07:28
CUST_0380,Shweta,Nair,cust_0380@example-bank.com,+91 9605951893,1963-01-07,"Flat 161, Block C",Delhi,Delhi,333437,India,Low,2025-09-05 14:45:00
CUST_0381,Amit,Nair,cust_0381@example-bank.com,+91 8884619216,1972-03-21,"Flat 231, Block A",Kolkata,West Bengal,227326,India,Low,2026-03-09 10:59:52
CUST_0382,Shweta,Reddy,cust_0382@example-bank.com,+91 7939791317,1989-08-13,"Flat 464, Block B",Mumbai,Maharashtra,556592,India,High,2025-09-25 23:52:04
CUST_0383,Shweta,Kumbari,cust_0383@example-bank.com,+91 7357302613,1961-04-27,"Flat 347, Block A",Mumbai,Maharashtra,550331,India,Low,2025-11-27 14:25:18
CUST_0384,Suresh,Patel,cust_0384@example-bank.com,+91 7764286519,1995-09-25,"Flat 66, Block C",Mumbai,Maharashtra,332507,India,Medium,2026-02-02 00:53:25
CUST_0385,Suresh,Singh,cust_0385@example-bank.com,+91 9047864492,2000-08-15,"Flat 435, Block C",Chennai,Tamil Nadu,308975,India,Low,2025-12-27 19:02:47
CUST_0386,Sneha,Patel,cust_0386@example-bank.com,+91 6519955426,1979-08-18,"Flat 361, Block B",Chennai,Tamil Nadu,213258,India,Low,2025-11-01 08:46:58
CUST_0387,Rahul,Nair,cust_0387@example-bank.com,+91 7526720072,1993-08-16,"Flat 99, Block C",Mumbai,Maharashtra,767038,India,Low,2025-08-12 19:45:40
CUST_0388,Priya,Rao,cust_0388@example-bank.com,+91 7766199241,1974-02-01,"Flat 260, Block C",Ahmedabad,Gujarat,656669,India,Low,2025-04-21 11:38:15
CUST_0389,Ramesh,Joshi,cust_0389@example-bank.com,+91 9688128384,1962-03-25,"Flat 497, Block D",Chennai,Tamil Nadu,153968,India,Low,2026-01-13 01:26:33
CUST_0390,Rahul,Joshi,cust_0390@example-bank.com,+91 8067839654,1972-06-04,"Flat 150, Block D",Ahmedabad,Gujarat,264700,India,Low,2025-06-25 21:43:52
CUST_0391,Deepa,Sharma,cust_0391@example-bank.com,+91 9835064025,1978-11-13,"Flat 167, Block D",Hyderabad,Telangana,823783,India,Low,2025-12-01 14:11:09
CUST_0392,Rahul,Joshi,cust_0392@example-bank.com,+91 6348965936,1988-08-07,"Flat 11, Block B",Kolkata,West Bengal,371024,India,Low,2025-09-15 08:27:30
CUST_0393,Deepa,Gupta,cust_0393@example-bank.com,+91 8787734178,1970-12-01,"Flat 74, Block C",Bengaluru,Karnataka,711110,India,Low,2025-04-25 00:57:37
CUST_0394,Deepa,Rao,cust_0394@example-bank.com,+91 7746546532,1977-05-30,"Flat 300, Block A",Chennai,Tamil Nadu,688154,India,Low,2025-07-18 14:31:33
CUST_0395,Deepa,Nair,cust_0395@example-bank.com,+91 6342467978,1984-10-06,"Flat 489, Block C",Kolkata,West Bengal,592994,India,Low,2025-07-02 02:47:51
CUST_0396,Vijay,Mehta,cust_0396@example-bank.com,+91 6777293984,1970-11-04,"Flat 31, Block A",Hyderabad,Telangana,526638,India,Low,2025-11-27 14:51:47
CUST_0397,Rahul,Mehta,cust_0397@example-bank.com,+91 9404701112,1966-08-12,"Flat 249, Block B",Hyderabad,Telangana,146188,India,Low,2025-08-28 12:20:14
CUST_0398,Amit,Das,cust_0398@example-bank.com,+91 9249052435,1974-05-15,"Flat 154, Block B",Bengaluru,Karnataka,171226,India,Low,2025-08-16 09:26:05
CUST_0399,Shweta,Sharma,cust_0399@example-bank.com,+91 8958116355,1983-03-23,"Flat 50, Block D",Kolkata,West Bengal,242031,India,Low,2025-05-02 22:29:17
CUST_0400,Sneha,Mehta,cust_0400@example-bank.com,+91 9072531748,1981-05-05,"Flat 312, Block B",Pune,Maharashtra,433850,India,Low,2026-02-22 11:22:48
CUST_0401,Vikram,Joshi,cust_0401@example-bank.com,+91 9293148726,1975-01-12,"Flat 398, Block C",Kolkata,West Bengal,327985,India,Low,2025-09-19 15:47:53
CUST_0402,Deepa,Joshi,cust_0402@example-bank.com,+91 8234079455,1993-12-03,"Flat 82, Block B",Ahmedabad,Gujarat,434838,India,Low,2025-05-22 08:55:11
CUST_0403,Vijay,Gupta,cust_0403@example-bank.com,+91 8156762383,1982-09-07,"Flat 220, Block A",Bengaluru,Karnataka,752078,India,Low,2025-04-10 08:03:32
CUST_0404,Suresh,Reddy,cust_0404@example-bank.com,+91 7707095346,1993-07-05,"Flat 379, Block B",Pune,Maharashtra,347308,India,Medium,2025-10-19 22:39:54
CUST_0405,Ramesh,Das,cust_0405@example-bank.com,+91 7436065933,1999-03-31,"Flat 28, Block B",Bengaluru,Karnataka,277935,India,Low,2026-01-28 22:14:28
CUST_0406,Amit,Rao,cust_0406@example-bank.com,+91 9196941555,1972-08-10,"Flat 228, Block A",Bengaluru,Karnataka,545332,India,Low,2025-11-02 19:31:08
CUST_0407,Amit,Joshi,cust_0407@example-bank.com,+91 9290020166,1975-06-22,"Flat 23, Block C",Pune,Maharashtra,585179,India,Medium,2025-06-11 10:27:12
CUST_0408,Rahul,Joshi,cust_0408@example-bank.com,+91 6825981990,1988-07-10,"Flat 325, Block A",Pune,Maharashtra,738252,India,Low,2025-08-19 11:59:20
CUST_0409,Ramesh,Patel,cust_0409@example-bank.com,+91 9350446334,1996-06-25,"Flat 127, Block B",Chennai,Tamil Nadu,584993,India,Low,2025-05-07 02:08:31
CUST_0410,Suresh,Mehta,cust_0410@example-bank.com,+91 6971047300,1990-03-21,"Flat 308, Block D",Kolkata,West Bengal,126994,India,Low,2026-01-05 13:44:11
CUST_0411,Priya,Singh,cust_0411@example-bank.com,+91 8350988746,1998-02-23,"Flat 342, Block B",Bengaluru,Karnataka,646930,India,Low,2025-05-21 04:28:22
CUST_0412,Sneha,Reddy,cust_0412@example-bank.com,+91 8819170737,1965-04-03,"Flat 409, Block A",Hyderabad,Telangana,710021,India,Low,2025-07-21 19:58:02
CUST_0413,Anjali,Verma,cust_0413@example-bank.com,+91 6459114392,1999-06-03,"Flat 95, Block A",Hyderabad,Telangana,197019,India,Low,2025-07-10 05:02:05
CUST_0414,Shweta,Gupta,cust_0414@example-bank.com,+91 6233577528,2000-02-26,"Flat 111, Block B",Ahmedabad,Gujarat,292997,India,Low,2025-04-28 21:38:46
CUST_0415,Ramesh,Kumbari,cust_0415@example-bank.com,+91 8864215076,1997-11-22,"Flat 360, Block A",Pune,Maharashtra,488741,India,Low,2026-03-31 12:56:17
CUST_0416,Deepa,Gupta,cust_0416@example-bank.com,+91 7680175080,1993-07-09,"Flat 431, Block A",Bengaluru,Karnataka,566357,India,Low,2025-04-17 16:52:57
CUST_0417,Anjali,Mehta,cust_0417@example-bank.com,+91 6630975455,1962-02-17,"Flat 234, Block B",Ahmedabad,Gujarat,221168,India,Low,2025-08-19 06:54:50
CUST_0418,Deepa,Verma,cust_0418@example-bank.com,+91 8912796897,1989-07-02,"Flat 27, Block D",Hyderabad,Telangana,313084,India,Low,2025-12-24 07:17:06
CUST_0419,Deepa,Nair,cust_0419@example-bank.com,+91 8269683690,1992-05-01,"Flat 492, Block A",Pune,Maharashtra,184731,India,Low,2025-10-23 22:06:59
CUST_0420,Suresh,Patel,cust_0420@example-bank.com,+91 6076031525,1993-08-07,"Flat 230, Block A",Kolkata,West Bengal,241351,India,Medium,2026-01-31 06:57:59
CUST_0421,Amit,Mehta,cust_0421@example-bank.com,+91 7134899899,1997-12-20,"Flat 228, Block D",Mumbai,Maharashtra,630366,India,Low,2025-06-15 16:53:17
CUST_0422,Vikram,Singh,cust_0422@example-bank.com,+91 8458540948,1998-08-28,"Flat 155, Block C",Delhi,Delhi,593705,India,Low,2026-02-23 11:35:12
CUST_0423,Sneha,Kumbari,cust_0423@example-bank.com,+91 6968055926,1969-09-01,"Flat 473, Block A",Chennai,Tamil Nadu,811333,India,Low,2025-11-14 06:09:03
CUST_0424,Rahul,Verma,cust_0424@example-bank.com,+91 7656810763,1992-09-13,"Flat 223, Block D",Pune,Maharashtra,631308,India,Low,2026-03-02 02:21:00
CUST_0425,Sneha,Das,cust_0425@example-bank.com,+91 6609560821,1983-06-22,"Flat 170, Block A",Bengaluru,Karnataka,713336,India,Low,2026-02-14 12:38:08
CUST_0426,Neha,Joshi,cust_0426@example-bank.com,+91 6766453369,1976-11-04,"Flat 169, Block D",Chennai,Tamil Nadu,115836,India,Low,2025-08-19 16:57:07
CUST_0427,Shweta,Nair,cust_0427@example-bank.com,+91 6308594532,1974-11-06,"Flat 151, Block A",Pune,Maharashtra,291405,India,Low,2025-08-20 11:39:53
CUST_0428,Vikram,Sharma,cust_0428@example-bank.com,+91 8053687239,1977-01-20,"Flat 327, Block B",Mumbai,Maharashtra,314825,India,Low,2025-10-08 12:24:22
CUST_0429,Suresh,Rao,cust_0429@example-bank.com,+91 8230397390,1974-06-27,"Flat 358, Block C",Delhi,Delhi,366579,India,Medium,2025-12-14 12:42:39
CUST_0430,Suresh,Joshi,cust_0430@example-bank.com,+91 6742612459,1968-01-22,"Flat 158, Block B",Kolkata,West Bengal,197809,India,Low,2026-03-01 00:19:47
CUST_0431,Anjali,Mehta,cust_0431@example-bank.com,+91 6759393473,1999-07-07,"Flat 93, Block A",Hyderabad,Telangana,774889,India,Low,2025-08-01 10:58:55
CUST_0432,Sneha,Rao,cust_0432@example-bank.com,+91 9447734168,1972-01-05,"Flat 422, Block D",Mumbai,Maharashtra,316352,India,High,2025-05-21 19:56:42
CUST_0433,Suresh,Nair,cust_0433@example-bank.com,+91 7977925900,1965-10-12,"Flat 364, Block D",Delhi,Delhi,773894,India,Low,2026-03-02 00:46:48
CUST_0434,Anjali,Sharma,cust_0434@example-bank.com,+91 6455281695,1982-08-16,"Flat 235, Block C",Delhi,Delhi,720445,India,Low,2025-07-08 20:44:02
CUST_0435,Shweta,Gupta,cust_0435@example-bank.com,+91 6235336531,1988-10-31,"Flat 245, Block D",Bengaluru,Karnataka,419013,India,Low,2025-10-14 10:26:01
CUST_0436,Shweta,Verma,cust_0436@example-bank.com,+91 9740755148,1980-10-27,"Flat 24, Block C",Delhi,Delhi,241451,India,Low,2026-03-23 22:56:45
CUST_0437,Vikram,Gupta,cust_0437@example-bank.com,+91 9227434909,1995-09-14,"Flat 231, Block B",Hyderabad,Telangana,820843,India,Low,2025-06-18 14:09:24
CUST_0438,Vikram,Kumbari,cust_0438@example-bank.com,+91 9332099045,1991-12-07,"Flat 236, Block C",Mumbai,Maharashtra,306032,India,Medium,2026-02-10 20:35:24
CUST_0439,Neha,Joshi,cust_0439@example-bank.com,+91 6429784816,1967-05-11,"Flat 9, Block C",Delhi,Delhi,604750,India,Low,2026-03-05 07:22:20
CUST_0440,Rahul,Mehta,cust_0440@example-bank.com,+91 8805070026,1960-06-22,"Flat 250, Block B",Ahmedabad,Gujarat,572867,India,Low,2025-04-02 16:35:50
CUST_0441,Priya,Singh,cust_0441@example-bank.com,+91 7029534682,1974-06-20,"Flat 37, Block C",Hyderabad,Telangana,535950,India,Low,2026-01-28 14:38:58
CUST_0442,Sneha,Verma,cust_0442@example-bank.com,+91 6053176409,1981-09-26,"Flat 425, Block C",Delhi,Delhi,254771,India,High,2025-12-26 19:56:34
CUST_0443,Neha,Nair,cust_0443@example-bank.com,+91 9848357641,1978-04-21,"Flat 271, Block D",Ahmedabad,Gujarat,686918,India,Low,2025-04-15 22:00:01
CUST_0444,Priya,Gupta,cust_0444@example-bank.com,+91 8498096181,1975-05-19,"Flat 136, Block B",Kolkata,West Bengal,509926,India,Low,2025-08-07 13:48:22
CUST_0445,Neha,Mehta,cust_0445@example-bank.com,+91 7868371545,1973-12-16,"Flat 22, Block B",Mumbai,Maharashtra,181488,India,Low,2025-07-27 04:04:47
CUST_0446,Vijay,Kumbari,cust_0446@example-bank.com,+91 7096962884,1991-03-14,"Flat 243, Block D",Hyderabad,Telangana,547192,India,Low,2026-01-27 09:24:58
CUST_0447,Vikram,Singh,cust_0447@example-bank.com,+91 9156410573,1964-05-09,"Flat 437, Block A",Chennai,Tamil Nadu,338856,India,Low,2026-03-18 12:39:33
CUST_0448,Deepa,Joshi,cust_0448@example-bank.com,+91 9427813768,1967-11-15,"Flat 118, Block C",Hyderabad,Telangana,156692,India,Low,2025-11-12 20:22:10
CUST_0449,Vijay,Kumbari,cust_0449@example-bank.com,+91 8932071243,1999-05-26,"Flat 121, Block B",Chennai,Tamil Nadu,739076,India,Low,2025-10-05 03:28:57
CUST_0450,Rahul,Rao,cust_0450@example-bank.com,+91 8867357921,1963-10-08,"Flat 212, Block B",Ahmedabad,Gujarat,783251,India,Medium,2026-03-03 09:15:17
CUST_0451,Vijay,Joshi,cust_0451@example-bank.com,+91 9746708973,1988-03-25,"Flat 423, Block C",Mumbai,Maharashtra,114661,India,Low,2025-12-12 16:16:32
CUST_0452,Priya,Patel,cust_0452@example-bank.com,+91 8531998084,1985-05-20,"Flat 399, Block A",Mumbai,Maharashtra,250263,India,Low,2025-05-11 13:04:22
CUST_0453,Deepa,Das,cust_0453@example-bank.com,+91 7167902318,1996-10-05,"Flat 443, Block C",Chennai,Tamil Nadu,545490,India,Low,2026-01-12 19:54:42
CUST_0454,Ramesh,Mehta,cust_0454@example-bank.com,+91 9101318322,1987-04-18,"Flat 483, Block C",Mumbai,Maharashtra,618581,India,Low,2025-05-14 17:30:37
CUST_0455,Amit,Nair,cust_0455@example-bank.com,+91 8169888773,1984-08-09,"Flat 414, Block B",Mumbai,Maharashtra,190028,India,Low,2025-12-02 11:33:18
CUST_0456,Priya,Kumbari,cust_0456@example-bank.com,+91 6418091142,1998-08-19,"Flat 306, Block A",Mumbai,Maharashtra,198145,India,Low,2025-12-16 13:33:12
CUST_0457,Neha,Nair,cust_0457@example-bank.com,+91 7809294355,1992-10-10,"Flat 263, Block C",Kolkata,West Bengal,669848,India,Medium,2025-11-13 22:33:04
CUST_0458,Amit,Das,cust_0458@example-bank.com,+91 8253577298,1966-11-20,"Flat 211, Block A",Kolkata,West Bengal,407632,India,Low,2025-05-02 19:33:17
CUST_0459,Sneha,Kumbari,cust_0459@example-bank.com,+91 8632470190,1991-03-16,"Flat 423, Block C",Chennai,Tamil Nadu,544563,India,Low,2025-09-07 20:53:39
CUST_0460,Suresh,Gupta,cust_0460@example-bank.com,+91 7820907697,1990-01-07,"Flat 58, Block C",Kolkata,West Bengal,690103,India,Low,2026-03-12 04:04:30
CUST_0461,Anjali,Singh,cust_0461@example-bank.com,+91 8289316516,1984-11-03,"Flat 99, Block D",Mumbai,Maharashtra,143749,India,Low,2025-04-18 22:05:14
CUST_0462,Rahul,Nair,cust_0462@example-bank.com,+91 7013023885,1989-01-19,"Flat 292, Block D",Bengaluru,Karnataka,110389,India,Low,2026-03-02 15:57:26
CUST_0463,Sneha,Patel,cust_0463@example-bank.com,+91 6928072726,1974-12-28,"Flat 335, Block A",Ahmedabad,Gujarat,574157,India,Low,2025-06-23 18:33:36
CUST_0464,Ramesh,Nair,cust_0464@example-bank.com,+91 6710686873,1979-08-09,"Flat 483, Block B",Ahmedabad,Gujarat,356221,India,Low,2025-09-12 18:44:10
CUST_0465,Shweta,Gupta,cust_0465@example-bank.com,+91 9608284385,1997-03-22,"Flat 259, Block A",Bengaluru,Karnataka,268448,India,Low,2026-01-17 22:51:11
CUST_0466,Priya,Das,cust_0466@example-bank.com,+91 9689125890,1985-08-06,"Flat 210, Block C",Delhi,Delhi,633901,India,Low,2026-03-21 08:32:15
CUST_0467,Vijay,Reddy,cust_0467@example-bank.com,+91 9262185449,2000-02-19,"Flat 205, Block A",Hyderabad,Telangana,496305,India,Low,2025-07-09 10:08:52
CUST_0468,Suresh,Kumbari,cust_0468@example-bank.com,+91 7441294115,1965-09-29,"Flat 447, Block D",Ahmedabad,Gujarat,810256,India,Low,2025-09-27 20:46:52
CUST_0469,Priya,Sharma,cust_0469@example-bank.com,+91 6112617243,1965-12-13,"Flat 325, Block A",Ahmedabad,Gujarat,161123,India,Low,2025-04-08 11:06:37
CUST_0470,Priya,Sharma,cust_0470@example-bank.com,+91 7084425098,1972-08-27,"Flat 48, Block A",Delhi,Delhi,780985,India,Low,2025-09-21 11:55:32
CUST_0471,Ramesh,Gupta,cust_0471@example-bank.com,+91 8055330282,1998-07-17,"Flat 249, Block A",Pune,Maharashtra,371960,India,Low,2025-09-12 17:23:53
CUST_0472,Neha,Rao,cust_0472@example-bank.com,+91 9127045322,1990-04-18,"Flat 154, Block B",Kolkata,West Bengal,172137,India,Low,2025-11-16 08:02:04
CUST_0473,Amit,Nair,cust_0473@example-bank.com,+91 8715009088,1972-12-26,"Flat 316, Block C",Mumbai,Maharashtra,482897,India,Low,2025-04-21 13:30:12
CUST_0474,Ramesh,Verma,cust_0474@example-bank.com,+91 7832543441,1983-01-27,"Flat 73, Block C",Chennai,Tamil Nadu,795594,India,Low,2025-12-23 12:10:20
CUST_0475,Neha,Kumbari,cust_0475@example-bank.com,+91 6525112120,1965-05-13,"Flat 476, Block D",Hyderabad,Telangana,668612,India,Low,2025-08-17 06:06:47
CUST_0476,Anjali,Joshi,cust_0476@example-bank.com,+91 6501394490,1994-01-06,"Flat 134, Block A",Bengaluru,Karnataka,512544,India,Low,2025-04-22 10:44:28
CUST_0477,Shweta,Reddy,cust_0477@example-bank.com,+91 7153107315,1991-07-04,"Flat 277, Block A",Pune,Maharashtra,538098,India,Low,2025-05-29 12:13:28
CUST_0478,Rahul,Joshi,cust_0478@example-bank.com,+91 8728356942,1964-11-20,"Flat 154, Block C",Mumbai,Maharashtra,338161,India,Low,2025-10-10 16:37:20
CUST_0479,Shweta,Joshi,cust_0479@example-bank.com,+91 9861229006,1992-07-10,"Flat 172, Block B",Bengaluru,Karnataka,539662,India,Medium,2025-07-27 06:41:47
CUST_0480,Sneha,Singh,cust_0480@example-bank.com,+91 9716645651,2000-07-29,"Flat 393, Block D",Chennai,Tamil Nadu,201346,India,Low,2026-01-09 14:07:15
CUST_0481,Deepa,Singh,cust_0481@example-bank.com,+91 7504795976,1969-07-14,"Flat 322, Block B",Bengaluru,Karnataka,619345,India,Low,2026-02-14 21:01:29
CUST_0482,Rahul,Sharma,cust_0482@example-bank.com,+91 8529140521,1972-02-15,"Flat 59, Block C",Kolkata,West Bengal,448430,India,Low,2025-07-06 09:25:36
CUST_0483,Amit,Patel,cust_0483@example-bank.com,+91 7222181690,1980-12-27,"Flat 24, Block C",Hyderabad,Telangana,362818,India,Low,2026-03-24 03:23:48
CUST_0484,Vikram,Sharma,cust_0484@example-bank.com,+91 8885018386,1973-10-01,"Flat 48, Block B",Chennai,Tamil Nadu,314155,India,Low,2025-08-11 23:19:30
CUST_0485,Rahul,Rao,cust_0485@example-bank.com,+91 6763425396,1987-10-29,"Flat 455, Block B",Hyderabad,Telangana,313558,India,Low,2026-01-11 11:37:09
CUST_0486,Amit,Kumbari,cust_0486@example-bank.com,+91 9549728550,1977-08-17,"Flat 225, Block B",Hyderabad,Telangana,322813,India,Low,2026-02-03 18:26:27
CUST_0487,Sneha,Nair,cust_0487@example-bank.com,+91 7157957984,1982-08-10,"Flat 175, Block B",Kolkata,West Bengal,200986,India,Low,2025-07-20 14:26:37
CUST_0488,Rahul,Singh,cust_0488@example-bank.com,+91 8566688509,1967-01-06,"Flat 449, Block A",Ahmedabad,Gujarat,544978,India,Low,2025-06-23 22:51:01
CUST_0489,Anjali,Kumbari,cust_0489@example-bank.com,+91 8672513340,1991-08-30,"Flat 89, Block C",Pune,Maharashtra,367417,India,Low,2025-12-10 14:36:16
CUST_0490,Vijay,Rao,cust_0490@example-bank.com,+91 9111007806,1986-05-24,"Flat 108, Block A",Hyderabad,Telangana,190243,India,Low,2025-06-24 23:59:22
CUST_0491,Vikram,Nair,cust_0491@example-bank.com,+91 7626833963,1990-01-13,"Flat 175, Block D",Bengaluru,Karnataka,410087,India,Low,2026-03-04 09:10:23
CUST_0492,Vijay,Reddy,cust_0492@example-bank.com,+91 7856252109,1981-11-15,"Flat 434, Block D",Chennai,Tamil Nadu,359800,India,Low,2025-10-06 06:25:54
CUST_0493,Amit,Patel,cust_0493@example-bank.com,+91 6118644565,1967-06-25,"Flat 103, Block D",Delhi,Delhi,469893,India,Low,2025-04-04 09:06:25
CUST_0494,Sneha,Joshi,cust_0494@example-bank.com,+91 8720445365,1961-06-06,"Flat 66, Block D",Bengaluru,Karnataka,514249,India,Low,2026-01-17 02:34:34
CUST_0495,Anjali,Rao,cust_0495@example-bank.com,+91 6733788820,1965-05-17,"Flat 26, Block A",Bengaluru,Karnataka,577615,India,Low,2026-02-16 07:22:15
CUST_0496,Neha,Rao,cust_0496@example-bank.com,+91 6896493729,1982-08-11,"Flat 175, Block A",Hyderabad,Telangana,482619,India,Low,2025-11-08 17:22:23
CUST_0497,Sneha,Sharma,cust_0497@example-bank.com,+91 7318506992,1990-02-28,"Flat 485, Block D",Delhi,Delhi,395927,India,Low,2026-03-20 07:57:09
CUST_0498,Suresh,Rao,cust_0498@example-bank.com,+91 7902300622,1985-03-10,"Flat 188, Block A",Pune,Maharashtra,176368,India,Low,2026-01-04 13:05:34
CUST_0499,Vijay,Patel,cust_0499@example-bank.com,+91 9024361553,1971-03-16,"Flat 177, Block D",Ahmedabad,Gujarat,710269,India,Low,2026-01-07 05:46:50
CUST_0500,Rahul,Reddy,cust_0500@example-bank.com,+91 6583300019,1967-06-17,"Flat 75, Block A",Mumbai,Maharashtra,489692,India,Low,2026-02-11 13:45:07
CUST_0501,Amit,Verma,cust_0501@example-bank.com,+91 7289025493,1991-10-15,"Flat 149, Block B",Ahmedabad,Gujarat,596143,India,Low,2026-03-01 03:45:41
CUST_0502,Deepa,Verma,cust_0502@example-bank.com,+91 6414491186,2001-01-09,"Flat 146, Block A",Pune,Maharashtra,257489,India,Low,2025-12-01 03:30:24
CUST_0503,Vikram,Singh,cust_0503@example-bank.com,+91 9157964709,1963-06-25,"Flat 492, Block D",Kolkata,West Bengal,497177,India,Low,2026-01-23 17:03:41
CUST_0504,Priya,Verma,cust_0504@example-bank.com,+91 6104864351,1996-03-19,"Flat 89, Block D",Kolkata,West Bengal,112034,India,Low,2025-08-30 10:14:51
CUST_0505,Vijay,Joshi,cust_0505@example-bank.com,+91 7764543528,1969-01-05,"Flat 126, Block A",Hyderabad,Telangana,247117,India,Low,2025-11-20 10:07:25
CUST_0506,Sneha,Das,cust_0506@example-bank.com,+91 8822916063,1964-10-14,"Flat 214, Block D",Delhi,Delhi,634301,India,Low,2025-10-30 11:36:01
CUST_0507,Priya,Reddy,cust_0507@example-bank.com,+91 8267235792,1976-02-26,"Flat 210, Block C",Hyderabad,Telangana,667702,India,Low,2025-05-24 18:02:52
CUST_0508,Ramesh,Singh,cust_0508@example-bank.com,+91 7046517341,1974-12-13,"Flat 56, Block B",Chennai,Tamil Nadu,346784,India,Medium,2025-08-11 12:32:40
CUST_0509,Anjali,Das,cust_0509@example-bank.com,+91 6073199145,1961-02-18,"Flat 335, Block A",Delhi,Delhi,240909,India,Low,2026-01-09 08:15:37
CUST_0510,Rahul,Sharma,cust_0510@example-bank.com,+91 7392102067,1984-01-15,"Flat 35, Block B",Delhi,Delhi,416103,India,Low,2026-01-10 08:45:52
CUST_0511,Anjali,Kumbari,cust_0511@example-bank.com,+91 8038252872,1969-01-08,"Flat 80, Block C",Chennai,Tamil Nadu,665467,India,Low,2026-02-09 20:28:10
CUST_0512,Sneha,Mehta,cust_0512@example-bank.com,+91 6090781975,1995-12-19,"Flat 44, Block D",Delhi,Delhi,262752,India,Low,2025-05-12 10:36:30
CUST_0513,Vikram,Das,cust_0513@example-bank.com,+91 8978343924,1987-03-29,"Flat 291, Block B",Ahmedabad,Gujarat,399118,India,Low,2026-01-31 09:11:55
CUST_0514,Rahul,Kumbari,cust_0514@example-bank.com,+91 7506120392,1989-12-25,"Flat 76, Block B",Hyderabad,Telangana,424617,India,Low,2025-09-22 05:35:21
CUST_0515,Vijay,Sharma,cust_0515@example-bank.com,+91 8765362884,1963-04-02,"Flat 274, Block B",Bengaluru,Karnataka,252221,India,Low,2026-01-11 17:12:09
CUST_0516,Deepa,Sharma,cust_0516@example-bank.com,+91 8632915177,1982-12-06,"Flat 483, Block D",Kolkata,West Bengal,214609,India,Low,2026-03-12 18:14:58
CUST_0517,Sneha,Das,cust_0517@example-bank.com,+91 8694469146,1995-03-25,"Flat 495, Block A",Pune,Maharashtra,580107,India,Low,2026-01-08 06:21:42
CUST_0518,Ramesh,Kumbari,cust_0518@example-bank.com,+91 9669987624,1966-06-21,"Flat 486, Block C",Kolkata,West Bengal,836104,India,Low,2025-08-03 11:33:14
CUST_0519,Vikram,Singh,cust_0519@example-bank.com,+91 9675862798,1999-07-11,"Flat 315, Block D",Mumbai,Maharashtra,663488,India,Low,2025-11-26 16:40:16
CUST_0520,Vijay,Reddy,cust_0520@example-bank.com,+91 8388494673,1975-01-17,"Flat 179, Block C",Delhi,Delhi,702587,India,Medium,2026-01-20 06:40:40
CUST_0521,Priya,Rao,cust_0521@example-bank.com,+91 6021754718,1989-10-22,"Flat 462, Block B",Mumbai,Maharashtra,762801,India,Low,2026-01-13 15:50:33
CUST_0522,Vijay,Mehta,cust_0522@example-bank.com,+91 7062515386,1999-07-11,"Flat 51, Block D",Chennai,Tamil Nadu,488779,India,Low,2025-08-28 20:26:41
CUST_0523,Shweta,Singh,cust_0523@example-bank.com,+91 7635071747,1997-07-27,"Flat 424, Block C",Bengaluru,Karnataka,509258,India,Low,2025-10-25 16:50:02
CUST_0524,Suresh,Gupta,cust_0524@example-bank.com,+91 6561500799,1973-01-04,"Flat 226, Block D",Hyderabad,Telangana,613491,India,Low,2025-07-13 05:56:22
CUST_0525,Neha,Joshi,cust_0525@example-bank.com,+91 8564468734,1980-07-20,"Flat 36, Block B",Bengaluru,Karnataka,498035,India,Low,2025-09-01 07:47:04
CUST_0526,Deepa,Joshi,cust_0526@example-bank.com,+91 7829489466,1999-09-18,"Flat 302, Block C",Chennai,Tamil Nadu,202323,India,Medium,2026-02-03 04:20:30
CUST_0527,Sneha,Joshi,cust_0527@example-bank.com,+91 8591267966,1969-07-26,"Flat 392, Block B",Bengaluru,Karnataka,798898,India,Medium,2025-10-03 06:29:20
CUST_0528,Deepa,Singh,cust_0528@example-bank.com,+91 7477897897,1960-11-24,"Flat 498, Block A",Kolkata,West Bengal,287011,India,Low,2026-01-25 03:16:25
CUST_0529,Sneha,Nair,cust_0529@example-bank.com,+91 6887637983,1994-06-23,"Flat 466, Block C",Hyderabad,Telangana,367958,India,Low,2025-10-14 13:59:07
CUST_0530,Deepa,Joshi,cust_0530@example-bank.com,+91 9666032654,1994-04-01,"Flat 288, Block B",Pune,Maharashtra,497030,India,Low,2026-01-19 05:57:24
CUST_0531,Rahul,Singh,cust_0531@example-bank.com,+91 9670411545,1986-04-08,"Flat 408, Block C",Kolkata,West Bengal,375678,India,Medium,2025-06-12 16:24:42
CUST_0532,Ramesh,Nair,cust_0532@example-bank.com,+91 7369812698,1988-12-15,"Flat 62, Block B",Kolkata,West Bengal,725584,India,Medium,2026-01-27 10:57:50
CUST_0533,Amit,Verma,cust_0533@example-bank.com,+91 9850819874,1987-11-25,"Flat 73, Block D",Hyderabad,Telangana,614065,India,Low,2025-04-19 04:34:17
CUST_0534,Priya,Mehta,cust_0534@example-bank.com,+91 8326814258,1960-11-30,"Flat 256, Block C",Delhi,Delhi,404085,India,Low,2026-01-07 05:12:31
CUST_0535,Anjali,Nair,cust_0535@example-bank.com,+91 8486950412,1968-08-31,"Flat 187, Block D",Hyderabad,Telangana,210471,India,Low,2026-01-16 12:06:24
CUST_0536,Suresh,Verma,cust_0536@example-bank.com,+91 9002479006,1979-05-02,"Flat 435, Block B",Chennai,Tamil Nadu,433940,India,Low,2025-09-26 01:10:17
CUST_0537,Deepa,Nair,cust_0537@example-bank.com,+91 7960546335,1972-04-29,"Flat 152, Block B",Bengaluru,Karnataka,522121,India,Medium,2025-10-30 16:00:07
CUST_0538,Amit,Gupta,cust_0538@example-bank.com,+91 7347583444,1970-09-15,"Flat 318, Block C",Ahmedabad,Gujarat,843051,India,Low,2025-11-24 09:38:15
CUST_0539,Suresh,Joshi,cust_0539@example-bank.com,+91 9798849385,1992-09-07,"Flat 251, Block C",Mumbai,Maharashtra,602616,India,Medium,2025-05-09 10:04:19
CUST_0540,Suresh,Das,cust_0540@example-bank.com,+91 7412939591,1969-07-26,"Flat 381, Block D",Pune,Maharashtra,276733,India,Medium,2026-03-15 17:17:59
CUST_0541,Amit,Kumbari,cust_0541@example-bank.com,+91 8346929939,2000-11-15,"Flat 271, Block D",Bengaluru,Karnataka,833518,India,Low,2025-12-11 13:25:41
CUST_0542,Ramesh,Mehta,cust_0542@example-bank.com,+91 9572285187,1999-01-16,"Flat 88, Block C",Bengaluru,Karnataka,503804,India,Low,2026-02-02 11:00:42
CUST_0543,Sneha,Kumbari,cust_0543@example-bank.com,+91 7332548324,1983-07-06,"Flat 179, Block C",Hyderabad,Telangana,510825,India,Low,2025-11-11 03:26:50
CUST_0544,Deepa,Gupta,cust_0544@example-bank.com,+91 7571273938,1986-02-06,"Flat 274, Block D",Bengaluru,Karnataka,636933,India,Low,2026-01-13 06:14:59
CUST_0545,Shweta,Das,cust_0545@example-bank.com,+91 7398785514,1987-06-15,"Flat 271, Block C",Chennai,Tamil Nadu,271374,India,Low,2026-02-23 07:55:52
CUST_0546,Deepa,Patel,cust_0546@example-bank.com,+91 8658552139,1983-08-04,"Flat 402, Block D",Pune,Maharashtra,545529,India,Low,2025-11-05 08:57:19
CUST_0547,Sneha,Verma,cust_0547@example-bank.com,+91 8653759877,1999-10-17,"Flat 309, Block B",Chennai,Tamil Nadu,551792,India,Low,2026-02-09 22:29:26
CUST_0548,Shweta,Das,cust_0548@example-bank.com,+91 7288368145,1987-04-28,"Flat 268, Block A",Pune,Maharashtra,620496,India,Low,2025-11-02 23:42:22
CUST_0549,Ramesh,Reddy,cust_0549@example-bank.com,+91 7600762903,1972-09-21,"Flat 295, Block B",Kolkata,West Bengal,132370,India,High,2025-12-21 19:13:13
CUST_0550,Amit,Sharma,cust_0550@example-bank.com,+91 9840481044,1960-11-01,"Flat 465, Block B",Kolkata,West Bengal,352302,India,Low,2025-08-31 06:04:56
CUST_0551,Neha,Joshi,cust_0551@example-bank.com,+91 9266603990,1995-07-27,"Flat 322, Block C",Chennai,Tamil Nadu,651740,India,Low,2025-06-26 18:49:17
CUST_0552,Suresh,Singh,cust_0552@example-bank.com,+91 6516317510,1964-04-24,"Flat 142, Block A",Hyderabad,Telangana,179339,India,Medium,2025-04-28 04:59:22
CUST_0553,Neha,Verma,cust_0553@example-bank.com,+91 8759962175,1968-03-27,"Flat 167, Block B",Delhi,Delhi,221685,India,Low,2026-02-04 16:17:42
CUST_0554,Suresh,Nair,cust_0554@example-bank.com,+91 7512542845,1986-08-17,"Flat 96, Block C",Kolkata,West Bengal,287592,India,Low,2025-12-09 06:45:31
CUST_0555,Rahul,Joshi,cust_0555@example-bank.com,+91 9358193982,1984-09-09,"Flat 113, Block A",Mumbai,Maharashtra,326991,India,Low,2025-04-01 23:33:17
CUST_0556,Priya,Mehta,cust_0556@example-bank.com,+91 7180628746,1987-12-21,"Flat 495, Block C",Mumbai,Maharashtra,675620,India,Low,2025-05-19 08:34:25
CUST_0557,Suresh,Kumbari,cust_0557@example-bank.com,+91 8858144333,1979-03-11,"Flat 345, Block C",Kolkata,West Bengal,219182,India,Low,2026-02-15 09:08:39
CUST_0558,Ramesh,Nair,cust_0558@example-bank.com,+91 7971803865,1990-09-02,"Flat 73, Block C",Ahmedabad,Gujarat,151469,India,Low,2025-06-28 03:16:48
CUST_0559,Amit,Mehta,cust_0559@example-bank.com,+91 8080881516,1978-10-20,"Flat 228, Block A",Mumbai,Maharashtra,306655,India,Low,2026-01-14 23:19:13
CUST_0560,Rahul,Singh,cust_0560@example-bank.com,+91 7178668648,1971-10-13,"Flat 443, Block C",Delhi,Delhi,652813,India,Medium,2025-07-04 13:53:18
CUST_0561,Vikram,Reddy,cust_0561@example-bank.com,+91 7132883189,1985-12-19,"Flat 229, Block D",Kolkata,West Bengal,466461,India,Low,2025-08-31 02:19:55
CUST_0562,Neha,Das,cust_0562@example-bank.com,+91 9361725446,1972-04-22,"Flat 61, Block B",Mumbai,Maharashtra,566172,India,Medium,2025-07-25 09:22:21
CUST_0563,Ramesh,Rao,cust_0563@example-bank.com,+91 9178810212,1980-12-24,"Flat 53, Block D",Delhi,Delhi,154770,India,Low,2025-11-04 23:15:30
CUST_0564,Anjali,Rao,cust_0564@example-bank.com,+91 8991226274,1990-06-18,"Flat 139, Block B",Kolkata,West Bengal,602528,India,Low,2025-08-12 16:37:23
CUST_0565,Shweta,Rao,cust_0565@example-bank.com,+91 6308957021,1966-12-05,"Flat 187, Block C",Ahmedabad,Gujarat,448926,India,Medium,2025-07-23 18:00:01
CUST_0566,Vikram,Kumbari,cust_0566@example-bank.com,+91 9919011024,1960-08-19,"Flat 251, Block A",Chennai,Tamil Nadu,803003,India,Low,2025-12-19 03:00:31
CUST_0567,Sneha,Mehta,cust_0567@example-bank.com,+91 7059297631,1984-02-02,"Flat 117, Block D",Chennai,Tamil Nadu,310789,India,Low,2026-02-19 23:10:24
CUST_0568,Shweta,Gupta,cust_0568@example-bank.com,+91 6546340237,1987-11-08,"Flat 192, Block A",Ahmedabad,Gujarat,142158,India,Low,2025-05-01 13:17:58
CUST_0569,Neha,Patel,cust_0569@example-bank.com,+91 7145773573,1998-12-17,"Flat 444, Block D",Delhi,Delhi,394508,India,Low,2025-12-10 16:36:09
CUST_0570,Ramesh,Sharma,cust_0570@example-bank.com,+91 8566732866,1987-09-13,"Flat 226, Block A",Kolkata,West Bengal,278177,India,Low,2026-02-26 21:30:35
CUST_0571,Deepa,Sharma,cust_0571@example-bank.com,+91 7077395275,1993-10-15,"Flat 161, Block B",Mumbai,Maharashtra,538942,India,Low,2025-12-31 18:19:39
CUST_0572,Anjali,Verma,cust_0572@example-bank.com,+91 6314650234,1970-07-27,"Flat 336, Block A",Chennai,Tamil Nadu,251287,India,Low,2025-06-20 01:33:53
CUST_0573,Amit,Rao,cust_0573@example-bank.com,+91 6987148063,1962-10-31,"Flat 414, Block B",Chennai,Tamil Nadu,229435,India,Low,2025-06-07 19:44:31
CUST_0574,Shweta,Patel,cust_0574@example-bank.com,+91 9606757485,1969-09-22,"Flat 201, Block D",Chennai,Tamil Nadu,756669,India,Low,2025-08-26 09:22:33
CUST_0575,Ramesh,Joshi,cust_0575@example-bank.com,+91 7715659934,1969-06-17,"Flat 451, Block C",Kolkata,West Bengal,155139,India,Low,2025-09-29 12:05:19
CUST_0576,Vikram,Verma,cust_0576@example-bank.com,+91 7039334260,1964-03-04,"Flat 358, Block C",Hyderabad,Telangana,131426,India,Medium,2025-08-02 19:49:27
CUST_0577,Neha,Singh,cust_0577@example-bank.com,+91 9031033319,1990-03-30,"Flat 235, Block C",Mumbai,Maharashtra,677252,India,Low,2025-06-02 14:15:09
CUST_0578,Vikram,Verma,cust_0578@example-bank.com,+91 9630224696,1998-02-21,"Flat 329, Block D",Ahmedabad,Gujarat,802538,India,Low,2025-09-22 13:48:09
CUST_0579,Ramesh,Reddy,cust_0579@example-bank.com,+91 8179236903,1966-10-29,"Flat 209, Block D",Kolkata,West Bengal,135067,India,Low,2026-03-18 10:39:53
CUST_0580,Suresh,Singh,cust_0580@example-bank.com,+91 9159957082,1984-05-25,"Flat 40, Block D",Mumbai,Maharashtra,309223,India,Low,2026-01-16 16:31:44
CUST_0581,Shweta,Sharma,cust_0581@example-bank.com,+91 6039041211,1966-07-27,"Flat 184, Block C",Bengaluru,Karnataka,556030,India,Low,2025-04-04 16:29:08
CUST_0582,Priya,Gupta,cust_0582@example-bank.com,+91 7474338700,1979-08-22,"Flat 429, Block C",Chennai,Tamil Nadu,509524,India,Low,2025-06-15 19:27:53
CUST_0583,Vijay,Gupta,cust_0583@example-bank.com,+91 8937451733,1970-07-07,"Flat 439, Block C",Pune,Maharashtra,722874,India,Low,2025-09-21 07:16:57
CUST_0584,Suresh,Rao,cust_0584@example-bank.com,+91 9530096552,1989-11-24,"Flat 144, Block A",Bengaluru,Karnataka,677129,India,Low,2025-10-14 03:09:50
CUST_0585,Sneha,Patel,cust_0585@example-bank.com,+91 8648972421,1995-05-16,"Flat 147, Block D",Delhi,Delhi,614167,India,Low,2025-11-03 09:34:24
CUST_0586,Neha,Joshi,cust_0586@example-bank.com,+91 8350984941,1987-03-04,"Flat 436, Block C",Mumbai,Maharashtra,481888,India,Low,2025-07-03 14:22:31
CUST_0587,Sneha,Gupta,cust_0587@example-bank.com,+91 6807903605,1998-03-31,"Flat 416, Block A",Ahmedabad,Gujarat,776597,India,Low,2025-11-25 23:26:24
CUST_0588,Anjali,Sharma,cust_0588@example-bank.com,+91 8484070204,1995-03-18,"Flat 235, Block D",Chennai,Tamil Nadu,425514,India,Low,2026-03-21 16:08:14
CUST_0589,Priya,Rao,cust_0589@example-bank.com,+91 9698381047,1973-01-10,"Flat 69, Block B",Hyderabad,Telangana,437606,India,Low,2025-05-26 08:25:03
CUST_0590,Neha,Reddy,cust_0590@example-bank.com,+91 6414006643,1987-05-22,"Flat 197, Block B",Kolkata,West Bengal,232278,India,Low,2025-06-16 15:49:32
CUST_0591,Priya,Verma,cust_0591@example-bank.com,+91 9309030450,1975-11-19,"Flat 66, Block C",Bengaluru,Karnataka,138557,India,Low,2025-04-15 08:36:14
CUST_0592,Sneha,Rao,cust_0592@example-bank.com,+91 6790981614,1982-03-13,"Flat 103, Block C",Bengaluru,Karnataka,739585,India,Low,2026-02-28 08:29:50
CUST_0593,Deepa,Mehta,cust_0593@example-bank.com,+91 7146283755,1995-04-05,"Flat 373, Block C",Delhi,Delhi,203642,India,Low,2025-10-04 08:41:12
CUST_0594,Suresh,Singh,cust_0594@example-bank.com,+91 7421353041,1981-05-03,"Flat 160, Block D",Chennai,Tamil Nadu,727413,India,Low,2025-09-21 08:16:14
CUST_0595,Deepa,Gupta,cust_0595@example-bank.com,+91 9223795418,1965-02-10,"Flat 251, Block A",Ahmedabad,Gujarat,205846,India,Low,2026-02-26 10:57:31
CUST_0596,Suresh,Mehta,cust_0596@example-bank.com,+91 7362223219,1988-01-14,"Flat 449, Block C",Kolkata,West Bengal,116644,India,Low,2025-12-06 23:18:27
CUST_0597,Ramesh,Patel,cust_0597@example-bank.com,+91 8223764570,1981-05-15,"Flat 476, Block C",Hyderabad,Telangana,655024,India,Low,2025-12-08 01:38:31
CUST_0598,Amit,Sharma,cust_0598@example-bank.com,+91 8361650850,1971-06-30,"Flat 245, Block B",Delhi,Delhi,521375,India,Low,2025-09-14 17:09:49
CUST_0599,Vikram,Das,cust_0599@example-bank.com,+91 8834601730,1967-08-05,"Flat 74, Block D",Mumbai,Maharashtra,689235,India,Low,2026-02-17 02:43:03
CUST_0600,Vikram,Singh,cust_0600@example-bank.com,+91 9434712653,1983-05-04,"Flat 113, Block A",Mumbai,Maharashtra,634595,India,Low,2025-08-02 22:01:33
CUST_0601,Suresh,Mehta,cust_0601@example-bank.com,+91 7262324694,1991-04-22,"Flat 365, Block C",Pune,Maharashtra,183280,India,Medium,2025-04-29 00:38:56
CUST_0602,Ramesh,Gupta,cust_0602@example-bank.com,+91 7525380044,1980-12-02,"Flat 341, Block C",Kolkata,West Bengal,295467,India,Low,2025-06-26 08:57:24
CUST_0603,Shweta,Kumbari,cust_0603@example-bank.com,+91 6766504133,1979-01-31,"Flat 51, Block B",Mumbai,Maharashtra,725126,India,Medium,2025-08-22 07:19:40
CUST_0604,Priya,Gupta,cust_0604@example-bank.com,+91 7514929486,1963-02-15,"Flat 413, Block B",Ahmedabad,Gujarat,268687,India,Low,2025-07-25 15:33:50
CUST_0605,Ramesh,Rao,cust_0605@example-bank.com,+91 6556982978,1967-07-30,"Flat 464, Block A",Bengaluru,Karnataka,233409,India,High,2025-12-19 22:59:42
CUST_0606,Vikram,Gupta,cust_0606@example-bank.com,+91 6165417849,1980-12-31,"Flat 161, Block B",Kolkata,West Bengal,507577,India,Low,2026-02-15 01:34:20
CUST_0607,Amit,Mehta,cust_0607@example-bank.com,+91 8796432516,1980-08-25,"Flat 412, Block B",Bengaluru,Karnataka,438706,India,Low,2026-01-16 04:50:23
CUST_0608,Ramesh,Gupta,cust_0608@example-bank.com,+91 7223422518,1992-04-14,"Flat 122, Block A",Chennai,Tamil Nadu,681954,India,Low,2026-02-23 23:38:59
CUST_0609,Priya,Mehta,cust_0609@example-bank.com,+91 6241534258,1963-07-29,"Flat 325, Block B",Kolkata,West Bengal,207834,India,Low,2025-05-18 02:18:30
CUST_0610,Shweta,Verma,cust_0610@example-bank.com,+91 9886556897,1962-10-20,"Flat 499, Block A",Pune,Maharashtra,226409,India,Low,2025-06-09 10:23:27
CUST_0611,Priya,Verma,cust_0611@example-bank.com,+91 8439497675,1998-12-01,"Flat 164, Block D",Delhi,Delhi,703768,India,Low,2025-08-07 07:15:30
CUST_0612,Amit,Mehta,cust_0612@example-bank.com,+91 6015579236,1972-11-29,"Flat 162, Block A",Bengaluru,Karnataka,240154,India,Low,2025-05-07 19:13:03
CUST_0613,Shweta,Reddy,cust_0613@example-bank.com,+91 8982893044,1992-02-13,"Flat 227, Block B",Bengaluru,Karnataka,135145,India,Low,2025-08-14 00:23:34
CUST_0614,Suresh,Gupta,cust_0614@example-bank.com,+91 7453664417,1970-09-23,"Flat 322, Block B",Bengaluru,Karnataka,654391,India,Low,2025-11-09 05:06:43
CUST_0615,Shweta,Nair,cust_0615@example-bank.com,+91 9687394804,1999-12-04,"Flat 448, Block A",Pune,Maharashtra,284035,India,Medium,2025-06-01 18:20:09
CUST_0616,Sneha,Kumbari,cust_0616@example-bank.com,+91 7664528811,1970-05-03,"Flat 476, Block D",Kolkata,West Bengal,708148,India,Low,2025-10-08 20:58:19
CUST_0617,Neha,Patel,cust_0617@example-bank.com,+91 8372120393,1961-01-07,"Flat 289, Block C",Pune,Maharashtra,230699,India,Low,2025-06-19 05:17:42
CUST_0618,Deepa,Reddy,cust_0618@example-bank.com,+91 7145114905,1967-10-23,"Flat 155, Block B",Delhi,Delhi,792499,India,Low,2026-02-19 01:49:21
CUST_0619,Amit,Verma,cust_0619@example-bank.com,+91 8637587509,1985-03-25,"Flat 381, Block C",Delhi,Delhi,726613,India,Low,2026-03-28 06:07:29
CUST_0620,Shweta,Sharma,cust_0620@example-bank.com,+91 8462178907,1975-09-24,"Flat 18, Block C",Mumbai,Maharashtra,759997,India,Low,2025-08-26 01:17:54
CUST_0621,Anjali,Nair,cust_0621@example-bank.com,+91 9402315587,1991-11-17,"Flat 256, Block B",Mumbai,Maharashtra,709019,India,Medium,2025-09-13 17:07:04
CUST_0622,Neha,Das,cust_0622@example-bank.com,+91 8869296683,1985-05-14,"Flat 266, Block D",Ahmedabad,Gujarat,636955,India,Low,2025-11-19 02:12:18
CUST_0623,Suresh,Kumbari,cust_0623@example-bank.com,+91 8126301677,1981-08-01,"Flat 327, Block C",Ahmedabad,Gujarat,412353,India,Low,2025-10-15 05:48:49
CUST_0624,Vijay,Patel,cust_0624@example-bank.com,+91 6215921127,1981-06-15,"Flat 326, Block B",Chennai,Tamil Nadu,140239,India,Low,2026-03-01 08:45:49
CUST_0625,Deepa,Patel,cust_0625@example-bank.com,+91 6459756117,1998-03-15,"Flat 118, Block A",Delhi,Delhi,832074,India,Low,2026-01-13 23:30:21
CUST_0626,Anjali,Sharma,cust_0626@example-bank.com,+91 6893280772,1979-11-30,"Flat 90, Block B",Hyderabad,Telangana,277129,India,Low,2026-01-22 11:53:21
CUST_0627,Rahul,Gupta,cust_0627@example-bank.com,+91 9537794447,1980-02-17,"Flat 83, Block B",Mumbai,Maharashtra,722614,India,Low,2025-11-07 23:00:49
CUST_0628,Vikram,Gupta,cust_0628@example-bank.com,+91 7882643384,1981-08-01,"Flat 65, Block B",Delhi,Delhi,778824,India,Low,2026-02-21 18:46:56
CUST_0629,Anjali,Verma,cust_0629@example-bank.com,+91 9315026793,1976-04-18,"Flat 99, Block B",Ahmedabad,Gujarat,776333,India,Low,2025-07-31 00:44:40
CUST_0630,Rahul,Rao,cust_0630@example-bank.com,+91 9694994196,1993-10-11,"Flat 5, Block B",Mumbai,Maharashtra,646750,India,Low,2026-01-09 02:48:25
CUST_0631,Suresh,Singh,cust_0631@example-bank.com,+91 7517275215,1977-11-18,"Flat 402, Block C",Hyderabad,Telangana,388830,India,Low,2026-01-03 02:21:31
CUST_0632,Deepa,Singh,cust_0632@example-bank.com,+91 7886672629,1976-08-07,"Flat 307, Block C",Ahmedabad,Gujarat,163390,India,Medium,2025-12-18 03:24:29
CUST_0633,Deepa,Sharma,cust_0633@example-bank.com,+91 8421239907,1984-06-20,"Flat 73, Block B",Mumbai,Maharashtra,762053,India,Low,2026-02-04 09:00:05
CUST_0634,Shweta,Kumbari,cust_0634@example-bank.com,+91 6150107459,1964-12-28,"Flat 430, Block A",Hyderabad,Telangana,799826,India,Low,2025-10-16 14:03:35
CUST_0635,Vikram,Joshi,cust_0635@example-bank.com,+91 7482346675,1987-05-04,"Flat 238, Block A",Ahmedabad,Gujarat,296360,India,Low,2026-03-30 14:44:59
CUST_0636,Suresh,Verma,cust_0636@example-bank.com,+91 7573138111,1992-08-07,"Flat 492, Block A",Delhi,Delhi,168123,India,Low,2025-04-05 12:31:08
CUST_0637,Priya,Verma,cust_0637@example-bank.com,+91 7231645076,1971-10-21,"Flat 373, Block A",Chennai,Tamil Nadu,656956,India,Low,2025-04-13 09:37:31
CUST_0638,Deepa,Singh,cust_0638@example-bank.com,+91 9272702551,1998-09-18,"Flat 415, Block B",Bengaluru,Karnataka,129270,India,Low,2025-09-30 21:14:12
CUST_0639,Deepa,Joshi,cust_0639@example-bank.com,+91 8159228769,1973-09-24,"Flat 172, Block A",Hyderabad,Telangana,812612,India,Low,2025-09-16 14:09:02
CUST_0640,Deepa,Verma,cust_0640@example-bank.com,+91 9250974307,1979-11-23,"Flat 318, Block C",Chennai,Tamil Nadu,392806,India,Low,2025-11-10 13:44:19
CUST_0641,Rahul,Das,cust_0641@example-bank.com,+91 6182654924,1974-12-27,"Flat 65, Block B",Hyderabad,Telangana,662165,India,Low,2025-09-17 18:00:50
CUST_0642,Shweta,Joshi,cust_0642@example-bank.com,+91 7572865798,1981-04-18,"Flat 361, Block C",Mumbai,Maharashtra,561784,India,Low,2025-06-03 13:21:22
CUST_0643,Sneha,Nair,cust_0643@example-bank.com,+91 8627111967,1979-08-29,"Flat 380, Block B",Chennai,Tamil Nadu,756971,India,Low,2025-10-26 07:11:51
CUST_0644,Neha,Reddy,cust_0644@example-bank.com,+91 9265189188,1972-10-18,"Flat 440, Block C",Kolkata,West Bengal,182705,India,Low,2025-07-24 11:37:40
CUST_0645,Sneha,Sharma,cust_0645@example-bank.com,+91 6089581056,1994-11-17,"Flat 52, Block B",Kolkata,West Bengal,364421,India,Low,2025-08-11 20:27:07
CUST_0646,Rahul,Joshi,cust_0646@example-bank.com,+91 9460337605,1989-04-10,"Flat 266, Block B",Hyderabad,Telangana,401323,India,Low,2026-03-27 10:05:21
CUST_0647,Vikram,Sharma,cust_0647@example-bank.com,+91 6485202686,1978-03-11,"Flat 51, Block C",Pune,Maharashtra,272127,India,Low,2025-11-27 18:19:04
CUST_0648,Vijay,Nair,cust_0648@example-bank.com,+91 9526878341,1990-10-06,"Flat 98, Block C",Delhi,Delhi,655513,India,Low,2026-03-21 05:20:05
CUST_0649,Neha,Mehta,cust_0649@example-bank.com,+91 9016061544,1977-04-21,"Flat 316, Block C",Hyderabad,Telangana,586515,India,Low,2026-03-25 05:06:41
CUST_0650,Neha,Kumbari,cust_0650@example-bank.com,+91 7920186627,1999-03-20,"Flat 188, Block C",Hyderabad,Telangana,377869,India,Low,2026-01-26 00:02:22
CUST_0651,Shweta,Das,cust_0651@example-bank.com,+91 9900175579,1985-05-05,"Flat 224, Block B",Chennai,Tamil Nadu,268530,India,Low,2026-02-05 14:51:22
CUST_0652,Rahul,Joshi,cust_0652@example-bank.com,+91 8745008203,1978-10-24,"Flat 166, Block D",Delhi,Delhi,281242,India,Low,2025-05-22 22:16:28
CUST_0653,Rahul,Patel,cust_0653@example-bank.com,+91 6095359838,1998-04-08,"Flat 79, Block C",Pune,Maharashtra,265258,India,Medium,2025-12-05 19:55:44
CUST_0654,Amit,Joshi,cust_0654@example-bank.com,+91 6828512053,1978-11-02,"Flat 279, Block D",Kolkata,West Bengal,368712,India,Low,2025-08-20 17:07:42
CUST_0655,Rahul,Kumbari,cust_0655@example-bank.com,+91 6311204712,1982-01-09,"Flat 240, Block C",Hyderabad,Telangana,667909,India,Low,2025-12-19 17:19:26
CUST_0656,Priya,Gupta,cust_0656@example-bank.com,+91 7235803610,1990-10-31,"Flat 390, Block D",Hyderabad,Telangana,525503,India,Low,2025-10-19 22:13:46
CUST_0657,Vikram,Sharma,cust_0657@example-bank.com,+91 8766196433,1997-11-04,"Flat 308, Block D",Hyderabad,Telangana,822849,India,Low,2025-04-17 17:00:44
CUST_0658,Anjali,Singh,cust_0658@example-bank.com,+91 7185953565,1990-01-02,"Flat 345, Block D",Ahmedabad,Gujarat,596458,India,Low,2025-08-02 14:46:42
CUST_0659,Suresh,Sharma,cust_0659@example-bank.com,+91 6800903879,1980-10-08,"Flat 309, Block C",Hyderabad,Telangana,560190,India,Low,2026-01-03 08:10:15
CUST_0660,Ramesh,Singh,cust_0660@example-bank.com,+91 8748585230,1999-05-10,"Flat 471, Block A",Pune,Maharashtra,325116,India,Low,2025-04-28 04:28:31
CUST_0661,Ramesh,Joshi,cust_0661@example-bank.com,+91 9996184248,1995-11-24,"Flat 481, Block D",Delhi,Delhi,617987,India,Low,2026-03-19 13:42:27
CUST_0662,Amit,Verma,cust_0662@example-bank.com,+91 6512454730,1972-08-02,"Flat 177, Block B",Ahmedabad,Gujarat,268282,India,Low,2025-06-09 06:33:47
CUST_0663,Priya,Das,cust_0663@example-bank.com,+91 7955650977,1969-12-24,"Flat 191, Block D",Chennai,Tamil Nadu,624470,India,Low,2025-04-13 09:46:56
CUST_0664,Amit,Das,cust_0664@example-bank.com,+91 7676726990,1961-09-13,"Flat 367, Block C",Bengaluru,Karnataka,333711,India,Low,2025-11-25 10:06:07
CUST_0665,Neha,Reddy,cust_0665@example-bank.com,+91 9020467272,1967-02-13,"Flat 178, Block A",Pune,Maharashtra,670259,India,Low,2025-04-26 17:02:33
CUST_0666,Suresh,Kumbari,cust_0666@example-bank.com,+91 7317703084,1978-06-07,"Flat 388, Block C",Mumbai,Maharashtra,617930,India,Low,2025-07-28 00:02:15
CUST_0667,Amit,Sharma,cust_0667@example-bank.com,+91 8401754018,1964-02-24,"Flat 219, Block C",Delhi,Delhi,487586,India,Medium,2025-10-29 16:44:44
CUST_0668,Shweta,Verma,cust_0668@example-bank.com,+91 9318454302,1972-02-10,"Flat 92, Block B",Pune,Maharashtra,402077,India,Low,2025-09-26 09:40:06
CUST_0669,Vikram,Joshi,cust_0669@example-bank.com,+91 9799381122,1970-01-29,"Flat 321, Block B",Bengaluru,Karnataka,326435,India,Medium,2025-09-11 02:03:31
CUST_0670,Deepa,Singh,cust_0670@example-bank.com,+91 9687635630,1986-04-20,"Flat 109, Block D",Mumbai,Maharashtra,659578,India,Low,2026-03-21 14:00:36
CUST_0671,Neha,Singh,cust_0671@example-bank.com,+91 8412993563,1987-05-29,"Flat 485, Block C",Hyderabad,Telangana,287624,India,Low,2025-11-06 02:47:18
CUST_0672,Vijay,Joshi,cust_0672@example-bank.com,+91 7854182173,1975-02-26,"Flat 369, Block D",Ahmedabad,Gujarat,755658,India,Low,2025-07-10 15:57:07
CUST_0673,Neha,Mehta,cust_0673@example-bank.com,+91 8666062072,1982-11-11,"Flat 441, Block A",Hyderabad,Telangana,584624,India,Low,2026-02-21 15:58:01
CUST_0674,Rahul,Kumbari,cust_0674@example-bank.com,+91 7894663591,1973-11-21,"Flat 167, Block D",Hyderabad,Telangana,807712,India,Low,2025-10-16 18:41:49
CUST_0675,Neha,Rao,cust_0675@example-bank.com,+91 6764895061,1972-07-17,"Flat 282, Block B",Bengaluru,Karnataka,680331,India,Medium,2025-06-23 10:20:32
CUST_0676,Priya,Patel,cust_0676@example-bank.com,+91 6345232715,1971-08-18,"Flat 9, Block B",Hyderabad,Telangana,700699,India,Low,2025-08-12 18:28:39
CUST_0677,Vikram,Gupta,cust_0677@example-bank.com,+91 8023986499,1967-12-17,"Flat 209, Block C",Kolkata,West Bengal,425994,India,Medium,2025-08-24 05:58:06
CUST_0678,Neha,Mehta,cust_0678@example-bank.com,+91 9041987575,1970-08-06,"Flat 462, Block B",Kolkata,West Bengal,583540,India,Low,2026-03-23 06:28:52
CUST_0679,Sneha,Nair,cust_0679@example-bank.com,+91 7030754059,1965-08-20,"Flat 117, Block D",Hyderabad,Telangana,703757,India,Low,2025-08-04 04:44:33
CUST_0680,Priya,Rao,cust_0680@example-bank.com,+91 9689534190,1998-07-02,"Flat 347, Block D",Hyderabad,Telangana,268316,India,Low,2025-06-06 22:16:45
CUST_0681,Ramesh,Mehta,cust_0681@example-bank.com,+91 7050473318,1991-01-05,"Flat 43, Block B",Hyderabad,Telangana,270743,India,Low,2025-04-02 22:02:11
CUST_0682,Vijay,Patel,cust_0682@example-bank.com,+91 8351075040,1988-11-27,"Flat 110, Block C",Chennai,Tamil Nadu,384177,India,Low,2025-11-14 06:31:17
CUST_0683,Amit,Rao,cust_0683@example-bank.com,+91 9914339914,1966-09-30,"Flat 420, Block C",Kolkata,West Bengal,468276,India,Low,2025-09-20 02:29:27
CUST_0684,Neha,Nair,cust_0684@example-bank.com,+91 8919134995,1960-05-29,"Flat 223, Block B",Kolkata,West Bengal,447599,India,Low,2025-11-03 05:46:01
CUST_0685,Ramesh,Nair,cust_0685@example-bank.com,+91 6531135616,1986-04-18,"Flat 59, Block A",Pune,Maharashtra,368393,India,Low,2025-12-21 07:39:00
CUST_0686,Vikram,Verma,cust_0686@example-bank.com,+91 7805756252,1997-08-26,"Flat 15, Block D",Chennai,Tamil Nadu,810173,India,Low,2025-11-30 19:39:35
CUST_0687,Shweta,Singh,cust_0687@example-bank.com,+91 6563080273,1983-09-29,"Flat 49, Block B",Pune,Maharashtra,575131,India,Low,2025-07-16 04:00:17
CUST_0688,Vijay,Singh,cust_0688@example-bank.com,+91 9033781846,1996-12-15,"Flat 308, Block B",Ahmedabad,Gujarat,808714,India,Medium,2025-05-02 21:22:01
CUST_0689,Ramesh,Reddy,cust_0689@example-bank.com,+91 9358936874,1997-12-23,"Flat 422, Block B",Pune,Maharashtra,276452,India,Low,2025-08-27 16:40:23
CUST_0690,Suresh,Nair,cust_0690@example-bank.com,+91 8497684013,1971-05-17,"Flat 176, Block A",Bengaluru,Karnataka,136370,India,Low,2025-04-08 14:41:01
CUST_0691,Shweta,Gupta,cust_0691@example-bank.com,+91 6859282394,1977-10-16,"Flat 327, Block A",Mumbai,Maharashtra,831515,India,Low,2026-02-19 09:20:33
CUST_0692,Vikram,Verma,cust_0692@example-bank.com,+91 9022904737,1986-07-07,"Flat 206, Block C",Pune,Maharashtra,146832,India,Medium,2026-01-07 13:19:42
CUST_0693,Vikram,Kumbari,cust_0693@example-bank.com,+91 6586442800,1986-11-20,"Flat 61, Block B",Ahmedabad,Gujarat,318379,India,Low,2025-04-11 03:24:08
CUST_0694,Priya,Mehta,cust_0694@example-bank.com,+91 9557009921,1989-05-19,"Flat 236, Block C",Mumbai,Maharashtra,170347,India,Low,2026-02-25 15:52:25
CUST_0695,Priya,Singh,cust_0695@example-bank.com,+91 9012829397,1977-12-04,"Flat 271, Block C",Pune,Maharashtra,537914,India,Low,2025-08-16 09:24:36
CUST_0696,Sneha,Sharma,cust_0696@example-bank.com,+91 6776177180,1969-06-28,"Flat 61, Block B",Hyderabad,Telangana,772821,India,Low,2025-06-12 10:15:01
CUST_0697,Shweta,Mehta,cust_0697@example-bank.com,+91 9045927126,1968-06-06,"Flat 114, Block C",Kolkata,West Bengal,613174,India,Low,2025-07-28 18:00:35
CUST_0698,Rahul,Singh,cust_0698@example-bank.com,+91 8805932669,1995-02-24,"Flat 115, Block A",Ahmedabad,Gujarat,701724,India,Low,2025-06-23 08:39:17
CUST_0699,Suresh,Sharma,cust_0699@example-bank.com,+91 9311392381,1995-10-19,"Flat 432, Block A",Hyderabad,Telangana,209006,India,Low,2025-07-27 17:40:55
CUST_0700,Vijay,Singh,cust_0700@example-bank.com,+91 9616670581,1961-01-09,"Flat 331, Block B",Pune,Maharashtra,325678,India,Low,2026-03-31 00:14:03
CUST_0701,Rahul,Nair,cust_0701@example-bank.com,+91 6910845799,1967-04-19,"Flat 448, Block C",Bengaluru,Karnataka,604571,India,Low,2025-09-24 15:13:37
CUST_0702,Ramesh,Rao,cust_0702@example-bank.com,+91 6054572523,1992-11-20,"Flat 205, Block D",Pune,Maharashtra,646085,India,Low,2025-08-21 09:38:01
CUST_0703,Anjali,Verma,cust_0703@example-bank.com,+91 9196630218,1984-01-31,"Flat 270, Block A",Chennai,Tamil Nadu,207246,India,Low,2025-07-28 04:52:06
CUST_0704,Priya,Singh,cust_0704@example-bank.com,+91 9654374736,1996-06-20,"Flat 233, Block D",Hyderabad,Telangana,572681,India,Medium,2025-12-13 10:33:38
CUST_0705,Neha,Patel,cust_0705@example-bank.com,+91 8233726366,1962-09-02,"Flat 23, Block C",Pune,Maharashtra,421196,India,Medium,2025-05-21 02:23:35
CUST_0706,Ramesh,Joshi,cust_0706@example-bank.com,+91 8369749175,1964-03-02,"Flat 454, Block B",Ahmedabad,Gujarat,599414,India,Medium,2026-01-28 06:39:24
CUST_0707,Anjali,Rao,cust_0707@example-bank.com,+91 7354234147,1975-01-07,"Flat 433, Block D",Bengaluru,Karnataka,277910,India,Low,2025-10-25 22:32:53
CUST_0708,Anjali,Sharma,cust_0708@example-bank.com,+91 9595339455,1998-05-08,"Flat 298, Block A",Bengaluru,Karnataka,830454,India,Low,2025-11-20 02:02:49
CUST_0709,Shweta,Das,cust_0709@example-bank.com,+91 7675545639,1989-03-15,"Flat 389, Block C",Chennai,Tamil Nadu,567867,India,Low,2025-12-24 16:21:38
CUST_0710,Anjali,Kumbari,cust_0710@example-bank.com,+91 6355664975,1992-07-31,"Flat 424, Block C",Kolkata,West Bengal,315248,India,Low,2026-01-30 18:03:43
CUST_0711,Amit,Patel,cust_0711@example-bank.com,+91 9522305636,1971-05-04,"Flat 310, Block A",Ahmedabad,Gujarat,808493,India,Low,2026-03-02 19:43:38
CUST_0712,Deepa,Joshi,cust_0712@example-bank.com,+91 7664316379,1991-03-26,"Flat 55, Block A",Mumbai,Maharashtra,575656,India,Low,2025-10-06 13:03:52
CUST_0713,Rahul,Das,cust_0713@example-bank.com,+91 7394847637,1985-10-30,"Flat 426, Block A",Mumbai,Maharashtra,846870,India,Low,2026-02-16 21:11:00
CUST_0714,Vijay,Mehta,cust_0714@example-bank.com,+91 6701199025,1977-11-15,"Flat 9, Block B",Delhi,Delhi,397932,India,Low,2025-10-27 05:20:47
CUST_0715,Deepa,Kumbari,cust_0715@example-bank.com,+91 8098129400,1970-02-16,"Flat 207, Block A",Pune,Maharashtra,265723,India,Low,2025-12-19 02:02:56
CUST_0716,Rahul,Verma,cust_0716@example-bank.com,+91 9749654732,1986-04-29,"Flat 84, Block D",Delhi,Delhi,683185,India,Low,2025-07-02 19:46:04
CUST_0717,Vijay,Singh,cust_0717@example-bank.com,+91 8220816137,1991-01-04,"Flat 310, Block B",Bengaluru,Karnataka,697019,India,Low,2025-05-18 15:53:49
CUST_0718,Sneha,Verma,cust_0718@example-bank.com,+91 6665125374,1981-02-18,"Flat 257, Block B",Kolkata,West Bengal,543000,India,Low,2025-10-21 18:25:32
CUST_0719,Suresh,Das,cust_0719@example-bank.com,+91 6991817073,1995-10-16,"Flat 67, Block B",Ahmedabad,Gujarat,824537,India,Low,2026-01-24 09:14:10
CUST_0720,Shweta,Reddy,cust_0720@example-bank.com,+91 8237543200,1993-05-24,"Flat 459, Block B",Mumbai,Maharashtra,333499,India,Low,2025-09-11 08:43:21
CUST_0721,Suresh,Gupta,cust_0721@example-bank.com,+91 8012113022,1967-09-29,"Flat 138, Block C",Ahmedabad,Gujarat,767860,India,Low,2026-03-18 22:58:01
CUST_0722,Deepa,Patel,cust_0722@example-bank.com,+91 6116834095,1969-12-09,"Flat 225, Block C",Kolkata,West Bengal,372618,India,Low,2025-06-04 09:11:45
CUST_0723,Deepa,Mehta,cust_0723@example-bank.com,+91 9398723930,1974-09-29,"Flat 109, Block D",Pune,Maharashtra,594091,India,Low,2026-03-13 14:51:27
CUST_0724,Vikram,Reddy,cust_0724@example-bank.com,+91 6165773379,1990-06-13,"Flat 79, Block B",Kolkata,West Bengal,538784,India,Low,2025-12-24 05:47:53
CUST_0725,Vijay,Patel,cust_0725@example-bank.com,+91 9200045132,1992-07-04,"Flat 223, Block B",Delhi,Delhi,766163,India,High,2025-12-15 19:57:56
CUST_0726,Suresh,Nair,cust_0726@example-bank.com,+91 8611922491,1978-04-26,"Flat 181, Block A",Chennai,Tamil Nadu,431389,India,Low,2025-05-21 01:16:50
CUST_0727,Ramesh,Reddy,cust_0727@example-bank.com,+91 7376995930,1964-10-21,"Flat 119, Block C",Pune,Maharashtra,120011,India,Low,2026-01-02 08:07:13
CUST_0728,Priya,Rao,cust_0728@example-bank.com,+91 9915657803,1998-12-14,"Flat 85, Block B",Ahmedabad,Gujarat,114930,India,Low,2025-05-13 10:09:55
CUST_0729,Suresh,Singh,cust_0729@example-bank.com,+91 7365373368,1987-05-03,"Flat 348, Block B",Mumbai,Maharashtra,452081,India,Low,2025-08-23 13:17:06
CUST_0730,Vijay,Verma,cust_0730@example-bank.com,+91 8075380675,1974-10-27,"Flat 193, Block B",Bengaluru,Karnataka,809612,India,Low,2025-11-03 06:20:49
CUST_0731,Suresh,Gupta,cust_0731@example-bank.com,+91 9161654285,1977-07-07,"Flat 160, Block D",Ahmedabad,Gujarat,235820,India,Low,2025-07-18 15:21:21
CUST_0732,Rahul,Sharma,cust_0732@example-bank.com,+91 8966834482,1986-07-15,"Flat 287, Block B",Chennai,Tamil Nadu,170488,India,Low,2025-06-16 11:30:32
CUST_0733,Suresh,Rao,cust_0733@example-bank.com,+91 6429383655,1967-12-08,"Flat 182, Block A",Hyderabad,Telangana,474789,India,Low,2026-03-16 07:24:29
CUST_0734,Priya,Nair,cust_0734@example-bank.com,+91 7174478561,1990-11-03,"Flat 55, Block D",Delhi,Delhi,496735,India,Low,2025-07-29 07:28:30
CUST_0735,Neha,Sharma,cust_0735@example-bank.com,+91 8942178980,1981-10-20,"Flat 440, Block A",Bengaluru,Karnataka,531927,India,Low,2025-09-09 20:12:13
CUST_0736,Sneha,Verma,cust_0736@example-bank.com,+91 9080107239,1963-11-22,"Flat 169, Block A",Kolkata,West Bengal,157694,India,Low,2025-12-21 07:23:28
CUST_0737,Anjali,Das,cust_0737@example-bank.com,+91 9804093999,1996-03-03,"Flat 31, Block B",Kolkata,West Bengal,254097,India,Low,2025-05-06 08:15:59
CUST_0738,Shweta,Mehta,cust_0738@example-bank.com,+91 7339278021,1988-05-01,"Flat 276, Block B",Hyderabad,Telangana,160437,India,Medium,2025-05-23 10:59:11
CUST_0739,Neha,Verma,cust_0739@example-bank.com,+91 9068890647,1983-03-07,"Flat 347, Block C",Pune,Maharashtra,351684,India,Low,2026-03-20 04:14:08
CUST_0740,Vikram,Verma,cust_0740@example-bank.com,+91 8304896063,1967-12-13,"Flat 319, Block B",Chennai,Tamil Nadu,631254,India,Low,2025-10-12 04:54:40
CUST_0741,Rahul,Reddy,cust_0741@example-bank.com,+91 6190282228,1974-05-24,"Flat 392, Block D",Pune,Maharashtra,503579,India,Low,2025-08-10 21:47:04
CUST_0742,Amit,Kumbari,cust_0742@example-bank.com,+91 9227305770,1972-04-07,"Flat 382, Block D",Ahmedabad,Gujarat,433762,India,Low,2025-10-19 17:20:22
CUST_0743,Priya,Reddy,cust_0743@example-bank.com,+91 7190516489,1976-02-02,"Flat 85, Block A",Delhi,Delhi,458550,India,Low,2025-09-25 02:02:10
CUST_0744,Rahul,Kumbari,cust_0744@example-bank.com,+91 7207700294,1981-06-01,"Flat 60, Block D",Kolkata,West Bengal,586158,India,Low,2025-12-18 21:24:46
CUST_0745,Sneha,Verma,cust_0745@example-bank.com,+91 8618268289,1968-06-05,"Flat 120, Block C",Chennai,Tamil Nadu,457841,India,High,2026-02-04 20:46:54
CUST_0746,Shweta,Sharma,cust_0746@example-bank.com,+91 6656804291,1978-08-22,"Flat 441, Block C",Delhi,Delhi,746872,India,Low,2026-03-30 07:15:10
CUST_0747,Ramesh,Gupta,cust_0747@example-bank.com,+91 9039320993,1995-11-05,"Flat 66, Block B",Pune,Maharashtra,480136,India,Low,2026-02-19 01:41:03
CUST_0748,Deepa,Joshi,cust_0748@example-bank.com,+91 6742825526,1992-04-30,"Flat 422, Block C",Ahmedabad,Gujarat,709040,India,Low,2025-08-06 19:08:03
CUST_0749,Priya,Gupta,cust_0749@example-bank.com,+91 9010652091,1978-03-24,"Flat 444, Block C",Pune,Maharashtra,230873,India,Low,2025-07-26 13:38:23
CUST_0750,Sneha,Gupta,cust_0750@example-bank.com,+91 9763515425,1991-07-13,"Flat 78, Block B",Kolkata,West Bengal,771932,India,Low,2025-11-28 05:36:43
CUST_0751,Shweta,Das,cust_0751@example-bank.com,+91 6441604280,1989-07-21,"Flat 366, Block D",Kolkata,West Bengal,684292,India,Low,2025-04-01 13:43:14
CUST_0752,Deepa,Patel,cust_0752@example-bank.com,+91 7339103236,1978-03-04,"Flat 25, Block B",Bengaluru,Karnataka,409384,India,Low,2026-01-02 05:23:46
CUST_0753,Ramesh,Joshi,cust_0753@example-bank.com,+91 7416153372,1991-08-05,"Flat 497, Block B",Pune,Maharashtra,443847,India,Medium,2026-02-19 05:22:32
CUST_0754,Priya,Kumbari,cust_0754@example-bank.com,+91 7631774663,1971-05-16,"Flat 35, Block B",Delhi,Delhi,460892,India,Low,2025-10-18 22:59:26
CUST_0755,Shweta,Kumbari,cust_0755@example-bank.com,+91 8011383202,1967-11-07,"Flat 308, Block A",Chennai,Tamil Nadu,518581,India,Low,2026-03-12 21:19:52
CUST_0756,Suresh,Mehta,cust_0756@example-bank.com,+91 9467780987,1971-03-18,"Flat 314, Block A",Bengaluru,Karnataka,241558,India,Low,2026-03-28 03:34:06
CUST_0757,Amit,Sharma,cust_0757@example-bank.com,+91 8146218623,1970-09-11,"Flat 109, Block B",Mumbai,Maharashtra,264161,India,Low,2026-02-19 10:21:47
CUST_0758,Ramesh,Gupta,cust_0758@example-bank.com,+91 7620084627,1970-11-10,"Flat 469, Block D",Kolkata,West Bengal,394504,India,Low,2025-09-30 20:35:56
CUST_0759,Sneha,Verma,cust_0759@example-bank.com,+91 6395273485,1980-03-27,"Flat 88, Block A",Pune,Maharashtra,163531,India,Low,2025-10-08 14:08:41
CUST_0760,Sneha,Reddy,cust_0760@example-bank.com,+91 7053846288,1990-02-22,"Flat 363, Block B",Mumbai,Maharashtra,501107,India,Low,2025-06-14 14:29:26
CUST_0761,Ramesh,Das,cust_0761@example-bank.com,+91 6230357166,1999-05-02,"Flat 333, Block D",Chennai,Tamil Nadu,439865,India,Low,2025-08-23 18:40:05
CUST_0762,Ramesh,Das,cust_0762@example-bank.com,+91 7745477760,1982-09-12,"Flat 492, Block C",Kolkata,West Bengal,200303,India,Low,2025-07-02 20:31:12
CUST_0763,Vijay,Das,cust_0763@example-bank.com,+91 8724925627,1964-01-30,"Flat 86, Block C",Mumbai,Maharashtra,600488,India,Low,2025-05-19 20:22:03
CUST_0764,Suresh,Singh,cust_0764@example-bank.com,+91 6375017446,1969-03-22,"Flat 62, Block D",Bengaluru,Karnataka,449047,India,Low,2025-04-28 12:31:05
CUST_0765,Amit,Patel,cust_0765@example-bank.com,+91 7627827283,1983-09-29,"Flat 117, Block A",Hyderabad,Telangana,256438,India,Low,2025-11-17 09:30:47
CUST_0766,Anjali,Joshi,cust_0766@example-bank.com,+91 7465194199,1961-09-03,"Flat 493, Block B",Kolkata,West Bengal,649313,India,Low,2026-01-20 06:59:02
CUST_0767,Ramesh,Rao,cust_0767@example-bank.com,+91 8087364718,1968-11-09,"Flat 387, Block A",Bengaluru,Karnataka,399971,India,Medium,2025-05-24 23:22:19
CUST_0768,Vikram,Joshi,cust_0768@example-bank.com,+91 6708504295,1969-12-16,"Flat 228, Block A",Mumbai,Maharashtra,787265,India,Medium,2025-10-19 20:36:39
CUST_0769,Vikram,Kumbari,cust_0769@example-bank.com,+91 7028684242,1983-06-09,"Flat 150, Block B",Ahmedabad,Gujarat,624225,India,Medium,2025-10-25 14:24:29
CUST_0770,Neha,Verma,cust_0770@example-bank.com,+91 8092356839,1995-05-13,"Flat 290, Block A",Ahmedabad,Gujarat,764283,India,Low,2025-08-31 23:26:34
CUST_0771,Rahul,Das,cust_0771@example-bank.com,+91 6812506302,1993-04-04,"Flat 310, Block C",Chennai,Tamil Nadu,798008,India,Low,2026-01-03 10:09:52
CUST_0772,Sneha,Patel,cust_0772@example-bank.com,+91 6632268224,1996-03-27,"Flat 194, Block C",Delhi,Delhi,738970,India,Low,2025-05-29 00:23:38
CUST_0773,Rahul,Mehta,cust_0773@example-bank.com,+91 8831958689,1981-04-01,"Flat 443, Block A",Hyderabad,Telangana,820013,India,Low,2025-06-20 11:45:58
CUST_0774,Suresh,Reddy,cust_0774@example-bank.com,+91 6154949017,1996-09-23,"Flat 495, Block C",Chennai,Tamil Nadu,666857,India,Low,2025-12-18 02:49:27
CUST_0775,Deepa,Mehta,cust_0775@example-bank.com,+91 6044151296,1974-07-17,"Flat 128, Block C",Bengaluru,Karnataka,191944,India,Low,2025-08-14 01:36:09
CUST_0776,Rahul,Rao,cust_0776@example-bank.com,+91 8255560018,1996-08-11,"Flat 263, Block B",Mumbai,Maharashtra,353887,India,Low,2025-04-13 07:51:52
CUST_0777,Rahul,Joshi,cust_0777@example-bank.com,+91 7614320503,1971-09-08,"Flat 6, Block A",Kolkata,West Bengal,426901,India,Low,2025-06-12 08:26:36
CUST_0778,Deepa,Kumbari,cust_0778@example-bank.com,+91 6540119992,1968-09-23,"Flat 180, Block A",Chennai,Tamil Nadu,380446,India,Medium,2025-11-24 18:30:38
CUST_0779,Sneha,Joshi,cust_0779@example-bank.com,+91 8599624634,1993-06-24,"Flat 279, Block B",Delhi,Delhi,122683,India,Low,2025-06-01 04:26:57
CUST_0780,Deepa,Joshi,cust_0780@example-bank.com,+91 8449640651,1985-06-26,"Flat 23, Block A",Kolkata,West Bengal,195717,India,Low,2025-06-19 20:00:44
CUST_0781,Suresh,Gupta,cust_0781@example-bank.com,+91 8123247381,1994-01-28,"Flat 383, Block D",Pune,Maharashtra,818580,India,Low,2025-11-17 15:59:25
CUST_0782,Ramesh,Gupta,cust_0782@example-bank.com,+91 9633307236,1978-11-07,"Flat 172, Block A",Ahmedabad,Gujarat,486737,India,Low,2025-08-08 06:49:29
CUST_0783,Sneha,Patel,cust_0783@example-bank.com,+91 6040006664,1962-03-15,"Flat 449, Block B",Pune,Maharashtra,219591,India,Low,2025-07-13 15:15:22
CUST_0784,Amit,Gupta,cust_0784@example-bank.com,+91 6635719129,1969-02-04,"Flat 82, Block C",Mumbai,Maharashtra,216221,India,Low,2025-11-13 01:39:49
CUST_0785,Vikram,Rao,cust_0785@example-bank.com,+91 7193786207,1981-12-23,"Flat 479, Block D",Kolkata,West Bengal,723209,India,Low,2025-06-15 11:50:25
CUST_0786,Amit,Patel,cust_0786@example-bank.com,+91 6343450518,1965-12-05,"Flat 199, Block D",Mumbai,Maharashtra,398586,India,Low,2025-09-06 04:23:52
CUST_0787,Vikram,Patel,cust_0787@example-bank.com,+91 8156606711,2000-05-15,"Flat 46, Block A",Chennai,Tamil Nadu,421490,India,Low,2026-03-10 07:16:31
CUST_0788,Amit,Kumbari,cust_0788@example-bank.com,+91 8009245079,1964-11-28,"Flat 250, Block C",Chennai,Tamil Nadu,456690,India,Low,2025-04-09 11:51:01
CUST_0789,Anjali,Verma,cust_0789@example-bank.com,+91 6229722588,1995-10-12,"Flat 13, Block B",Ahmedabad,Gujarat,552402,India,Low,2025-08-21 06:17:08
CUST_0790,Anjali,Patel,cust_0790@example-bank.com,+91 7406016752,1993-06-03,"Flat 305, Block A",Mumbai,Maharashtra,570706,India,Low,2025-09-16 04:04:25
CUST_0791,Deepa,Mehta,cust_0791@example-bank.com,+91 9847943742,1968-11-16,"Flat 370, Block B",Hyderabad,Telangana,398195,India,Low,2025-05-17 01:51:34
CUST_0792,Suresh,Patel,cust_0792@example-bank.com,+91 8362667992,1991-07-21,"Flat 439, Block C",Kolkata,West Bengal,511311,India,Low,2026-02-03 14:55:03
CUST_0793,Anjali,Joshi,cust_0793@example-bank.com,+91 6876777978,1967-03-09,"Flat 478, Block A",Hyderabad,Telangana,583539,India,Low,2025-10-13 21:07:52
CUST_0794,Suresh,Singh,cust_0794@example-bank.com,+91 8658549534,1991-07-04,"Flat 231, Block B",Chennai,Tamil Nadu,822931,India,Medium,2025-07-20 23:11:00
CUST_0795,Anjali,Joshi,cust_0795@example-bank.com,+91 8688289282,1995-10-15,"Flat 384, Block A",Kolkata,West Bengal,646402,India,Low,2025-07-22 16:52:36
CUST_0796,Priya,Kumbari,cust_0796@example-bank.com,+91 7704125999,1961-07-19,"Flat 178, Block B",Pune,Maharashtra,684285,India,Low,2026-01-27 11:55:04
CUST_0797,Neha,Nair,cust_0797@example-bank.com,+91 6213749339,2000-05-25,"Flat 462, Block D",Chennai,Tamil Nadu,719836,India,Low,2026-01-25 15:08:33
CUST_0798,Sneha,Singh,cust_0798@example-bank.com,+91 9187172343,1991-10-03,"Flat 164, Block C",Ahmedabad,Gujarat,635821,India,Low,2026-01-03 10:55:17
CUST_0799,Anjali,Das,cust_0799@example-bank.com,+91 6115945290,1970-03-23,"Flat 160, Block D",Delhi,Delhi,272230,India,Low,2025-12-23 07:05:42
CUST_0800,Suresh,Das,cust_0800@example-bank.com,+91 6308951318,1974-08-18,"Flat 219, Block A",Kolkata,West Bengal,762142,India,Low,2026-02-18 19:33:38
CUST_0801,Ramesh,Sharma,cust_0801@example-bank.com,+91 9101211644,1960-10-03,"Flat 382, Block C",Delhi,Delhi,484921,India,Low,2025-08-21 08:02:04
CUST_0802,Vikram,Joshi,cust_0802@example-bank.com,+91 8152523573,1989-01-31,"Flat 387, Block A",Pune,Maharashtra,221368,India,Low,2025-11-03 11:21:36
CUST_0803,Vikram,Sharma,cust_0803@example-bank.com,+91 6969235509,1990-04-17,"Flat 471, Block D",Ahmedabad,Gujarat,596906,India,Low,2025-11-08 23:09:27
CUST_0804,Vikram,Das,cust_0804@example-bank.com,+91 9647748996,1999-10-21,"Flat 127, Block C",Mumbai,Maharashtra,514604,India,Low,2025-04-04 13:43:46
CUST_0805,Amit,Rao,cust_0805@example-bank.com,+91 6756041423,1964-12-08,"Flat 479, Block D",Bengaluru,Karnataka,560379,India,Low,2025-07-30 17:56:54
CUST_0806,Amit,Sharma,cust_0806@example-bank.com,+91 6460934527,1983-04-18,"Flat 251, Block B",Kolkata,West Bengal,822311,India,Low,2025-08-25 02:39:58
CUST_0807,Neha,Verma,cust_0807@example-bank.com,+91 9315992607,1969-04-09,"Flat 52, Block D",Kolkata,West Bengal,797419,India,Medium,2025-07-05 20:45:17
CUST_0808,Deepa,Patel,cust_0808@example-bank.com,+91 7202409902,1996-10-26,"Flat 308, Block A",Bengaluru,Karnataka,350069,India,Low,2025-11-30 10:39:50
CUST_0809,Neha,Verma,cust_0809@example-bank.com,+91 7847375265,1989-12-11,"Flat 169, Block C",Delhi,Delhi,335904,India,Low,2026-02-09 20:13:02
CUST_0810,Amit,Singh,cust_0810@example-bank.com,+91 7203804155,1972-06-22,"Flat 442, Block A",Mumbai,Maharashtra,581929,India,Low,2025-05-15 09:40:28
CUST_0811,Vijay,Patel,cust_0811@example-bank.com,+91 6547225995,1998-06-05,"Flat 186, Block D",Kolkata,West Bengal,444455,India,Low,2025-11-04 22:42:39
CUST_0812,Amit,Rao,cust_0812@example-bank.com,+91 8077836022,1978-09-13,"Flat 433, Block C",Ahmedabad,Gujarat,152609,India,Low,2025-08-14 18:20:08
CUST_0813,Vijay,Kumbari,cust_0813@example-bank.com,+91 6381492202,1963-08-05,"Flat 128, Block A",Delhi,Delhi,777487,India,Low,2025-05-22 03:19:29
CUST_0814,Rahul,Gupta,cust_0814@example-bank.com,+91 9422442289,1972-06-21,"Flat 220, Block C",Chennai,Tamil Nadu,629573,India,Low,2026-01-30 00:12:45
CUST_0815,Amit,Patel,cust_0815@example-bank.com,+91 7906018717,1986-07-29,"Flat 375, Block C",Ahmedabad,Gujarat,525223,India,Low,2026-02-28 07:51:46
CUST_0816,Shweta,Mehta,cust_0816@example-bank.com,+91 8274207330,1981-09-19,"Flat 494, Block B",Pune,Maharashtra,176068,India,Low,2025-12-28 06:49:35
CUST_0817,Deepa,Gupta,cust_0817@example-bank.com,+91 7671071217,1985-11-08,"Flat 112, Block C",Kolkata,West Bengal,656645,India,High,2025-04-20 05:20:42
CUST_0818,Shweta,Rao,cust_0818@example-bank.com,+91 8341038451,1975-08-12,"Flat 5, Block C",Kolkata,West Bengal,462351,India,Low,2025-04-24 21:54:34
CUST_0819,Vikram,Reddy,cust_0819@example-bank.com,+91 7231699837,2001-01-25,"Flat 126, Block C",Mumbai,Maharashtra,370406,India,Low,2025-09-02 12:55:33
CUST_0820,Amit,Nair,cust_0820@example-bank.com,+91 6630945356,1997-09-04,"Flat 204, Block D",Hyderabad,Telangana,215925,India,Low,2025-05-31 00:45:18
CUST_0821,Vikram,Mehta,cust_0821@example-bank.com,+91 8253901099,1968-11-27,"Flat 50, Block B",Hyderabad,Telangana,262301,India,Low,2025-12-17 18:21:33
CUST_0822,Suresh,Joshi,cust_0822@example-bank.com,+91 7472377162,1968-05-29,"Flat 357, Block C",Delhi,Delhi,812669,India,Medium,2026-02-19 22:16:19
CUST_0823,Anjali,Patel,cust_0823@example-bank.com,+91 8886848576,1991-04-28,"Flat 237, Block D",Ahmedabad,Gujarat,354695,India,Low,2026-02-06 19:20:51
CUST_0824,Vikram,Singh,cust_0824@example-bank.com,+91 8009806824,1988-07-24,"Flat 496, Block C",Pune,Maharashtra,691889,India,Low,2026-02-22 01:41:16
CUST_0825,Deepa,Das,cust_0825@example-bank.com,+91 8735386787,1986-02-22,"Flat 159, Block A",Chennai,Tamil Nadu,365706,India,Low,2026-01-28 19:13:53
CUST_0826,Vijay,Nair,cust_0826@example-bank.com,+91 9163874099,1979-01-23,"Flat 180, Block C",Pune,Maharashtra,652979,India,Medium,2025-07-26 21:53:29
CUST_0827,Shweta,Gupta,cust_0827@example-bank.com,+91 8336372330,1968-08-08,"Flat 18, Block C",Delhi,Delhi,708426,India,Low,2025-09-14 09:19:25
CUST_0828,Ramesh,Nair,cust_0828@example-bank.com,+91 8686019237,2001-01-24,"Flat 393, Block A",Delhi,Delhi,558813,India,Low,2025-08-30 06:20:35
CUST_0829,Sneha,Kumbari,cust_0829@example-bank.com,+91 7642602197,1983-12-12,"Flat 254, Block B",Delhi,Delhi,835535,India,Medium,2025-12-17 04:31:43
CUST_0830,Priya,Joshi,cust_0830@example-bank.com,+91 8463745244,1990-11-10,"Flat 110, Block C",Kolkata,West Bengal,379538,India,Low,2025-10-19 13:41:52
CUST_0831,Ramesh,Kumbari,cust_0831@example-bank.com,+91 9536284276,1995-12-31,"Flat 331, Block D",Hyderabad,Telangana,371120,India,Low,2025-12-15 04:10:21
CUST_0832,Neha,Joshi,cust_0832@example-bank.com,+91 7776315560,1985-01-17,"Flat 244, Block B",Pune,Maharashtra,168337,India,Low,2025-05-13 09:12:03
CUST_0833,Suresh,Joshi,cust_0833@example-bank.com,+91 6672152588,1976-05-16,"Flat 500, Block B",Bengaluru,Karnataka,511988,India,Low,2025-09-30 00:02:17
CUST_0834,Priya,Kumbari,cust_0834@example-bank.com,+91 7639675462,1983-02-08,"Flat 129, Block B",Pune,Maharashtra,468726,India,Low,2026-03-10 11:59:50
CUST_0835,Vikram,Singh,cust_0835@example-bank.com,+91 8034648543,1980-09-20,"Flat 307, Block A",Mumbai,Maharashtra,500093,India,Low,2025-07-21 09:08:28
CUST_0836,Suresh,Singh,cust_0836@example-bank.com,+91 7565807196,1993-11-05,"Flat 76, Block A",Hyderabad,Telangana,222474,India,Low,2025-05-03 06:55:21
CUST_0837,Priya,Nair,cust_0837@example-bank.com,+91 8848352811,1966-02-17,"Flat 123, Block D",Chennai,Tamil Nadu,677382,India,Low,2025-09-08 09:31:36
CUST_0838,Vijay,Joshi,cust_0838@example-bank.com,+91 9204699571,1983-11-30,"Flat 382, Block B",Mumbai,Maharashtra,465622,India,Low,2025-06-30 09:03:46
CUST_0839,Anjali,Patel,cust_0839@example-bank.com,+91 7550010650,1974-12-26,"Flat 202, Block C",Kolkata,West Bengal,476196,India,Low,2025-12-24 23:12:43
CUST_0840,Shweta,Sharma,cust_0840@example-bank.com,+91 8761138739,1966-10-10,"Flat 366, Block A",Delhi,Delhi,421243,India,Low,2025-10-16 08:38:58
CUST_0841,Suresh,Kumbari,cust_0841@example-bank.com,+91 6013630831,1985-09-03,"Flat 15, Block C",Ahmedabad,Gujarat,387073,India,Medium,2025-08-19 17:54:39
CUST_0842,Priya,Patel,cust_0842@example-bank.com,+91 7245958165,1973-02-18,"Flat 248, Block C",Pune,Maharashtra,371591,India,Low,2026-03-20 17:13:11
CUST_0843,Deepa,Joshi,cust_0843@example-bank.com,+91 8302366245,1965-05-31,"Flat 251, Block A",Chennai,Tamil Nadu,114405,India,Low,2026-03-01 07:38:28
CUST_0844,Amit,Verma,cust_0844@example-bank.com,+91 6564537894,1996-04-28,"Flat 188, Block A",Kolkata,West Bengal,741539,India,Low,2025-09-21 04:49:51
CUST_0845,Shweta,Rao,cust_0845@example-bank.com,+91 7789731488,1985-03-09,"Flat 332, Block D",Bengaluru,Karnataka,605772,India,Low,2026-02-03 01:30:35
CUST_0846,Deepa,Rao,cust_0846@example-bank.com,+91 7985649245,1963-11-06,"Flat 279, Block D",Mumbai,Maharashtra,708335,India,Low,2025-10-13 23:49:31
CUST_0847,Vikram,Mehta,cust_0847@example-bank.com,+91 9603542483,1964-03-19,"Flat 152, Block C",Bengaluru,Karnataka,317432,India,Low,2025-06-18 17:04:59
CUST_0848,Anjali,Singh,cust_0848@example-bank.com,+91 9268155778,1962-06-22,"Flat 111, Block D",Mumbai,Maharashtra,229154,India,Low,2026-01-11 20:20:01
CUST_0849,Shweta,Joshi,cust_0849@example-bank.com,+91 9643045183,1972-05-14,"Flat 395, Block A",Bengaluru,Karnataka,834045,India,Low,2025-12-03 18:58:05
CUST_0850,Sneha,Singh,cust_0850@example-bank.com,+91 9108155225,1970-12-01,"Flat 130, Block A",Pune,Maharashtra,170808,India,Low,2025-08-14 01:11:11
CUST_0851,Sneha,Reddy,cust_0851@example-bank.com,+91 8732744741,1965-11-02,"Flat 346, Block C",Mumbai,Maharashtra,147566,India,Low,2026-03-10 01:14:56
CUST_0852,Vijay,Rao,cust_0852@example-bank.com,+91 9182986589,1989-05-07,"Flat 95, Block C",Ahmedabad,Gujarat,655472,India,Low,2025-10-09 09:18:35
CUST_0853,Shweta,Patel,cust_0853@example-bank.com,+91 8378033882,1988-02-24,"Flat 163, Block C",Pune,Maharashtra,365768,India,Medium,2026-01-21 02:53:17
CUST_0854,Deepa,Mehta,cust_0854@example-bank.com,+91 6398507240,1970-12-11,"Flat 26, Block C",Hyderabad,Telangana,345499,India,Low,2025-11-18 01:07:05
CUST_0855,Rahul,Das,cust_0855@example-bank.com,+91 9689760249,1990-06-11,"Flat 190, Block C",Hyderabad,Telangana,411275,India,Low,2026-02-10 02:30:05
CUST_0856,Sneha,Patel,cust_0856@example-bank.com,+91 9565445665,1986-03-27,"Flat 78, Block A",Kolkata,West Bengal,688560,India,Low,2025-04-14 14:44:58
CUST_0857,Vikram,Patel,cust_0857@example-bank.com,+91 7345087249,1973-05-29,"Flat 462, Block C",Bengaluru,Karnataka,553552,India,Low,2025-05-16 04:13:07
CUST_0858,Shweta,Joshi,cust_0858@example-bank.com,+91 9892946632,1996-08-25,"Flat 84, Block A",Chennai,Tamil Nadu,500788,India,Low,2026-03-13 14:55:10
CUST_0859,Deepa,Reddy,cust_0859@example-bank.com,+91 8291132951,1980-06-09,"Flat 182, Block B",Delhi,Delhi,423100,India,Low,2026-01-31 12:39:07
CUST_0860,Neha,Das,cust_0860@example-bank.com,+91 8124106311,1974-07-28,"Flat 430, Block C",Delhi,Delhi,407345,India,Low,2025-04-18 11:34:04
CUST_0861,Ramesh,Nair,cust_0861@example-bank.com,+91 7525843392,1982-09-24,"Flat 165, Block D",Delhi,Delhi,752577,India,Low,2026-01-20 20:53:39
CUST_0862,Rahul,Rao,cust_0862@example-bank.com,+91 6517022776,1993-12-12,"Flat 112, Block B",Delhi,Delhi,674972,India,Medium,2025-05-24 00:51:44
CUST_0863,Deepa,Kumbari,cust_0863@example-bank.com,+91 8488391957,1964-07-21,"Flat 140, Block C",Pune,Maharashtra,844450,India,Low,2026-02-27 17:02:27
CUST_0864,Amit,Patel,cust_0864@example-bank.com,+91 9878901257,1977-01-09,"Flat 249, Block A",Delhi,Delhi,552068,India,Low,2026-02-26 22:56:29
CUST_0865,Amit,Patel,cust_0865@example-bank.com,+91 7022454845,1986-07-20,"Flat 499, Block D",Mumbai,Maharashtra,353291,India,Low,2026-03-18 13:23:41
CUST_0866,Sneha,Verma,cust_0866@example-bank.com,+91 7350868644,1969-04-01,"Flat 298, Block D",Mumbai,Maharashtra,114528,India,Low,2025-07-24 04:24:06
CUST_0867,Ramesh,Kumbari,cust_0867@example-bank.com,+91 7754614880,2000-08-29,"Flat 79, Block C",Kolkata,West Bengal,527970,India,Low,2025-04-21 12:47:53
CUST_0868,Shweta,Verma,cust_0868@example-bank.com,+91 7328998836,1999-08-20,"Flat 500, Block D",Hyderabad,Telangana,686677,India,Low,2025-10-26 01:38:15
CUST_0869,Rahul,Gupta,cust_0869@example-bank.com,+91 7346104360,1989-10-27,"Flat 377, Block B",Pune,Maharashtra,183613,India,Low,2025-08-06 21:49:58
CUST_0870,Neha,Kumbari,cust_0870@example-bank.com,+91 9235589008,1980-01-08,"Flat 51, Block C",Chennai,Tamil Nadu,722310,India,Medium,2025-07-07 15:11:54
CUST_0871,Suresh,Kumbari,cust_0871@example-bank.com,+91 9121548553,1992-06-18,"Flat 212, Block C",Kolkata,West Bengal,427225,India,Medium,2025-12-09 18:58:27
CUST_0872,Ramesh,Reddy,cust_0872@example-bank.com,+91 8869113201,1979-12-14,"Flat 415, Block B",Chennai,Tamil Nadu,794506,India,Low,2025-11-30 00:21:50
CUST_0873,Amit,Mehta,cust_0873@example-bank.com,+91 6568212131,1998-02-05,"Flat 343, Block C",Ahmedabad,Gujarat,547824,India,Low,2026-02-09 07:31:29
CUST_0874,Deepa,Verma,cust_0874@example-bank.com,+91 7780468339,1961-07-17,"Flat 154, Block C",Bengaluru,Karnataka,533829,India,Low,2025-07-29 09:30:51
CUST_0875,Vijay,Joshi,cust_0875@example-bank.com,+91 9240361775,1961-07-09,"Flat 170, Block D",Chennai,Tamil Nadu,187614,India,Low,2025-09-04 04:41:20
CUST_0876,Vikram,Verma,cust_0876@example-bank.com,+91 6718747319,1981-06-04,"Flat 282, Block A",Chennai,Tamil Nadu,248329,India,Low,2025-04-30 12:05:39
CUST_0877,Neha,Gupta,cust_0877@example-bank.com,+91 8274883223,1967-06-09,"Flat 444, Block D",Chennai,Tamil Nadu,317557,India,Low,2026-01-13 10:20:19
CUST_0878,Ramesh,Singh,cust_0878@example-bank.com,+91 8696350018,1994-03-17,"Flat 319, Block C",Mumbai,Maharashtra,426771,India,Medium,2025-11-24 07:18:40
CUST_0879,Ramesh,Reddy,cust_0879@example-bank.com,+91 6117148024,1978-06-30,"Flat 209, Block D",Hyderabad,Telangana,680504,India,Low,2026-01-30 02:59:59
CUST_0880,Vikram,Sharma,cust_0880@example-bank.com,+91 8802530891,1980-11-11,"Flat 316, Block A",Kolkata,West Bengal,581889,India,Low,2025-07-04 19:44:56
CUST_0881,Ramesh,Singh,cust_0881@example-bank.com,+91 6129294110,1995-05-02,"Flat 488, Block A",Mumbai,Maharashtra,616945,India,Low,2025-08-13 00:43:21
CUST_0882,Sneha,Sharma,cust_0882@example-bank.com,+91 6894267840,1991-10-19,"Flat 106, Block D",Chennai,Tamil Nadu,331775,India,Low,2025-07-25 18:05:55
CUST_0883,Sneha,Patel,cust_0883@example-bank.com,+91 7645276531,1996-10-04,"Flat 253, Block A",Chennai,Tamil Nadu,688930,India,Low,2025-05-31 19:16:01
CUST_0884,Sneha,Joshi,cust_0884@example-bank.com,+91 6753302323,1983-06-23,"Flat 244, Block D",Ahmedabad,Gujarat,703512,India,Medium,2026-03-24 06:12:12
CUST_0885,Rahul,Gupta,cust_0885@example-bank.com,+91 7803054267,1963-06-12,"Flat 452, Block D",Pune,Maharashtra,335521,India,Low,2025-04-24 11:15:29
CUST_0886,Neha,Das,cust_0886@example-bank.com,+91 7018193303,1969-01-04,"Flat 309, Block A",Hyderabad,Telangana,198462,India,Low,2025-07-12 11:53:14
CUST_0887,Sneha,Patel,cust_0887@example-bank.com,+91 9148043013,1990-01-01,"Flat 317, Block D",Kolkata,West Bengal,345332,India,Low,2025-10-11 00:57:32
CUST_0888,Shweta,Das,cust_0888@example-bank.com,+91 8429908923,1995-06-05,"Flat 96, Block B",Kolkata,West Bengal,355835,India,Low,2025-11-09 22:29:05
CUST_0889,Amit,Mehta,cust_0889@example-bank.com,+91 8257528293,1973-02-08,"Flat 323, Block A",Kolkata,West Bengal,455616,India,Low,2025-07-27 06:43:24
CUST_0890,Priya,Verma,cust_0890@example-bank.com,+91 8839711594,1978-04-28,"Flat 314, Block A",Hyderabad,Telangana,566250,India,Low,2025-05-01 10:55:56
CUST_0891,Rahul,Kumbari,cust_0891@example-bank.com,+91 8199661779,1973-11-21,"Flat 83, Block B",Delhi,Delhi,332248,India,Low,2025-09-20 15:47:40
CUST_0892,Sneha,Gupta,cust_0892@example-bank.com,+91 9684475667,1989-07-29,"Flat 240, Block C",Chennai,Tamil Nadu,430695,India,Low,2025-06-03 10:28:53
CUST_0893,Amit,Gupta,cust_0893@example-bank.com,+91 9168727424,1966-07-03,"Flat 300, Block B",Delhi,Delhi,446894,India,Low,2025-07-19 04:08:45
CUST_0894,Deepa,Joshi,cust_0894@example-bank.com,+91 6985694152,1967-10-08,"Flat 32, Block C",Bengaluru,Karnataka,306765,India,Low,2025-06-19 13:54:30
CUST_0895,Neha,Das,cust_0895@example-bank.com,+91 9067479490,1965-09-14,"Flat 458, Block D",Mumbai,Maharashtra,265867,India,Low,2025-12-31 20:06:15
CUST_0896,Deepa,Das,cust_0896@example-bank.com,+91 7174552524,1989-09-06,"Flat 271, Block C",Hyderabad,Telangana,704953,India,Low,2025-07-19 15:52:13
CUST_0897,Vikram,Mehta,cust_0897@example-bank.com,+91 8663548811,1976-02-03,"Flat 248, Block B",Mumbai,Maharashtra,733660,India,Low,2026-03-13 01:07:20
CUST_0898,Anjali,Patel,cust_0898@example-bank.com,+91 8801008577,1963-06-23,"Flat 249, Block B",Mumbai,Maharashtra,809377,India,Low,2025-12-09 17:05:01
CUST_0899,Amit,Mehta,cust_0899@example-bank.com,+91 9217086712,1962-09-20,"Flat 291, Block A",Hyderabad,Telangana,781585,India,Low,2026-02-21 15:02:23
CUST_0900,Neha,Joshi,cust_0900@example-bank.com,+91 6258583995,1964-09-06,"Flat 164, Block D",Delhi,Delhi,453951,India,Medium,2025-06-09 05:22:46
CUST_0901,Rahul,Mehta,cust_0901@example-bank.com,+91 8213894300,1988-07-17,"Flat 281, Block C",Mumbai,Maharashtra,523749,India,Low,2025-08-14 10:19:23
CUST_0902,Anjali,Reddy,cust_0902@example-bank.com,+91 6004332915,1981-03-18,"Flat 393, Block D",Chennai,Tamil Nadu,445007,India,Low,2025-12-04 15:13:33
CUST_0903,Shweta,Das,cust_0903@example-bank.com,+91 7017354122,1960-11-13,"Flat 385, Block B",Kolkata,West Bengal,554028,India,Low,2025-10-10 03:17:11
CUST_0904,Sneha,Verma,cust_0904@example-bank.com,+91 7204682265,1960-06-09,"Flat 462, Block B",Delhi,Delhi,401697,India,Low,2026-03-30 23:28:42
CUST_0905,Suresh,Nair,cust_0905@example-bank.com,+91 9464686901,1974-10-01,"Flat 290, Block A",Bengaluru,Karnataka,701551,India,Medium,2025-08-01 20:02:14
CUST_0906,Ramesh,Sharma,cust_0906@example-bank.com,+91 6704129503,1999-09-24,"Flat 393, Block A",Mumbai,Maharashtra,310703,India,Low,2025-08-14 05:56:31
CUST_0907,Rahul,Sharma,cust_0907@example-bank.com,+91 8412912019,1978-08-14,"Flat 461, Block C",Hyderabad,Telangana,804113,India,Low,2025-04-18 03:25:58
CUST_0908,Shweta,Gupta,cust_0908@example-bank.com,+91 9503482577,1977-08-02,"Flat 115, Block B",Chennai,Tamil Nadu,309633,India,Low,2025-12-23 21:28:29
CUST_0909,Rahul,Nair,cust_0909@example-bank.com,+91 6332920630,1999-11-24,"Flat 81, Block D",Hyderabad,Telangana,276354,India,Low,2025-12-03 08:58:11
CUST_0910,Vikram,Sharma,cust_0910@example-bank.com,+91 9832548357,1981-11-06,"Flat 415, Block C",Mumbai,Maharashtra,498434,India,Low,2025-04-10 23:27:40
CUST_0911,Anjali,Sharma,cust_0911@example-bank.com,+91 9374563715,1978-03-11,"Flat 431, Block C",Mumbai,Maharashtra,769906,India,Low,2026-02-04 17:40:05
CUST_0912,Shweta,Rao,cust_0912@example-bank.com,+91 8000314133,1990-08-21,"Flat 426, Block B",Mumbai,Maharashtra,501433,India,Low,2025-06-29 15:25:13
CUST_0913,Suresh,Rao,cust_0913@example-bank.com,+91 8214298600,1973-06-10,"Flat 69, Block C",Chennai,Tamil Nadu,748765,India,Low,2025-11-25 05:27:26
CUST_0914,Vikram,Verma,cust_0914@example-bank.com,+91 9716071301,1995-11-04,"Flat 231, Block D",Kolkata,West Bengal,455577,India,Low,2026-03-28 18:48:18
CUST_0915,Priya,Sharma,cust_0915@example-bank.com,+91 9782975651,1990-04-06,"Flat 156, Block C",Chennai,Tamil Nadu,220910,India,Low,2025-11-23 12:06:18
CUST_0916,Priya,Mehta,cust_0916@example-bank.com,+91 6993134741,1980-10-12,"Flat 253, Block A",Ahmedabad,Gujarat,404557,India,Medium,2025-09-01 23:26:21
CUST_0917,Amit,Rao,cust_0917@example-bank.com,+91 6589191829,1965-07-04,"Flat 324, Block A",Chennai,Tamil Nadu,346365,India,Low,2025-08-03 06:53:37
CUST_0918,Rahul,Reddy,cust_0918@example-bank.com,+91 6949277952,1967-10-08,"Flat 497, Block C",Ahmedabad,Gujarat,149797,India,Low,2025-10-06 18:00:31
CUST_0919,Rahul,Verma,cust_0919@example-bank.com,+91 8970007243,1967-06-26,"Flat 25, Block A",Bengaluru,Karnataka,506804,India,Low,2025-09-06 00:04:00
CUST_0920,Suresh,Reddy,cust_0920@example-bank.com,+91 6400219246,1972-05-10,"Flat 364, Block C",Hyderabad,Telangana,618213,India,Low,2025-06-16 13:51:09
CUST_0921,Neha,Gupta,cust_0921@example-bank.com,+91 6058933521,1997-11-02,"Flat 434, Block A",Chennai,Tamil Nadu,754598,India,Low,2025-08-19 06:31:46
CUST_0922,Shweta,Kumbari,cust_0922@example-bank.com,+91 8398685137,1983-11-01,"Flat 335, Block A",Mumbai,Maharashtra,131648,India,Low,2025-06-11 18:07:10
CUST_0923,Shweta,Nair,cust_0923@example-bank.com,+91 9262650074,1983-02-11,"Flat 219, Block B",Delhi,Delhi,706522,India,Low,2025-11-21 09:23:18
CUST_0924,Neha,Sharma,cust_0924@example-bank.com,+91 8346625770,1979-12-21,"Flat 227, Block A",Chennai,Tamil Nadu,370515,India,Low,2026-02-26 14:01:12
CUST_0925,Priya,Mehta,cust_0925@example-bank.com,+91 8324242833,1976-01-27,"Flat 360, Block A",Mumbai,Maharashtra,759813,India,Low,2025-12-16 14:39:27
CUST_0926,Ramesh,Singh,cust_0926@example-bank.com,+91 7480426397,1978-07-26,"Flat 350, Block D",Delhi,Delhi,598145,India,Low,2025-10-14 17:11:19
CUST_0927,Priya,Joshi,cust_0927@example-bank.com,+91 9188508972,1997-08-31,"Flat 31, Block C",Mumbai,Maharashtra,259909,India,Low,2025-12-28 10:19:15
CUST_0928,Ramesh,Rao,cust_0928@example-bank.com,+91 7567403259,1992-07-03,"Flat 39, Block A",Hyderabad,Telangana,230366,India,Low,2026-03-31 18:20:44
CUST_0929,Vikram,Patel,cust_0929@example-bank.com,+91 8707034328,1990-07-28,"Flat 430, Block C",Kolkata,West Bengal,260719,India,Low,2025-09-23 22:09:01
CUST_0930,Shweta,Nair,cust_0930@example-bank.com,+91 9097330188,1964-11-30,"Flat 410, Block B",Pune,Maharashtra,435518,India,Low,2025-04-12 11:58:38
CUST_0931,Anjali,Kumbari,cust_0931@example-bank.com,+91 8420443788,1967-09-23,"Flat 149, Block C",Bengaluru,Karnataka,569503,India,Low,2026-01-14 01:01:59
CUST_0932,Deepa,Patel,cust_0932@example-bank.com,+91 7109894221,1971-05-24,"Flat 142, Block D",Chennai,Tamil Nadu,395997,India,Low,2025-09-09 13:28:20
CUST_0933,Anjali,Gupta,cust_0933@example-bank.com,+91 9895983962,1989-01-25,"Flat 136, Block C",Hyderabad,Telangana,663369,India,Low,2025-07-03 12:13:25
CUST_0934,Rahul,Patel,cust_0934@example-bank.com,+91 9376841793,1986-03-21,"Flat 380, Block B",Mumbai,Maharashtra,396693,India,Low,2025-07-30 23:57:34
CUST_0935,Shweta,Gupta,cust_0935@example-bank.com,+91 9281681496,1986-02-25,"Flat 8, Block A",Ahmedabad,Gujarat,723075,India,Low,2025-06-03 21:17:04
CUST_0936,Vikram,Mehta,cust_0936@example-bank.com,+91 8735376086,1996-10-04,"Flat 350, Block B",Ahmedabad,Gujarat,532824,India,Low,2025-05-05 04:36:15
CUST_0937,Shweta,Patel,cust_0937@example-bank.com,+91 7618775576,1996-08-07,"Flat 467, Block D",Delhi,Delhi,453031,India,Low,2025-12-31 15:08:35
CUST_0938,Suresh,Verma,cust_0938@example-bank.com,+91 8164705121,1980-06-23,"Flat 79, Block A",Mumbai,Maharashtra,450885,India,Low,2026-01-16 19:29:30
CUST_0939,Neha,Sharma,cust_0939@example-bank.com,+91 7289486386,1967-08-05,"Flat 277, Block A",Ahmedabad,Gujarat,337255,India,Low,2025-07-13 00:48:08
CUST_0940,Neha,Patel,cust_0940@example-bank.com,+91 8306055801,1963-05-05,"Flat 123, Block A",Mumbai,Maharashtra,159893,India,Low,2026-03-24 06:07:29
CUST_0941,Priya,Singh,cust_0941@example-bank.com,+91 9927230147,1988-04-10,"Flat 171, Block A",Ahmedabad,Gujarat,278673,India,Medium,2025-07-16 13:32:00
CUST_0942,Vikram,Gupta,cust_0942@example-bank.com,+91 7731983708,1988-09-17,"Flat 346, Block B",Chennai,Tamil Nadu,562080,India,Low,2025-08-13 05:29:14
CUST_0943,Neha,Patel,cust_0943@example-bank.com,+91 8078741801,1963-12-04,"Flat 289, Block C",Delhi,Delhi,660204,India,Low,2025-10-21 11:54:53
CUST_0944,Priya,Joshi,cust_0944@example-bank.com,+91 7369782243,1987-03-29,"Flat 256, Block D",Bengaluru,Karnataka,406858,India,Low,2025-11-23 19:10:09
CUST_0945,Suresh,Das,cust_0945@example-bank.com,+91 7149514810,1971-07-01,"Flat 26, Block A",Mumbai,Maharashtra,290815,India,Medium,2026-03-21 01:03:20
CUST_0946,Suresh,Das,cust_0946@example-bank.com,+91 8673540388,1977-05-31,"Flat 399, Block B",Mumbai,Maharashtra,371002,India,Low,2025-11-22 20:46:30
CUST_0947,Shweta,Kumbari,cust_0947@example-bank.com,+91 7550749841,1984-10-05,"Flat 72, Block D",Mumbai,Maharashtra,659755,India,Low,2025-07-07 04:40:21
CUST_0948,Neha,Kumbari,cust_0948@example-bank.com,+91 6809382722,1969-01-24,"Flat 454, Block B",Chennai,Tamil Nadu,335268,India,Low,2025-04-13 16:37:33
CUST_0949,Vikram,Verma,cust_0949@example-bank.com,+91 6727756450,1968-06-28,"Flat 248, Block D",Bengaluru,Karnataka,785782,India,Low,2025-10-03 00:36:56
CUST_0950,Amit,Singh,cust_0950@example-bank.com,+91 9127251646,1966-03-24,"Flat 53, Block D",Chennai,Tamil Nadu,154563,India,Low,2025-09-21 21:43:34
CUST_0951,Deepa,Rao,cust_0951@example-bank.com,+91 9679293743,1999-02-10,"Flat 128, Block D",Mumbai,Maharashtra,728839,India,Low,2025-12-20 06:30:42
CUST_0952,Rahul,Das,cust_0952@example-bank.com,+91 6850256948,1982-03-07,"Flat 441, Block B",Mumbai,Maharashtra,729096,India,Low,2025-09-30 14:07:17
CUST_0953,Anjali,Verma,cust_0953@example-bank.com,+91 8685200040,1972-03-01,"Flat 134, Block D",Pune,Maharashtra,660782,India,Low,2025-04-09 07:46:31
CUST_0954,Vikram,Das,cust_0954@example-bank.com,+91 7340767266,1997-06-05,"Flat 106, Block C",Mumbai,Maharashtra,158472,India,Low,2026-03-06 21:56:50
CUST_0955,Suresh,Rao,cust_0955@example-bank.com,+91 7756314498,1970-06-14,"Flat 367, Block C",Bengaluru,Karnataka,458817,India,Low,2026-01-16 07:02:17
CUST_0956,Deepa,Das,cust_0956@example-bank.com,+91 6575282717,1986-12-18,"Flat 124, Block D",Ahmedabad,Gujarat,709083,India,Low,2025-10-05 04:17:17
CUST_0957,Neha,Rao,cust_0957@example-bank.com,+91 8677268367,1967-03-05,"Flat 343, Block C",Pune,Maharashtra,688635,India,Low,2025-11-11 13:07:01
CUST_0958,Ramesh,Singh,cust_0958@example-bank.com,+91 9963258032,1978-12-20,"Flat 119, Block A",Kolkata,West Bengal,796974,India,Low,2025-12-03 10:20:44
CUST_0959,Deepa,Reddy,cust_0959@example-bank.com,+91 7439424963,1970-02-23,"Flat 394, Block B",Chennai,Tamil Nadu,515596,India,Low,2025-07-19 06:37:43
CUST_0960,Shweta,Reddy,cust_0960@example-bank.com,+91 7173896503,1963-09-11,"Flat 219, Block A",Kolkata,West Bengal,202263,India,Medium,2025-07-19 00:16:54
CUST_0961,Deepa,Sharma,cust_0961@example-bank.com,+91 6576077087,1975-01-31,"Flat 450, Block D",Pune,Maharashtra,557241,India,Low,2025-06-12 08:53:57
CUST_0962,Ramesh,Joshi,cust_0962@example-bank.com,+91 8857778737,1975-04-03,"Flat 7, Block A",Delhi,Delhi,633045,India,Low,2025-09-15 06:27:37
CUST_0963,Neha,Nair,cust_0963@example-bank.com,+91 8946831178,1961-09-03,"Flat 51, Block B",Delhi,Delhi,288116,India,Low,2025-09-29 10:07:46
CUST_0964,Suresh,Das,cust_0964@example-bank.com,+91 7776958633,1986-01-12,"Flat 157, Block C",Kolkata,West Bengal,301827,India,Low,2025-10-12 01:28:03
CUST_0965,Neha,Das,cust_0965@example-bank.com,+91 8711029214,1968-09-25,"Flat 463, Block D",Pune,Maharashtra,164827,India,Low,2025-08-28 20:09:10
CUST_0966,Neha,Nair,cust_0966@example-bank.com,+91 8687057340,1963-09-01,"Flat 161, Block C",Hyderabad,Telangana,134680,India,Low,2025-07-18 07:59:00
CUST_0967,Anjali,Joshi,cust_0967@example-bank.com,+91 9366749347,1974-10-03,"Flat 414, Block B",Ahmedabad,Gujarat,433826,India,Low,2025-10-10 07:24:55
CUST_0968,Anjali,Reddy,cust_0968@example-bank.com,+91 8570648405,1988-05-18,"Flat 477, Block B",Chennai,Tamil Nadu,588751,India,Low,2025-07-05 12:47:26
CUST_0969,Vikram,Reddy,cust_0969@example-bank.com,+91 7148390298,1966-04-02,"Flat 19, Block A",Hyderabad,Telangana,187633,India,Low,2026-02-23 19:13:10
CUST_0970,Rahul,Gupta,cust_0970@example-bank.com,+91 8441265120,1963-11-06,"Flat 327, Block A",Pune,Maharashtra,343846,India,Low,2025-06-11 09:02:24
CUST_0971,Ramesh,Singh,cust_0971@example-bank.com,+91 6336133616,1975-09-11,"Flat 315, Block A",Delhi,Delhi,500858,India,Low,2026-01-06 11:18:17
CUST_0972,Neha,Verma,cust_0972@example-bank.com,+91 7128498605,1997-11-14,"Flat 434, Block C",Delhi,Delhi,772740,India,Low,2025-11-04 04:49:19
CUST_0973,Suresh,Mehta,cust_0973@example-bank.com,+91 6364014033,1966-07-30,"Flat 169, Block A",Mumbai,Maharashtra,369878,India,Low,2025-04-16 15:37:48
CUST_0974,Ramesh,Sharma,cust_0974@example-bank.com,+91 7122669941,1999-01-10,"Flat 290, Block B",Bengaluru,Karnataka,218893,India,Medium,2025-09-17 14:08:23
CUST_0975,Deepa,Das,cust_0975@example-bank.com,+91 9358213987,1976-03-29,"Flat 24, Block D",Kolkata,West Bengal,774302,India,Low,2025-10-17 09:57:47
CUST_0976,Deepa,Singh,cust_0976@example-bank.com,+91 7534875871,1982-01-24,"Flat 48, Block A",Ahmedabad,Gujarat,554473,India,Low,2025-11-30 21:25:36
CUST_0977,Rahul,Joshi,cust_0977@example-bank.com,+91 6479485128,1994-10-16,"Flat 134, Block C",Delhi,Delhi,557878,India,Low,2025-06-19 03:52:41
CUST_0978,Priya,Nair,cust_0978@example-bank.com,+91 6297487373,1996-05-12,"Flat 381, Block D",Ahmedabad,Gujarat,376860,India,Low,2025-08-22 20:20:01
CUST_0979,Vijay,Joshi,cust_0979@example-bank.com,+91 8671283739,1994-05-08,"Flat 20, Block C",Hyderabad,Telangana,611370,India,High,2025-11-16 07:35:22
CUST_0980,Anjali,Singh,cust_0980@example-bank.com,+91 7937885549,1990-09-28,"Flat 29, Block A",Bengaluru,Karnataka,232529,India,Low,2025-11-20 19:13:31
CUST_0981,Deepa,Mehta,cust_0981@example-bank.com,+91 9624911906,1966-04-29,"Flat 265, Block D",Mumbai,Maharashtra,579823,India,Medium,2026-03-17 04:25:09
CUST_0982,Suresh,Gupta,cust_0982@example-bank.com,+91 9824377830,1988-08-23,"Flat 7, Block A",Ahmedabad,Gujarat,149172,India,Low,2026-03-10 02:07:56
CUST_0983,Priya,Das,cust_0983@example-bank.com,+91 8857211947,1979-01-23,"Flat 496, Block D",Mumbai,Maharashtra,596328,India,Low,2026-03-03 08:29:16
CUST_0984,Rahul,Rao,cust_0984@example-bank.com,+91 7224145413,1967-09-06,"Flat 406, Block B",Hyderabad,Telangana,235335,India,Low,2025-09-07 22:28:10
CUST_0985,Vijay,Gupta,cust_0985@example-bank.com,+91 8868980503,1998-12-26,"Flat 458, Block A",Bengaluru,Karnataka,511353,India,High,2025-10-28 22:05:36
CUST_0986,Vijay,Nair,cust_0986@example-bank.com,+91 7298678717,1983-02-07,"Flat 322, Block A",Chennai,Tamil Nadu,435846,India,Low,2026-01-31 01:38:58
CUST_0987,Ramesh,Verma,cust_0987@example-bank.com,+91 7566366380,1976-05-14,"Flat 440, Block B",Kolkata,West Bengal,160727,India,Low,2025-10-11 02:36:31
CUST_0988,Shweta,Joshi,cust_0988@example-bank.com,+91 7703475236,1976-02-14,"Flat 200, Block C",Ahmedabad,Gujarat,189993,India,Low,2025-05-02 02:15:27
CUST_0989,Sneha,Gupta,cust_0989@example-bank.com,+91 6164818948,1975-05-31,"Flat 67, Block C",Mumbai,Maharashtra,382067,India,Low,2025-06-25 16:12:14
CUST_0990,Priya,Joshi,cust_0990@example-bank.com,+91 6744551490,1975-10-26,"Flat 48, Block B",Delhi,Delhi,215576,India,Low,2025-10-03 05:44:14
CUST_0991,Ramesh,Nair,cust_0991@example-bank.com,+91 8987957384,1969-06-26,"Flat 196, Block D",Hyderabad,Telangana,417276,India,Low,2025-11-24 22:05:26
CUST_0992,Suresh,Kumbari,cust_0992@example-bank.com,+91 8591998669,1982-05-23,"Flat 418, Block B",Hyderabad,Telangana,689810,India,Low,2025-07-18 14:34:20
CUST_0993,Suresh,Gupta,cust_0993@example-bank.com,+91 7852840522,1999-04-03,"Flat 131, Block A",Hyderabad,Telangana,682873,India,Low,2025-11-13 08:09:19
CUST_0994,Rahul,Kumbari,cust_0994@example-bank.com,+91 9288580048,1983-04-15,"Flat 102, Block A",Ahmedabad,Gujarat,197426,India,Medium,2025-12-28 20:26:17
CUST_0995,Amit,Joshi,cust_0995@example-bank.com,+91 8556654900,1965-08-21,"Flat 116, Block A",Delhi,Delhi,199754,India,Low,2025-10-04 00:07:30
CUST_0996,Sneha,Verma,cust_0996@example-bank.com,+91 9198396922,1966-12-12,"Flat 64, Block B",Mumbai,Maharashtra,480422,India,Low,2025-10-22 02:20:17
CUST_0997,Anjali,Gupta,cust_0997@example-bank.com,+91 8841188083,1996-04-03,"Flat 473, Block D",Chennai,Tamil Nadu,252133,India,Low,2025-05-11 09:50:04
CUST_0998,Anjali,Rao,cust_0998@example-bank.com,+91 9255181431,1988-10-03,"Flat 423, Block C",Delhi,Delhi,284476,India,Low,2026-01-13 13:22:24
CUST_0999,Vijay,Nair,cust_0999@example-bank.com,+91 7211663381,1979-06-15,"Flat 49, Block A",Kolkata,West Bengal,265199,India,Medium,2025-07-22 17:52:18
CUST_1000,Priya,Joshi,cust_1000@example-bank.com,+91 7219124445,1975-01-22,"Flat 308, Block C",Delhi,Delhi,605019,India,Low,2025-12-01 07:58:05
