touchpoint_id,customer_id,channel_id,session_id,touchpoint_timestamp,utm_source,utm_medium,utm_campaign,landing_page,device_category,duration_seconds
TP_000001,CUST_0001,6,SESS_516736,2026-02-26 07:00:00,linkedinads,paidsocial,Campaign_Promo_Winter,/promo-deals/page_1,Desktop,589
TP_000002,CUST_0001,2,SESS_516736,2026-02-24 05:00:00,facebookads,paidsocial,Campaign_Promo_Retarget,/promo-deals/page_6,Mobile,273
TP_000003,CUST_0001,2,SESS_516736,2026-02-28 09:00:00,facebookads,paidsocial,Campaign_Promo_Winter,/promo-deals/page_7,Mobile,14
TP_000004,CUST_0001,5,SESS_516736,2026-02-25 13:00:00,organicsearch,seo,Campaign_Promo_Winter,/promo-deals/page_4,Mobile,375
TP_000005,CUST_0001,2,SESS_276027,2026-03-08 18:00:00,facebookads,paidsocial,Campaign_Promo_Retarget,/promo-deals/page_4,Mobile,201
TP_000006,CUST_0001,2,SESS_276027,2026-03-03 15:00:00,facebookads,paidsocial,Campaign_Promo_Retarget,/promo-deals/page_9,Tablet,339
TP_000007,CUST_0001,7,SESS_276027,2026-03-04 01:00:00,affiliatenetwork,referral,Campaign_Promo_Brand,/promo-deals/page_8,Mobile,520
TP_000008,CUST_0001,7,SESS_276027,2026-03-04 16:00:00,affiliatenetwork,referral,Campaign_Promo_Brand,/promo-deals/page_6,Desktop,149
TP_000009,CUST_0001,3,SESS_276027,2026-02-24 16:00:00,newsletter,email,Campaign_Promo_Brand,/promo-deals/page_1,Mobile,14
TP_000010,CUST_0001,6,SESS_225962,2026-04-16 04:00:00,linkedinads,paidsocial,Campaign_Promo_Brand,/promo-deals/page_3,Desktop,492
TP_000011,CUST_0001,1,SESS_225962,2026-04-18 18:00:00,googleads,paidsearch,Campaign_Promo_Brand,/promo-deals/page_10,Mobile,143
TP_000012,CUST_0001,4,SESS_225962,2026-04-22 04:00:00,directtraffic,direct,Campaign_Promo_Retarget,/promo-deals/page_4,Mobile,212
TP_000013,CUST_0001,6,SESS_225962,2026-04-11 20:00:00,linkedinads,paidsocial,Campaign_Promo_Retarget,/promo-deals/page_4,Desktop,584
TP_000014,CUST_0001,2,SESS_225962,2026-04-18 04:00:00,facebookads,paidsocial,Campaign_Promo_Retarget,/promo-deals/page_8,Mobile,426
TP_000015,CUST_0002,6,SESS_793201,2026-02-01 01:00:00,linkedinads,paidsocial,Campaign_Promo_Winter,/promo-deals/page_5,Desktop,190
TP_000016,CUST_0002,2,SESS_793201,2026-02-01 06:00:00,facebookads,paidsocial,Campaign_Promo_Brand,/promo-deals/page_4,Mobile,499
TP_000017,CUST_0002,4,SESS_793201,2026-02-05 21:00:00,directtraffic,direct,Campaign_Promo_Summer,/promo-deals/page_8,Mobile,168
TP_000018,CUST_0002,1,SESS_793201,2026-01-25 19:00:00,googleads,paidsearch,Campaign_Promo_Retarget,/promo-deals/page_10,Desktop,309
TP_000019,CUST_0003,2,SESS_385650,2026-04-17 09:00:00,facebookads,paidsocial,Campaign_Promo_Retarget,/promo-deals/page_2,Tablet,557
TP_000020,CUST_0003,5,SESS_385650,2026-04-08 16:00:00,organicsearch,seo,Campaign_Promo_Retarget,/promo-deals/page_4,Desktop,313
TP_000021,CUST_0003,7,SESS_385650,2026-04-16 02:00:00,affiliatenetwork,referral,Campaign_Promo_Retarget,/promo-deals/page_6,Mobile,391
TP_000022,CUST_0003,6,SESS_340136,2026-05-04 02:00:00,linkedinads,paidsocial,Campaign_Promo_Summer,/promo-deals/page_10,Mobile,498
TP_000023,CUST_0003,7,SESS_340136,2026-05-14 07:00:00,affiliatenetwork,referral,Campaign_Promo_Retarget,/promo-deals/page_9,Mobile,84
TP_000024,CUST_0003,4,SESS_340136,2026-05-15 09:00:00,directtraffic,direct,Campaign_Promo_Summer,/promo-deals/page_7,Mobile,251
TP_000025,CUST_0003,3,SESS_340136,2026-05-10 23:00:00,newsletter,email,Campaign_Promo_Winter,/promo-deals/page_1,Mobile,236
TP_000026,CUST_0004,1,SESS_653067,2026-04-17 01:00:00,googleads,paidsearch,Campaign_Promo_Retarget,/promo-deals/page_9,Mobile,474
TP_000027,CUST_0004,7,SESS_653067,2026-04-17 22:00:00,affiliatenetwork,referral,Campaign_Promo_Winter,/promo-deals/page_1,Mobile,401
TP_000028,CUST_0004,2,SESS_653067,2026-04-10 06:00:00,facebookads,paidsocial,Campaign_Promo_Retarget,/promo-deals/page_10,Desktop,567
TP_000029,CUST_0004,1,SESS_653067,2026-04-15 05:00:00,googleads,paidsearch,Campaign_Promo_Summer,/promo-deals/page_10,Mobile,221
TP_000030,CUST_0006,2,SESS_288522,2026-01-10 21:00:00,facebookads,paidsocial,Campaign_Promo_Brand,/promo-deals/page_6,Mobile,32
TP_000031,CUST_0007,5,SESS_587431,2026-02-27 11:00:00,organicsearch,seo,Campaign_Promo_Winter,/promo-deals/page_9,Mobile,92
TP_000032,CUST_0007,1,SESS_234666,2026-04-27 22:00:00,googleads,paidsearch,Campaign_Promo_Winter,/promo-deals/page_1,Mobile,60
TP_000033,CUST_0007,7,SESS_242534,2026-04-30 15:00:00,affiliatenetwork,referral,Campaign_Promo_Winter,/promo-deals/page_10,Desktop,152
TP_000034,CUST_0007,5,SESS_242534,2026-05-07 04:00:00,organicsearch,seo,Campaign_Promo_Winter,/promo-deals/page_4,Tablet,424
TP_000035,CUST_0007,5,SESS_242534,2026-05-11 07:00:00,organicsearch,seo,Campaign_Promo_Brand,/promo-deals/page_5,Mobile,110
TP_000036,CUST_0008,5,SESS_660210,2026-01-30 09:00:00,organicsearch,seo,Campaign_Promo_Retarget,/promo-deals/page_3,Mobile,559
TP_000037,CUST_0008,1,SESS_660210,2026-02-08 16:00:00,googleads,paidsearch,Campaign_Promo_Brand,/promo-deals/page_10,Mobile,448
TP_000038,CUST_0008,4,SESS_660210,2026-02-05 10:00:00,directtraffic,direct,Campaign_Promo_Winter,/promo-deals/page_6,Desktop,226
TP_000039,CUST_0008,2,SESS_332307,2026-03-11 11:00:00,facebookads,paidsocial,Campaign_Promo_Summer,/promo-deals/page_8,Desktop,305
TP_000040,CUST_0008,4,SESS_332307,2026-03-03 16:00:00,directtraffic,direct,Campaign_Promo_Brand,/promo-deals/page_1,Mobile,590
TP_000041,CUST_0008,6,SESS_332307,2026-03-06 14:00:00,linkedinads,paidsocial,Campaign_Promo_Brand,/promo-deals/page_10,Desktop,447
TP_000042,CUST_0008,2,SESS_332307,2026-03-06 20:00:00,facebookads,paidsocial,Campaign_Promo_Brand,/promo-deals/page_4,Mobile,21
TP_000043,CUST_0008,2,SESS_332307,2026-03-10 17:00:00,facebookads,paidsocial,Campaign_Promo_Summer,/promo-deals/page_1,Mobile,214
TP_000044,CUST_0009,7,SESS_378095,2026-01-06 18:00:00,affiliatenetwork,referral,Campaign_Promo_Retarget,/promo-deals/page_7,Desktop,160
TP_000045,CUST_0009,1,SESS_378095,2026-01-18 13:00:00,googleads,paidsearch,Campaign_Promo_Brand,/promo-deals/page_3,Mobile,134
TP_000046,CUST_0010,3,SESS_696145,2026-02-12 23:00:00,newsletter,email,Campaign_Promo_Winter,/promo-deals/page_4,Mobile,523
TP_000047,CUST_0010,6,SESS_696145,2026-02-08 02:00:00,linkedinads,paidsocial,Campaign_Promo_Retarget,/promo-deals/page_5,Tablet,449
TP_000048,CUST_0010,1,SESS_961170,2026-03-23 23:00:00,googleads,paidsearch,Campaign_Promo_Summer,/promo-deals/page_10,Mobile,436
TP_000049,CUST_0010,7,SESS_961170,2026-03-21 06:00:00,affiliatenetwork,referral,Campaign_Promo_Retarget,/promo-deals/page_5,Desktop,96
TP_000050,CUST_0011,1,SESS_247296,2025-12-30 05:00:00,googleads,paidsearch,Campaign_Promo_Summer,/promo-deals/page_2,Mobile,475
TP_000051,CUST_0011,2,SESS_247296,2025-12-27 15:00:00,facebookads,paidsocial,Campaign_Promo_Brand,/promo-deals/page_2,Desktop,314
TP_000052,CUST_0011,4,SESS_153224,2026-01-27 09:00:00,directtraffic,direct,Campaign_Promo_Winter,/promo-deals/page_8,Mobile,277
TP_000053,CUST_0011,1,SESS_153224,2026-01-26 12:00:00,googleads,paidsearch,Campaign_Promo_Retarget,/promo-deals/page_7,Mobile,183
TP_000054,CUST_0011,5,SESS_153224,2026-01-21 11:00:00,organicsearch,seo,Campaign_Promo_Summer,/promo-deals/page_2,Mobile,357
TP_000055,CUST_0011,7,SESS_153224,2026-01-27 02:00:00,affiliatenetwork,referral,Campaign_Promo_Winter,/promo-deals/page_2,Mobile,257
TP_000056,CUST_0011,4,SESS_153224,2026-01-30 11:00:00,directtraffic,direct,Campaign_Promo_Retarget,/promo-deals/page_8,Mobile,330
TP_000057,CUST_0013,1,SESS_842869,2026-02-02 07:00:00,googleads,paidsearch,Campaign_Promo_Summer,/promo-deals/page_4,Desktop,462
TP_000058,CUST_0013,5,SESS_842869,2026-01-27 17:00:00,organicsearch,seo,Campaign_Promo_Brand,/promo-deals/page_8,Mobile,480
TP_000059,CUST_0013,2,SESS_791403,2026-03-20 15:00:00,facebookads,paidsocial,Campaign_Promo_Winter,/promo-deals/page_4,Desktop,142
TP_000060,CUST_0013,2,SESS_791403,2026-03-13 16:00:00,facebookads,paidsocial,Campaign_Promo_Retarget,/promo-deals/page_3,Mobile,88
TP_000061,CUST_0013,7,SESS_986539,2026-05-09 08:00:00,affiliatenetwork,referral,Campaign_Promo_Retarget,/promo-deals/page_7,Mobile,191
TP_000062,CUST_0013,6,SESS_986539,2026-05-10 15:00:00,linkedinads,paidsocial,Campaign_Promo_Brand,/promo-deals/page_7,Mobile,487
TP_000063,CUST_0013,4,SESS_986539,2026-05-08 00:00:00,directtraffic,direct,Campaign_Promo_Retarget,/promo-deals/page_6,Mobile,103
TP_000064,CUST_0013,2,SESS_986539,2026-05-06 20:00:00,facebookads,paidsocial,Campaign_Promo_Winter,/promo-deals/page_9,Desktop,334
TP_000065,CUST_0014,2,SESS_458344,2026-02-10 19:00:00,facebookads,paidsocial,Campaign_Promo_Summer,/promo-deals/page_7,Mobile,403
TP_000066,CUST_0014,7,SESS_458344,2026-02-04 11:00:00,affiliatenetwork,referral,Campaign_Promo_Retarget,/promo-deals/page_8,Mobile,536
TP_000067,CUST_0014,2,SESS_458344,2026-02-13 10:00:00,facebookads,paidsocial,Campaign_Promo_Winter,/promo-deals/page_3,Mobile,418
TP_000068,CUST_0014,3,SESS_458344,2026-02-02 19:00:00,newsletter,email,Campaign_Promo_Summer,/promo-deals/page_1,Mobile,320
TP_000069,CUST_0014,4,SESS_458344,2026-02-02 23:00:00,directtraffic,direct,Campaign_Promo_Summer,/promo-deals/page_5,Mobile,68
TP_000070,CUST_0015,2,SESS_387333,2026-04-23 14:00:00,facebookads,paidsocial,Campaign_Promo_Retarget,/promo-deals/page_10,Desktop,315
TP_000071,CUST_0015,6,SESS_387333,2026-04-22 19:00:00,linkedinads,paidsocial,Campaign_Promo_Winter,/promo-deals/page_2,Mobile,385
TP_000072,CUST_0015,1,SESS_132363,2026-04-30 18:00:00,googleads,paidsearch,Campaign_Promo_Brand,/promo-deals/page_1,Tablet,525
TP_000073,CUST_0016,6,SESS_637748,2026-03-26 22:00:00,linkedinads,paidsocial,Campaign_Promo_Brand,/promo-deals/page_9,Mobile,485
TP_000074,CUST_0018,7,SESS_499955,2026-02-05 16:00:00,affiliatenetwork,referral,Campaign_Promo_Retarget,/promo-deals/page_2,Mobile,437
TP_000075,CUST_0018,7,SESS_499955,2026-02-15 06:00:00,affiliatenetwork,referral,Campaign_Promo_Summer,/promo-deals/page_1,Tablet,400
TP_000076,CUST_0018,7,SESS_499955,2026-02-09 01:00:00,affiliatenetwork,referral,Campaign_Promo_Winter,/promo-deals/page_10,Mobile,126
TP_000077,CUST_0018,6,SESS_191620,2026-02-27 23:00:00,linkedinads,paidsocial,Campaign_Promo_Winter,/promo-deals/page_8,Mobile,202
TP_000078,CUST_0018,7,SESS_191620,2026-02-27 13:00:00,affiliatenetwork,referral,Campaign_Promo_Summer,/promo-deals/page_1,Desktop,232
TP_000079,CUST_0018,4,SESS_191620,2026-03-12 23:00:00,directtraffic,direct,Campaign_Promo_Brand,/promo-deals/page_9,Desktop,528
TP_000080,CUST_0018,6,SESS_191620,2026-03-08 09:00:00,linkedinads,paidsocial,Campaign_Promo_Brand,/promo-deals/page_3,Mobile,484
TP_000081,CUST_0018,1,SESS_191620,2026-03-03 16:00:00,googleads,paidsearch,Campaign_Promo_Winter,/promo-deals/page_8,Desktop,547
TP_000082,CUST_0018,3,SESS_908070,2026-04-06 09:00:00,newsletter,email,Campaign_Promo_Retarget,/promo-deals/page_2,Mobile,23
TP_000083,CUST_0018,7,SESS_908070,2026-04-19 03:00:00,affiliatenetwork,referral,Campaign_Promo_Retarget,/promo-deals/page_9,Desktop,33
TP_000084,CUST_0019,4,SESS_110784,2026-03-15 12:00:00,directtraffic,direct,Campaign_Promo_Retarget,/promo-deals/page_3,Mobile,31
TP_000085,CUST_0019,7,SESS_435076,2026-04-30 14:00:00,affiliatenetwork,referral,Campaign_Promo_Brand,/promo-deals/page_3,Mobile,198
TP_000086,CUST_0019,6,SESS_435076,2026-04-24 18:00:00,linkedinads,paidsocial,Campaign_Promo_Summer,/promo-deals/page_7,Desktop,165
TP_000087,CUST_0019,4,SESS_435076,2026-05-06 10:00:00,directtraffic,direct,Campaign_Promo_Retarget,/promo-deals/page_1,Mobile,377
TP_000088,CUST_0021,5,SESS_866844,2026-03-08 21:00:00,organicsearch,seo,Campaign_Promo_Retarget,/promo-deals/page_8,Desktop,32
TP_000089,CUST_0021,4,SESS_866844,2026-03-11 20:00:00,directtraffic,direct,Campaign_Promo_Summer,/promo-deals/page_8,Mobile,160
TP_000090,CUST_0021,6,SESS_866844,2026-03-14 10:00:00,linkedinads,paidsocial,Campaign_Promo_Summer,/promo-deals/page_8,Desktop,135
TP_000091,CUST_0021,5,SESS_866844,2026-03-21 01:00:00,organicsearch,seo,Campaign_Promo_Summer,/promo-deals/page_5,Mobile,556
TP_000092,CUST_0021,5,SESS_866844,2026-03-18 18:00:00,organicsearch,seo,Campaign_Promo_Winter,/promo-deals/page_4,Desktop,415
TP_000093,CUST_0022,4,SESS_730241,2026-02-28 13:00:00,directtraffic,direct,Campaign_Promo_Retarget,/promo-deals/page_7,Mobile,267
TP_000094,CUST_0022,7,SESS_730241,2026-02-28 12:00:00,affiliatenetwork,referral,Campaign_Promo_Brand,/promo-deals/page_10,Tablet,90
TP_000095,CUST_0022,7,SESS_730241,2026-03-01 20:00:00,affiliatenetwork,referral,Campaign_Promo_Retarget,/promo-deals/page_2,Mobile,306
TP_000096,CUST_0024,4,SESS_693361,2026-01-12 03:00:00,directtraffic,direct,Campaign_Promo_Winter,/promo-deals/page_4,Desktop,196
TP_000097,CUST_0024,2,SESS_693361,2026-01-12 05:00:00,facebookads,paidsocial,Campaign_Promo_Summer,/promo-deals/page_4,Tablet,260
TP_000098,CUST_0024,1,SESS_430705,2026-03-22 05:00:00,googleads,paidsearch,Campaign_Promo_Winter,/promo-deals/page_7,Mobile,250
TP_000099,CUST_0025,2,SESS_482806,2026-01-26 15:00:00,facebookads,paidsocial,Campaign_Promo_Summer,/promo-deals/page_9,Mobile,140
TP_000100,CUST_0025,4,SESS_482806,2026-01-31 01:00:00,directtraffic,direct,Campaign_Promo_Brand,/promo-deals/page_5,Desktop,476
TP_000101,CUST_0025,4,SESS_482806,2026-01-30 13:00:00,directtraffic,direct,Campaign_Promo_Retarget,/promo-deals/page_6,Desktop,264
TP_000102,CUST_0025,2,SESS_482806,2026-02-03 15:00:00,facebookads,paidsocial,Campaign_Promo_Brand,/promo-deals/page_9,Desktop,269
TP_000103,CUST_0025,6,SESS_208482,2026-02-06 04:00:00,linkedinads,paidsocial,Campaign_Promo_Retarget,/promo-deals/page_3,Mobile,330
TP_000104,CUST_0025,5,SESS_208482,2026-02-09 09:00:00,organicsearch,seo,Campaign_Promo_Winter,/promo-deals/page_10,Desktop,534
TP_000105,CUST_0025,3,SESS_208482,2026-02-17 12:00:00,newsletter,email,Campaign_Promo_Brand,/promo-deals/page_8,Mobile,441
TP_000106,CUST_0025,4,SESS_984015,2026-04-06 08:00:00,directtraffic,direct,Campaign_Promo_Summer,/promo-deals/page_3,Desktop,439
TP_000107,CUST_0026,6,SESS_285306,2026-02-01 03:00:00,linkedinads,paidsocial,Campaign_Promo_Brand,/promo-deals/page_9,Tablet,180
TP_000108,CUST_0026,6,SESS_285306,2026-01-30 04:00:00,linkedinads,paidsocial,Campaign_Promo_Winter,/promo-deals/page_7,Mobile,235
TP_000109,CUST_0026,3,SESS_285306,2026-02-05 18:00:00,newsletter,email,Campaign_Promo_Retarget,/promo-deals/page_1,Mobile,584
TP_000110,CUST_0026,5,SESS_792960,2026-03-16 05:00:00,organicsearch,seo,Campaign_Promo_Summer,/promo-deals/page_9,Mobile,65
TP_000111,CUST_0026,6,SESS_792960,2026-03-07 13:00:00,linkedinads,paidsocial,Campaign_Promo_Summer,/promo-deals/page_10,Desktop,320
TP_000112,CUST_0026,5,SESS_792960,2026-03-12 19:00:00,organicsearch,seo,Campaign_Promo_Retarget,/promo-deals/page_8,Desktop,508
TP_000113,CUST_0027,5,SESS_541726,2026-04-09 01:00:00,organicsearch,seo,Campaign_Promo_Retarget,/promo-deals/page_10,Desktop,273
TP_000114,CUST_0027,6,SESS_541726,2026-04-12 08:00:00,linkedinads,paidsocial,Campaign_Promo_Winter,/promo-deals/page_1,Mobile,238
TP_000115,CUST_0027,7,SESS_541726,2026-04-07 18:00:00,affiliatenetwork,referral,Campaign_Promo_Summer,/promo-deals/page_9,Mobile,283
TP_000116,CUST_0027,6,SESS_541726,2026-04-12 21:00:00,linkedinads,paidsocial,Campaign_Promo_Winter,/promo-deals/page_3,Mobile,486
TP_000117,CUST_0027,2,SESS_541726,2026-04-16 23:00:00,facebookads,paidsocial,Campaign_Promo_Brand,/promo-deals/page_2,Mobile,165
TP_000118,CUST_0027,6,SESS_642439,2026-05-01 13:00:00,linkedinads,paidsocial,Campaign_Promo_Summer,/promo-deals/page_8,Desktop,256
TP_000119,CUST_0027,1,SESS_642439,2026-05-07 20:00:00,googleads,paidsearch,Campaign_Promo_Retarget,/promo-deals/page_9,Desktop,600
TP_000120,CUST_0027,6,SESS_642439,2026-04-29 16:00:00,linkedinads,paidsocial,Campaign_Promo_Brand,/promo-deals/page_5,Mobile,36
TP_000121,CUST_0027,5,SESS_642439,2026-05-05 20:00:00,organicsearch,seo,Campaign_Promo_Retarget,/promo-deals/page_4,Mobile,154
TP_000122,CUST_0028,4,SESS_217189,2026-01-11 06:00:00,directtraffic,direct,Campaign_Promo_Winter,/promo-deals/page_6,Desktop,420
TP_000123,CUST_0028,7,SESS_217189,2026-01-15 05:00:00,affiliatenetwork,referral,Campaign_Promo_Winter,/promo-deals/page_9,Mobile,205
TP_000124,CUST_0028,5,SESS_117777,2026-03-14 14:00:00,organicsearch,seo,Campaign_Promo_Retarget,/promo-deals/page_1,Desktop,203
TP_000125,CUST_0028,1,SESS_117777,2026-03-16 17:00:00,googleads,paidsearch,Campaign_Promo_Winter,/promo-deals/page_10,Mobile,244
TP_000126,CUST_0028,5,SESS_117777,2026-03-14 08:00:00,organicsearch,seo,Campaign_Promo_Retarget,/promo-deals/page_1,Tablet,328
TP_000127,CUST_0028,2,SESS_117777,2026-03-17 11:00:00,facebookads,paidsocial,Campaign_Promo_Retarget,/promo-deals/page_3,Mobile,286
TP_000128,CUST_0030,6,SESS_602450,2026-03-18 20:00:00,linkedinads,paidsocial,Campaign_Promo_Brand,/promo-deals/page_1,Desktop,542
TP_000129,CUST_0030,6,SESS_602450,2026-03-08 15:00:00,linkedinads,paidsocial,Campaign_Promo_Retarget,/promo-deals/page_5,Desktop,50
TP_000130,CUST_0030,5,SESS_602450,2026-03-16 10:00:00,organicsearch,seo,Campaign_Promo_Winter,/promo-deals/page_4,Mobile,570
TP_000131,CUST_0030,7,SESS_602450,2026-03-13 23:00:00,affiliatenetwork,referral,Campaign_Promo_Brand,/promo-deals/page_7,Tablet,107
TP_000132,CUST_0031,2,SESS_241086,2026-03-09 03:00:00,facebookads,paidsocial,Campaign_Promo_Brand,/promo-deals/page_2,Desktop,443
TP_000133,CUST_0031,2,SESS_241086,2026-03-22 23:00:00,facebookads,paidsocial,Campaign_Promo_Summer,/promo-deals/page_8,Desktop,347
TP_000134,CUST_0031,3,SESS_241086,2026-03-08 22:00:00,newsletter,email,Campaign_Promo_Winter,/promo-deals/page_8,Mobile,340
TP_000135,CUST_0033,6,SESS_141883,2026-02-27 15:00:00,linkedinads,paidsocial,Campaign_Promo_Summer,/promo-deals/page_9,Mobile,398
TP_000136,CUST_0036,6,SESS_793546,2026-02-07 05:00:00,linkedinads,paidsocial,Campaign_Promo_Brand,/promo-deals/page_10,Mobile,390
TP_000137,CUST_0036,2,SESS_793546,2026-02-02 16:00:00,facebookads,paidsocial,Campaign_Promo_Retarget,/promo-deals/page_9,Mobile,295
TP_000138,CUST_0036,1,SESS_793546,2026-01-30 17:00:00,googleads,paidsearch,Campaign_Promo_Retarget,/promo-deals/page_1,Desktop,342
TP_000139,CUST_0036,2,SESS_503657,2026-02-28 19:00:00,facebookads,paidsocial,Campaign_Promo_Winter,/promo-deals/page_1,Mobile,333
TP_000140,CUST_0036,5,SESS_503657,2026-03-05 02:00:00,organicsearch,seo,Campaign_Promo_Brand,/promo-deals/page_9,Desktop,241
TP_000141,CUST_0036,2,SESS_503657,2026-03-05 03:00:00,facebookads,paidsocial,Campaign_Promo_Winter,/promo-deals/page_9,Mobile,333
TP_000142,CUST_0036,7,SESS_184180,2026-04-04 14:00:00,affiliatenetwork,referral,Campaign_Promo_Retarget,/promo-deals/page_3,Mobile,134
TP_000143,CUST_0037,6,SESS_509549,2026-04-19 01:00:00,linkedinads,paidsocial,Campaign_Promo_Retarget,/promo-deals/page_7,Desktop,490
TP_000144,CUST_0037,5,SESS_509549,2026-04-21 01:00:00,organicsearch,seo,Campaign_Promo_Retarget,/promo-deals/page_5,Mobile,221
TP_000145,CUST_0038,6,SESS_789916,2026-02-01 02:00:00,linkedinads,paidsocial,Campaign_Promo_Winter,/promo-deals/page_6,Tablet,47
TP_000146,CUST_0038,3,SESS_789916,2026-01-30 07:00:00,newsletter,email,Campaign_Promo_Brand,/promo-deals/page_1,Mobile,521
TP_000147,CUST_0038,1,SESS_789916,2026-01-30 05:00:00,googleads,paidsearch,Campaign_Promo_Summer,/promo-deals/page_6,Desktop,478
TP_000148,CUST_0039,2,SESS_372585,2026-02-04 02:00:00,facebookads,paidsocial,Campaign_Promo_Brand,/promo-deals/page_7,Mobile,61
TP_000149,CUST_0039,6,SESS_372585,2026-02-11 10:00:00,linkedinads,paidsocial,Campaign_Promo_Brand,/promo-deals/page_8,Desktop,525
TP_000150,CUST_0039,7,SESS_372585,2026-01-29 12:00:00,affiliatenetwork,referral,Campaign_Promo_Brand,/promo-deals/page_8,Mobile,563
TP_000151,CUST_0039,2,SESS_372585,2026-02-03 16:00:00,facebookads,paidsocial,Campaign_Promo_Winter,/promo-deals/page_6,Mobile,467
TP_000152,CUST_0040,6,SESS_118278,2026-03-21 22:00:00,linkedinads,paidsocial,Campaign_Promo_Brand,/promo-deals/page_6,Desktop,16
TP_000153,CUST_0040,2,SESS_118278,2026-03-25 15:00:00,facebookads,paidsocial,Campaign_Promo_Summer,/promo-deals/page_2,Mobile,248
TP_000154,CUST_0040,6,SESS_996643,2026-04-20 18:00:00,linkedinads,paidsocial,Campaign_Promo_Retarget,/promo-deals/page_3,Tablet,73
TP_000155,CUST_0040,6,SESS_996643,2026-04-24 15:00:00,linkedinads,paidsocial,Campaign_Promo_Winter,/promo-deals/page_3,Mobile,593
TP_000156,CUST_0040,4,SESS_996643,2026-04-25 13:00:00,directtraffic,direct,Campaign_Promo_Summer,/promo-deals/page_8,Mobile,115
TP_000157,CUST_0040,3,SESS_996643,2026-04-23 17:00:00,newsletter,email,Campaign_Promo_Brand,/promo-deals/page_3,Mobile,545
TP_000158,CUST_0040,3,SESS_996643,2026-04-20 23:00:00,newsletter,email,Campaign_Promo_Brand,/promo-deals/page_4,Desktop,211
TP_000159,CUST_0041,1,SESS_955509,2026-03-20 14:00:00,googleads,paidsearch,Campaign_Promo_Retarget,/promo-deals/page_2,Mobile,116
TP_000160,CUST_0041,3,SESS_955509,2026-03-22 21:00:00,newsletter,email,Campaign_Promo_Winter,/promo-deals/page_9,Tablet,111
TP_000161,CUST_0041,4,SESS_760961,2026-04-09 18:00:00,directtraffic,direct,Campaign_Promo_Brand,/promo-deals/page_4,Desktop,453
TP_000162,CUST_0041,1,SESS_760961,2026-04-08 01:00:00,googleads,paidsearch,Campaign_Promo_Summer,/promo-deals/page_10,Desktop,278
TP_000163,CUST_0042,3,SESS_315774,2026-04-03 02:00:00,newsletter,email,Campaign_Promo_Retarget,/promo-deals/page_1,Mobile,63
TP_000164,CUST_0042,4,SESS_315774,2026-04-02 17:00:00,directtraffic,direct,Campaign_Promo_Winter,/promo-deals/page_5,Mobile,83
TP_000165,CUST_0042,1,SESS_315774,2026-04-09 22:00:00,googleads,paidsearch,Campaign_Promo_Summer,/promo-deals/page_7,Mobile,439
TP_000166,CUST_0042,5,SESS_315774,2026-03-31 11:00:00,organicsearch,seo,Campaign_Promo_Brand,/promo-deals/page_8,Mobile,401
TP_000167,CUST_0042,1,SESS_782656,2026-04-17 21:00:00,googleads,paidsearch,Campaign_Promo_Winter,/promo-deals/page_4,Desktop,173
TP_000168,CUST_0042,6,SESS_782656,2026-04-22 18:00:00,linkedinads,paidsocial,Campaign_Promo_Retarget,/promo-deals/page_9,Desktop,287
TP_000169,CUST_0042,1,SESS_782656,2026-04-16 17:00:00,googleads,paidsearch,Campaign_Promo_Summer,/promo-deals/page_8,Mobile,449
TP_000170,CUST_0042,1,SESS_782656,2026-04-20 16:00:00,googleads,paidsearch,Campaign_Promo_Brand,/promo-deals/page_1,Desktop,112
TP_000171,CUST_0043,4,SESS_508587,2026-02-13 19:00:00,directtraffic,direct,Campaign_Promo_Brand,/promo-deals/page_6,Mobile,307
TP_000172,CUST_0043,4,SESS_508587,2026-02-03 19:00:00,directtraffic,direct,Campaign_Promo_Winter,/promo-deals/page_8,Mobile,231
TP_000173,CUST_0043,4,SESS_508587,2026-02-14 20:00:00,directtraffic,direct,Campaign_Promo_Retarget,/promo-deals/page_9,Mobile,93
TP_000174,CUST_0043,7,SESS_799919,2026-02-27 23:00:00,affiliatenetwork,referral,Campaign_Promo_Summer,/promo-deals/page_2,Mobile,473
TP_000175,CUST_0043,6,SESS_799919,2026-02-24 08:00:00,linkedinads,paidsocial,Campaign_Promo_Winter,/promo-deals/page_1,Tablet,71
TP_000176,CUST_0043,5,SESS_799919,2026-03-04 06:00:00,organicsearch,seo,Campaign_Promo_Brand,/promo-deals/page_4,Mobile,157
TP_000177,CUST_0044,6,SESS_937084,2026-03-13 06:00:00,linkedinads,paidsocial,Campaign_Promo_Brand,/promo-deals/page_9,Mobile,523
TP_000178,CUST_0045,2,SESS_599791,2026-04-18 19:00:00,facebookads,paidsocial,Campaign_Promo_Winter,/promo-deals/page_3,Mobile,131
TP_000179,CUST_0045,3,SESS_599791,2026-04-26 08:00:00,newsletter,email,Campaign_Promo_Brand,/promo-deals/page_1,Mobile,21
TP_000180,CUST_0045,2,SESS_599791,2026-04-27 17:00:00,facebookads,paidsocial,Campaign_Promo_Summer,/promo-deals/page_6,Mobile,346
TP_000181,CUST_0045,7,SESS_599791,2026-04-21 11:00:00,affiliatenetwork,referral,Campaign_Promo_Brand,/promo-deals/page_6,Mobile,591
TP_000182,CUST_0045,2,SESS_568105,2026-04-30 14:00:00,facebookads,paidsocial,Campaign_Promo_Retarget,/promo-deals/page_4,Mobile,481
TP_000183,CUST_0045,5,SESS_568105,2026-04-25 14:00:00,organicsearch,seo,Campaign_Promo_Summer,/promo-deals/page_4,Mobile,302
TP_000184,CUST_0046,1,SESS_760746,2026-02-18 22:00:00,googleads,paidsearch,Campaign_Promo_Summer,/promo-deals/page_1,Mobile,397
TP_000185,CUST_0046,2,SESS_760746,2026-02-15 15:00:00,facebookads,paidsocial,Campaign_Promo_Summer,/promo-deals/page_10,Desktop,143
TP_000186,CUST_0046,2,SESS_760746,2026-02-20 13:00:00,facebookads,paidsocial,Campaign_Promo_Brand,/promo-deals/page_5,Mobile,54
TP_000187,CUST_0046,6,SESS_760746,2026-02-14 23:00:00,linkedinads,paidsocial,Campaign_Promo_Winter,/promo-deals/page_2,Mobile,240
TP_000188,CUST_0047,1,SESS_276227,2026-03-28 11:00:00,googleads,paidsearch,Campaign_Promo_Brand,/promo-deals/page_3,Mobile,328
TP_000189,CUST_0047,1,SESS_276227,2026-04-01 17:00:00,googleads,paidsearch,Campaign_Promo_Winter,/promo-deals/page_10,Mobile,253
TP_000190,CUST_0047,4,SESS_276227,2026-04-11 07:00:00,directtraffic,direct,Campaign_Promo_Summer,/promo-deals/page_4,Mobile,583
TP_000191,CUST_0047,6,SESS_276227,2026-04-05 19:00:00,linkedinads,paidsocial,Campaign_Promo_Retarget,/promo-deals/page_2,Mobile,162
TP_000192,CUST_0047,7,SESS_276227,2026-03-30 10:00:00,affiliatenetwork,referral,Campaign_Promo_Summer,/promo-deals/page_8,Tablet,212
TP_000193,CUST_0047,6,SESS_356211,2026-05-05 18:00:00,linkedinads,paidsocial,Campaign_Promo_Brand,/promo-deals/page_8,Desktop,361
TP_000194,CUST_0047,3,SESS_356211,2026-04-29 08:00:00,newsletter,email,Campaign_Promo_Retarget,/promo-deals/page_7,Desktop,49
TP_000195,CUST_0047,3,SESS_356211,2026-04-29 08:00:00,newsletter,email,Campaign_Promo_Retarget,/promo-deals/page_4,Tablet,341
TP_000196,CUST_0048,1,SESS_313659,2026-02-23 08:00:00,googleads,paidsearch,Campaign_Promo_Brand,/promo-deals/page_7,Mobile,102
TP_000197,CUST_0048,5,SESS_276611,2026-04-01 18:00:00,organicsearch,seo,Campaign_Promo_Retarget,/promo-deals/page_6,Mobile,469
TP_000198,CUST_0048,2,SESS_276611,2026-04-05 10:00:00,facebookads,paidsocial,Campaign_Promo_Summer,/promo-deals/page_5,Mobile,401
TP_000199,CUST_0048,5,SESS_276611,2026-04-14 03:00:00,organicsearch,seo,Campaign_Promo_Summer,/promo-deals/page_3,Desktop,390
TP_000200,CUST_0048,5,SESS_187033,2026-04-26 04:00:00,organicsearch,seo,Campaign_Promo_Winter,/promo-deals/page_1,Desktop,545
TP_000201,CUST_0049,2,SESS_618748,2026-02-15 19:00:00,facebookads,paidsocial,Campaign_Promo_Winter,/promo-deals/page_3,Mobile,527
TP_000202,CUST_0049,5,SESS_618748,2026-02-15 21:00:00,organicsearch,seo,Campaign_Promo_Brand,/promo-deals/page_5,Desktop,197
TP_000203,CUST_0049,1,SESS_618748,2026-02-23 14:00:00,googleads,paidsearch,Campaign_Promo_Winter,/promo-deals/page_4,Mobile,281
TP_000204,CUST_0050,7,SESS_160108,2026-01-29 01:00:00,affiliatenetwork,referral,Campaign_Promo_Winter,/promo-deals/page_1,Desktop,453
TP_000205,CUST_0050,6,SESS_160108,2026-01-29 19:00:00,linkedinads,paidsocial,Campaign_Promo_Summer,/promo-deals/page_4,Mobile,412
TP_000206,CUST_0050,4,SESS_160108,2026-01-20 22:00:00,directtraffic,direct,Campaign_Promo_Winter,/promo-deals/page_2,Mobile,469
TP_000207,CUST_0050,3,SESS_211937,2026-02-26 23:00:00,newsletter,email,Campaign_Promo_Retarget,/promo-deals/page_1,Desktop,467
TP_000208,CUST_0050,2,SESS_881227,2026-04-06 05:00:00,facebookads,paidsocial,Campaign_Promo_Brand,/promo-deals/page_3,Desktop,561
TP_000209,CUST_0050,2,SESS_881227,2026-04-06 12:00:00,facebookads,paidsocial,Campaign_Promo_Summer,/promo-deals/page_7,Desktop,482
TP_000210,CUST_0050,6,SESS_881227,2026-04-02 03:00:00,linkedinads,paidsocial,Campaign_Promo_Retarget,/promo-deals/page_5,Mobile,485
TP_000211,CUST_0050,5,SESS_881227,2026-04-05 09:00:00,organicsearch,seo,Campaign_Promo_Winter,/promo-deals/page_4,Tablet,270
TP_000212,CUST_0053,5,SESS_291549,2026-03-02 04:00:00,organicsearch,seo,Campaign_Promo_Brand,/promo-deals/page_2,Mobile,141
TP_000213,CUST_0053,4,SESS_291549,2026-03-02 06:00:00,directtraffic,direct,Campaign_Promo_Retarget,/promo-deals/page_6,Mobile,360
TP_000214,CUST_0053,5,SESS_291549,2026-03-02 08:00:00,organicsearch,seo,Campaign_Promo_Winter,/promo-deals/page_7,Tablet,56
TP_000215,CUST_0053,7,SESS_291549,2026-03-04 04:00:00,affiliatenetwork,referral,Campaign_Promo_Brand,/promo-deals/page_3,Mobile,291
TP_000216,CUST_0053,2,SESS_291549,2026-02-27 15:00:00,facebookads,paidsocial,Campaign_Promo_Summer,/promo-deals/page_5,Mobile,225
TP_000217,CUST_0054,6,SESS_113176,2026-01-14 01:00:00,linkedinads,paidsocial,Campaign_Promo_Brand,/promo-deals/page_4,Mobile,78
TP_000218,CUST_0056,4,SESS_855510,2026-03-27 16:00:00,directtraffic,direct,Campaign_Promo_Winter,/promo-deals/page_4,Mobile,179
TP_000219,CUST_0056,4,SESS_855510,2026-04-01 08:00:00,directtraffic,direct,Campaign_Promo_Winter,/promo-deals/page_2,Mobile,138
TP_000220,CUST_0056,7,SESS_855510,2026-04-01 04:00:00,affiliatenetwork,referral,Campaign_Promo_Brand,/promo-deals/page_5,Mobile,374
TP_000221,CUST_0056,3,SESS_793311,2026-04-22 06:00:00,newsletter,email,Campaign_Promo_Retarget,/promo-deals/page_6,Mobile,325
TP_000222,CUST_0056,3,SESS_793311,2026-04-23 16:00:00,newsletter,email,Campaign_Promo_Summer,/promo-deals/page_6,Mobile,540
TP_000223,CUST_0056,3,SESS_793311,2026-04-15 00:00:00,newsletter,email,Campaign_Promo_Brand,/promo-deals/page_9,Tablet,250
TP_000224,CUST_0057,1,SESS_641013,2026-03-02 10:00:00,googleads,paidsearch,Campaign_Promo_Summer,/promo-deals/page_1,Mobile,541
TP_000225,CUST_0057,2,SESS_641013,2026-03-04 04:00:00,facebookads,paidsocial,Campaign_Promo_Brand,/promo-deals/page_9,Mobile,461
TP_000226,CUST_0057,4,SESS_535622,2026-03-20 12:00:00,directtraffic,direct,Campaign_Promo_Winter,/promo-deals/page_1,Mobile,318
TP_000227,CUST_0057,7,SESS_535622,2026-03-17 21:00:00,affiliatenetwork,referral,Campaign_Promo_Brand,/promo-deals/page_10,Mobile,145
TP_000228,CUST_0057,5,SESS_535622,2026-03-26 18:00:00,organicsearch,seo,Campaign_Promo_Summer,/promo-deals/page_10,Mobile,391
TP_000229,CUST_0057,6,SESS_535622,2026-03-20 21:00:00,linkedinads,paidsocial,Campaign_Promo_Retarget,/promo-deals/page_10,Mobile,62
TP_000230,CUST_0057,4,SESS_535622,2026-03-23 01:00:00,directtraffic,direct,Campaign_Promo_Retarget,/promo-deals/page_10,Mobile,416
TP_000231,CUST_0058,7,SESS_308159,2026-05-05 07:00:00,affiliatenetwork,referral,Campaign_Promo_Winter,/promo-deals/page_8,Desktop,13
TP_000232,CUST_0058,5,SESS_308159,2026-04-29 21:00:00,organicsearch,seo,Campaign_Promo_Winter,/promo-deals/page_9,Desktop,198
TP_000233,CUST_0060,7,SESS_431149,2026-02-03 15:00:00,affiliatenetwork,referral,Campaign_Promo_Summer,/promo-deals/page_8,Mobile,552
TP_000234,CUST_0060,2,SESS_431149,2026-01-30 06:00:00,facebookads,paidsocial,Campaign_Promo_Retarget,/promo-deals/page_2,Mobile,591
TP_000235,CUST_0060,2,SESS_233288,2026-02-16 14:00:00,facebookads,paidsocial,Campaign_Promo_Retarget,/promo-deals/page_2,Mobile,508
TP_000236,CUST_0060,1,SESS_233288,2026-02-17 00:00:00,googleads,paidsearch,Campaign_Promo_Summer,/promo-deals/page_7,Mobile,574
TP_000237,CUST_0061,4,SESS_894615,2026-04-04 11:00:00,directtraffic,direct,Campaign_Promo_Retarget,/promo-deals/page_5,Desktop,140
TP_000238,CUST_0061,4,SESS_134370,2026-04-08 16:00:00,directtraffic,direct,Campaign_Promo_Winter,/promo-deals/page_10,Mobile,530
TP_000239,CUST_0061,4,SESS_134370,2026-04-06 15:00:00,directtraffic,direct,Campaign_Promo_Winter,/promo-deals/page_2,Mobile,465
TP_000240,CUST_0061,5,SESS_134370,2026-04-18 18:00:00,organicsearch,seo,Campaign_Promo_Retarget,/promo-deals/page_1,Tablet,337
TP_000241,CUST_0061,6,SESS_134370,2026-04-12 04:00:00,linkedinads,paidsocial,Campaign_Promo_Brand,/promo-deals/page_6,Desktop,291
TP_000242,CUST_0061,2,SESS_134370,2026-04-19 13:00:00,facebookads,paidsocial,Campaign_Promo_Retarget,/promo-deals/page_8,Mobile,107
TP_000243,CUST_0062,6,SESS_728226,2026-02-15 10:00:00,linkedinads,paidsocial,Campaign_Promo_Winter,/promo-deals/page_2,Mobile,365
TP_000244,CUST_0062,1,SESS_728226,2026-02-24 09:00:00,googleads,paidsearch,Campaign_Promo_Winter,/promo-deals/page_1,Mobile,585
TP_000245,CUST_0062,5,SESS_728226,2026-02-17 02:00:00,organicsearch,seo,Campaign_Promo_Summer,/promo-deals/page_7,Desktop,277
TP_000246,CUST_0062,2,SESS_728226,2026-02-15 03:00:00,facebookads,paidsocial,Campaign_Promo_Winter,/promo-deals/page_4,Mobile,213
TP_000247,CUST_0062,4,SESS_728226,2026-02-19 10:00:00,directtraffic,direct,Campaign_Promo_Summer,/promo-deals/page_4,Mobile,315
TP_000248,CUST_0062,7,SESS_483878,2026-03-27 10:00:00,affiliatenetwork,referral,Campaign_Promo_Summer,/promo-deals/page_1,Tablet,199
TP_000249,CUST_0062,7,SESS_483878,2026-03-25 17:00:00,affiliatenetwork,referral,Campaign_Promo_Brand,/promo-deals/page_3,Mobile,395
TP_000250,CUST_0062,3,SESS_483878,2026-03-19 06:00:00,newsletter,email,Campaign_Promo_Retarget,/promo-deals/page_10,Tablet,211
TP_000251,CUST_0062,6,SESS_483878,2026-03-18 09:00:00,linkedinads,paidsocial,Campaign_Promo_Retarget,/promo-deals/page_9,Mobile,426
TP_000252,CUST_0062,1,SESS_483878,2026-03-13 19:00:00,googleads,paidsearch,Campaign_Promo_Summer,/promo-deals/page_4,Tablet,248
TP_000253,CUST_0062,5,SESS_993832,2026-03-27 15:00:00,organicsearch,seo,Campaign_Promo_Summer,/promo-deals/page_3,Mobile,108
TP_000254,CUST_0062,5,SESS_993832,2026-03-31 09:00:00,organicsearch,seo,Campaign_Promo_Summer,/promo-deals/page_6,Desktop,565
TP_000255,CUST_0062,7,SESS_993832,2026-04-02 11:00:00,affiliatenetwork,referral,Campaign_Promo_Brand,/promo-deals/page_2,Desktop,359
TP_000256,CUST_0063,6,SESS_990535,2026-01-08 04:00:00,linkedinads,paidsocial,Campaign_Promo_Winter,/promo-deals/page_7,Mobile,68
TP_000257,CUST_0063,7,SESS_990535,2026-01-16 18:00:00,affiliatenetwork,referral,Campaign_Promo_Retarget,/promo-deals/page_10,Tablet,286
TP_000258,CUST_0063,7,SESS_990535,2026-01-18 07:00:00,affiliatenetwork,referral,Campaign_Promo_Winter,/promo-deals/page_10,Mobile,468
TP_000259,CUST_0063,1,SESS_749541,2026-02-25 03:00:00,googleads,paidsearch,Campaign_Promo_Brand,/promo-deals/page_6,Mobile,230
TP_000260,CUST_0063,1,SESS_749541,2026-02-25 06:00:00,googleads,paidsearch,Campaign_Promo_Winter,/promo-deals/page_10,Desktop,350
TP_000261,CUST_0063,2,SESS_749541,2026-02-28 12:00:00,facebookads,paidsocial,Campaign_Promo_Summer,/promo-deals/page_3,Mobile,595
TP_000262,CUST_0063,3,SESS_749541,2026-02-26 04:00:00,newsletter,email,Campaign_Promo_Summer,/promo-deals/page_3,Mobile,537
TP_000263,CUST_0063,1,SESS_356229,2026-03-13 17:00:00,googleads,paidsearch,Campaign_Promo_Retarget,/promo-deals/page_2,Tablet,312
TP_000264,CUST_0065,5,SESS_564361,2026-02-14 12:00:00,organicsearch,seo,Campaign_Promo_Winter,/promo-deals/page_9,Mobile,471
TP_000265,CUST_0065,7,SESS_564361,2026-02-19 12:00:00,affiliatenetwork,referral,Campaign_Promo_Retarget,/promo-deals/page_4,Tablet,131
TP_000266,CUST_0066,3,SESS_967665,2026-03-12 09:00:00,newsletter,email,Campaign_Promo_Winter,/promo-deals/page_9,Mobile,182
TP_000267,CUST_0066,5,SESS_967665,2026-03-12 03:00:00,organicsearch,seo,Campaign_Promo_Winter,/promo-deals/page_10,Mobile,57
TP_000268,CUST_0067,7,SESS_423588,2026-03-14 10:00:00,affiliatenetwork,referral,Campaign_Promo_Brand,/promo-deals/page_5,Desktop,369
TP_000269,CUST_0067,3,SESS_423588,2026-03-18 22:00:00,newsletter,email,Campaign_Promo_Retarget,/promo-deals/page_6,Desktop,501
TP_000270,CUST_0068,3,SESS_386938,2026-01-13 15:00:00,newsletter,email,Campaign_Promo_Retarget,/promo-deals/page_9,Desktop,38
TP_000271,CUST_0068,1,SESS_386938,2026-01-06 01:00:00,googleads,paidsearch,Campaign_Promo_Winter,/promo-deals/page_6,Desktop,330
TP_000272,CUST_0068,6,SESS_386938,2026-01-08 19:00:00,linkedinads,paidsocial,Campaign_Promo_Summer,/promo-deals/page_3,Desktop,452
TP_000273,CUST_0068,7,SESS_386938,2026-01-11 22:00:00,affiliatenetwork,referral,Campaign_Promo_Brand,/promo-deals/page_6,Mobile,576
TP_000274,CUST_0069,1,SESS_565508,2026-02-09 14:00:00,googleads,paidsearch,Campaign_Promo_Brand,/promo-deals/page_6,Mobile,111
TP_000275,CUST_0069,3,SESS_565508,2026-02-06 14:00:00,newsletter,email,Campaign_Promo_Winter,/promo-deals/page_3,Mobile,171
TP_000276,CUST_0069,5,SESS_565508,2026-02-08 16:00:00,organicsearch,seo,Campaign_Promo_Brand,/promo-deals/page_4,Mobile,498
TP_000277,CUST_0069,7,SESS_565508,2026-02-10 08:00:00,affiliatenetwork,referral,Campaign_Promo_Brand,/promo-deals/page_6,Desktop,59
TP_000278,CUST_0069,6,SESS_229580,2026-03-21 22:00:00,linkedinads,paidsocial,Campaign_Promo_Retarget,/promo-deals/page_1,Mobile,55
TP_000279,CUST_0069,7,SESS_229580,2026-03-16 19:00:00,affiliatenetwork,referral,Campaign_Promo_Retarget,/promo-deals/page_2,Tablet,44
TP_000280,CUST_0069,7,SESS_229580,2026-03-21 21:00:00,affiliatenetwork,referral,Campaign_Promo_Retarget,/promo-deals/page_3,Mobile,286
TP_000281,CUST_0069,5,SESS_229580,2026-03-23 02:00:00,organicsearch,seo,Campaign_Promo_Winter,/promo-deals/page_6,Tablet,66
TP_000282,CUST_0071,7,SESS_444794,2026-03-10 12:00:00,affiliatenetwork,referral,Campaign_Promo_Brand,/promo-deals/page_6,Mobile,354
TP_000283,CUST_0071,4,SESS_444794,2026-03-11 11:00:00,directtraffic,direct,Campaign_Promo_Winter,/promo-deals/page_5,Desktop,129
TP_000284,CUST_0071,4,SESS_444794,2026-03-14 05:00:00,directtraffic,direct,Campaign_Promo_Summer,/promo-deals/page_1,Tablet,356
TP_000285,CUST_0071,5,SESS_444794,2026-03-08 12:00:00,organicsearch,seo,Campaign_Promo_Winter,/promo-deals/page_1,Mobile,151
TP_000286,CUST_0072,4,SESS_530851,2026-03-11 19:00:00,directtraffic,direct,Campaign_Promo_Summer,/promo-deals/page_7,Mobile,564
TP_000287,CUST_0072,7,SESS_530851,2026-03-22 07:00:00,affiliatenetwork,referral,Campaign_Promo_Brand,/promo-deals/page_5,Desktop,82
TP_000288,CUST_0072,3,SESS_530851,2026-03-20 11:00:00,newsletter,email,Campaign_Promo_Summer,/promo-deals/page_1,Desktop,311
TP_000289,CUST_0072,7,SESS_530851,2026-03-19 09:00:00,affiliatenetwork,referral,Campaign_Promo_Retarget,/promo-deals/page_8,Mobile,195
TP_000290,CUST_0072,7,SESS_494929,2026-04-14 03:00:00,affiliatenetwork,referral,Campaign_Promo_Summer,/promo-deals/page_8,Mobile,289
TP_000291,CUST_0072,2,SESS_494929,2026-04-13 15:00:00,facebookads,paidsocial,Campaign_Promo_Brand,/promo-deals/page_7,Mobile,577
TP_000292,CUST_0072,3,SESS_494929,2026-04-12 08:00:00,newsletter,email,Campaign_Promo_Brand,/promo-deals/page_4,Mobile,457
TP_000293,CUST_0074,1,SESS_368677,2026-03-13 08:00:00,googleads,paidsearch,Campaign_Promo_Summer,/promo-deals/page_7,Desktop,99
TP_000294,CUST_0074,4,SESS_516310,2026-04-20 05:00:00,directtraffic,direct,Campaign_Promo_Retarget,/promo-deals/page_5,Tablet,199
TP_000295,CUST_0074,4,SESS_516310,2026-05-01 21:00:00,directtraffic,direct,Campaign_Promo_Summer,/promo-deals/page_4,Mobile,541
TP_000296,CUST_0074,1,SESS_516310,2026-05-02 16:00:00,googleads,paidsearch,Campaign_Promo_Winter,/promo-deals/page_4,Mobile,292
TP_000297,CUST_0074,1,SESS_516310,2026-04-21 10:00:00,googleads,paidsearch,Campaign_Promo_Retarget,/promo-deals/page_8,Desktop,516
TP_000298,CUST_0074,3,SESS_516310,2026-04-26 16:00:00,newsletter,email,Campaign_Promo_Summer,/promo-deals/page_1,Mobile,79
TP_000299,CUST_0075,3,SESS_641643,2026-01-19 22:00:00,newsletter,email,Campaign_Promo_Summer,/promo-deals/page_5,Mobile,437
TP_000300,CUST_0075,4,SESS_641643,2026-01-29 05:00:00,directtraffic,direct,Campaign_Promo_Winter,/promo-deals/page_7,Mobile,283
TP_000301,CUST_0075,3,SESS_641643,2026-01-28 23:00:00,newsletter,email,Campaign_Promo_Winter,/promo-deals/page_8,Mobile,204
TP_000302,CUST_0075,7,SESS_207113,2026-02-09 09:00:00,affiliatenetwork,referral,Campaign_Promo_Retarget,/promo-deals/page_7,Mobile,88
TP_000303,CUST_0075,7,SESS_207113,2026-02-12 23:00:00,affiliatenetwork,referral,Campaign_Promo_Retarget,/promo-deals/page_10,Mobile,408
TP_000304,CUST_0075,4,SESS_207113,2026-02-06 12:00:00,directtraffic,direct,Campaign_Promo_Brand,/promo-deals/page_4,Mobile,229
TP_000305,CUST_0075,7,SESS_207113,2026-02-04 23:00:00,affiliatenetwork,referral,Campaign_Promo_Brand,/promo-deals/page_9,Mobile,371
TP_000306,CUST_0075,7,SESS_207113,2026-02-10 23:00:00,affiliatenetwork,referral,Campaign_Promo_Brand,/promo-deals/page_10,Mobile,66
TP_000307,CUST_0076,1,SESS_762231,2026-04-17 06:00:00,googleads,paidsearch,Campaign_Promo_Summer,/promo-deals/page_9,Mobile,55
TP_000308,CUST_0076,2,SESS_762231,2026-05-01 21:00:00,facebookads,paidsocial,Campaign_Promo_Retarget,/promo-deals/page_5,Desktop,387
TP_000309,CUST_0076,2,SESS_762231,2026-04-26 00:00:00,facebookads,paidsocial,Campaign_Promo_Winter,/promo-deals/page_3,Mobile,232
TP_000310,CUST_0076,6,SESS_762231,2026-04-21 22:00:00,linkedinads,paidsocial,Campaign_Promo_Retarget,/promo-deals/page_8,Mobile,183
TP_000311,CUST_0076,5,SESS_762231,2026-04-24 09:00:00,organicsearch,seo,Campaign_Promo_Retarget,/promo-deals/page_7,Tablet,130
TP_000312,CUST_0078,2,SESS_804995,2026-02-25 18:00:00,facebookads,paidsocial,Campaign_Promo_Brand,/promo-deals/page_6,Tablet,88
TP_000313,CUST_0078,2,SESS_804995,2026-03-02 21:00:00,facebookads,paidsocial,Campaign_Promo_Summer,/promo-deals/page_2,Desktop,359
TP_000314,CUST_0078,7,SESS_804995,2026-02-24 21:00:00,affiliatenetwork,referral,Campaign_Promo_Winter,/promo-deals/page_9,Mobile,592
TP_000315,CUST_0078,5,SESS_723294,2026-03-17 09:00:00,organicsearch,seo,Campaign_Promo_Retarget,/promo-deals/page_4,Mobile,87
TP_000316,CUST_0078,4,SESS_723294,2026-03-26 11:00:00,directtraffic,direct,Campaign_Promo_Retarget,/promo-deals/page_9,Mobile,99
TP_000317,CUST_0078,7,SESS_723294,2026-03-19 05:00:00,affiliatenetwork,referral,Campaign_Promo_Brand,/promo-deals/page_8,Mobile,70
TP_000318,CUST_0078,7,SESS_723294,2026-03-17 19:00:00,affiliatenetwork,referral,Campaign_Promo_Winter,/promo-deals/page_9,Mobile,363
TP_000319,CUST_0079,4,SESS_983261,2026-04-02 08:00:00,directtraffic,direct,Campaign_Promo_Brand,/promo-deals/page_4,Mobile,344
TP_000320,CUST_0083,2,SESS_488992,2026-02-18 14:00:00,facebookads,paidsocial,Campaign_Promo_Winter,/promo-deals/page_2,Mobile,334
TP_000321,CUST_0083,3,SESS_488992,2026-02-27 06:00:00,newsletter,email,Campaign_Promo_Brand,/promo-deals/page_4,Mobile,581
TP_000322,CUST_0083,2,SESS_488992,2026-03-03 11:00:00,facebookads,paidsocial,Campaign_Promo_Retarget,/promo-deals/page_5,Tablet,417
TP_000323,CUST_0083,4,SESS_488992,2026-03-02 04:00:00,directtraffic,direct,Campaign_Promo_Summer,/promo-deals/page_8,Mobile,244
TP_000324,CUST_0083,6,SESS_488992,2026-02-26 11:00:00,linkedinads,paidsocial,Campaign_Promo_Winter,/promo-deals/page_4,Desktop,213
TP_000325,CUST_0085,4,SESS_553278,2026-02-26 10:00:00,directtraffic,direct,Campaign_Promo_Brand,/promo-deals/page_1,Mobile,399
TP_000326,CUST_0086,6,SESS_423860,2026-03-01 21:00:00,linkedinads,paidsocial,Campaign_Promo_Brand,/promo-deals/page_3,Mobile,516
TP_000327,CUST_0086,1,SESS_423860,2026-03-11 07:00:00,googleads,paidsearch,Campaign_Promo_Brand,/promo-deals/page_10,Desktop,508
TP_000328,CUST_0086,6,SESS_423860,2026-03-10 21:00:00,linkedinads,paidsocial,Campaign_Promo_Summer,/promo-deals/page_2,Desktop,430
TP_000329,CUST_0086,7,SESS_423860,2026-03-08 07:00:00,affiliatenetwork,referral,Campaign_Promo_Winter,/promo-deals/page_1,Mobile,190
TP_000330,CUST_0087,4,SESS_893403,2026-02-23 10:00:00,directtraffic,direct,Campaign_Promo_Summer,/promo-deals/page_10,Mobile,196
TP_000331,CUST_0087,6,SESS_893403,2026-02-26 20:00:00,linkedinads,paidsocial,Campaign_Promo_Winter,/promo-deals/page_4,Mobile,490
TP_000332,CUST_0087,2,SESS_893403,2026-02-23 19:00:00,facebookads,paidsocial,Campaign_Promo_Retarget,/promo-deals/page_7,Tablet,560
TP_000333,CUST_0087,7,SESS_893403,2026-02-18 05:00:00,affiliatenetwork,referral,Campaign_Promo_Brand,/promo-deals/page_8,Mobile,483
TP_000334,CUST_0087,3,SESS_893403,2026-02-24 20:00:00,newsletter,email,Campaign_Promo_Winter,/promo-deals/page_2,Desktop,423
TP_000335,CUST_0087,6,SESS_585670,2026-03-14 05:00:00,linkedinads,paidsocial,Campaign_Promo_Winter,/promo-deals/page_5,Mobile,475
TP_000336,CUST_0087,3,SESS_585670,2026-03-15 03:00:00,newsletter,email,Campaign_Promo_Winter,/promo-deals/page_5,Mobile,46
TP_000337,CUST_0087,2,SESS_585670,2026-03-09 18:00:00,facebookads,paidsocial,Campaign_Promo_Brand,/promo-deals/page_1,Desktop,78
TP_000338,CUST_0088,1,SESS_939868,2026-03-02 12:00:00,googleads,paidsearch,Campaign_Promo_Summer,/promo-deals/page_6,Mobile,320
TP_000339,CUST_0088,5,SESS_939868,2026-03-03 16:00:00,organicsearch,seo,Campaign_Promo_Brand,/promo-deals/page_10,Mobile,109
TP_000340,CUST_0088,2,SESS_939868,2026-02-22 06:00:00,facebookads,paidsocial,Campaign_Promo_Summer,/promo-deals/page_8,Mobile,421
TP_000341,CUST_0088,6,SESS_340304,2026-04-03 02:00:00,linkedinads,paidsocial,Campaign_Promo_Summer,/promo-deals/page_3,Mobile,249
TP_000342,CUST_0088,2,SESS_340304,2026-03-21 11:00:00,facebookads,paidsocial,Campaign_Promo_Brand,/promo-deals/page_1,Mobile,503
TP_000343,CUST_0088,5,SESS_340304,2026-03-22 21:00:00,organicsearch,seo,Campaign_Promo_Winter,/promo-deals/page_1,Mobile,421
TP_000344,CUST_0088,5,SESS_340304,2026-04-01 02:00:00,organicsearch,seo,Campaign_Promo_Retarget,/promo-deals/page_5,Mobile,411
TP_000345,CUST_0088,6,SESS_340304,2026-03-24 20:00:00,linkedinads,paidsocial,Campaign_Promo_Summer,/promo-deals/page_9,Desktop,121
TP_000346,CUST_0089,1,SESS_263311,2026-01-17 18:00:00,googleads,paidsearch,Campaign_Promo_Winter,/promo-deals/page_6,Desktop,291
TP_000347,CUST_0089,7,SESS_263311,2026-01-15 15:00:00,affiliatenetwork,referral,Campaign_Promo_Brand,/promo-deals/page_6,Mobile,365
TP_000348,CUST_0089,2,SESS_111362,2026-02-09 03:00:00,facebookads,paidsocial,Campaign_Promo_Summer,/promo-deals/page_8,Mobile,519
TP_000349,CUST_0090,4,SESS_745800,2026-01-22 07:00:00,directtraffic,direct,Campaign_Promo_Summer,/promo-deals/page_7,Mobile,323
TP_000350,CUST_0090,5,SESS_745800,2026-01-12 16:00:00,organicsearch,seo,Campaign_Promo_Brand,/promo-deals/page_10,Desktop,514
TP_000351,CUST_0090,3,SESS_745800,2026-01-22 22:00:00,newsletter,email,Campaign_Promo_Retarget,/promo-deals/page_1,Tablet,245
TP_000352,CUST_0090,7,SESS_745800,2026-01-22 19:00:00,affiliatenetwork,referral,Campaign_Promo_Winter,/promo-deals/page_7,Mobile,460
TP_000353,CUST_0090,5,SESS_745800,2026-01-24 23:00:00,organicsearch,seo,Campaign_Promo_Summer,/promo-deals/page_7,Desktop,338
TP_000354,CUST_0090,3,SESS_273280,2026-02-15 15:00:00,newsletter,email,Campaign_Promo_Brand,/promo-deals/page_9,Mobile,576
TP_000355,CUST_0090,4,SESS_273280,2026-02-12 03:00:00,directtraffic,direct,Campaign_Promo_Winter,/promo-deals/page_10,Desktop,541
TP_000356,CUST_0090,7,SESS_273280,2026-02-17 14:00:00,affiliatenetwork,referral,Campaign_Promo_Retarget,/promo-deals/page_8,Mobile,458
TP_000357,CUST_0091,2,SESS_481825,2026-02-26 05:00:00,facebookads,paidsocial,Campaign_Promo_Retarget,/promo-deals/page_6,Desktop,526
TP_000358,CUST_0091,7,SESS_481825,2026-02-28 10:00:00,affiliatenetwork,referral,Campaign_Promo_Brand,/promo-deals/page_1,Desktop,420
TP_000359,CUST_0091,4,SESS_481825,2026-02-20 20:00:00,directtraffic,direct,Campaign_Promo_Summer,/promo-deals/page_7,Mobile,348
TP_000360,CUST_0093,5,SESS_131889,2026-02-11 14:00:00,organicsearch,seo,Campaign_Promo_Retarget,/promo-deals/page_7,Mobile,333
TP_000361,CUST_0093,3,SESS_131889,2026-02-13 00:00:00,newsletter,email,Campaign_Promo_Winter,/promo-deals/page_8,Desktop,218
TP_000362,CUST_0093,1,SESS_131889,2026-02-06 03:00:00,googleads,paidsearch,Campaign_Promo_Summer,/promo-deals/page_7,Mobile,192
TP_000363,CUST_0093,4,SESS_131889,2026-02-05 08:00:00,directtraffic,direct,Campaign_Promo_Summer,/promo-deals/page_4,Desktop,94
TP_000364,CUST_0093,1,SESS_131889,2026-02-07 11:00:00,googleads,paidsearch,Campaign_Promo_Summer,/promo-deals/page_2,Mobile,101
TP_000365,CUST_0094,1,SESS_513830,2026-03-23 08:00:00,googleads,paidsearch,Campaign_Promo_Summer,/promo-deals/page_5,Mobile,83
TP_000366,CUST_0094,7,SESS_366216,2026-04-27 02:00:00,affiliatenetwork,referral,Campaign_Promo_Winter,/promo-deals/page_4,Mobile,579
TP_000367,CUST_0094,7,SESS_366216,2026-04-23 09:00:00,affiliatenetwork,referral,Campaign_Promo_Retarget,/promo-deals/page_6,Mobile,38
TP_000368,CUST_0094,3,SESS_511743,2026-05-21 12:00:00,newsletter,email,Campaign_Promo_Brand,/promo-deals/page_6,Desktop,444
TP_000369,CUST_0094,3,SESS_511743,2026-05-22 11:00:00,newsletter,email,Campaign_Promo_Winter,/promo-deals/page_7,Mobile,280
TP_000370,CUST_0094,3,SESS_511743,2026-05-11 23:00:00,newsletter,email,Campaign_Promo_Retarget,/promo-deals/page_10,Mobile,158
TP_000371,CUST_0094,4,SESS_511743,2026-05-15 14:00:00,directtraffic,direct,Campaign_Promo_Summer,/promo-deals/page_3,Mobile,567
TP_000372,CUST_0096,5,SESS_391501,2026-03-04 09:00:00,organicsearch,seo,Campaign_Promo_Brand,/promo-deals/page_9,Mobile,332
TP_000373,CUST_0096,5,SESS_391501,2026-03-12 00:00:00,organicsearch,seo,Campaign_Promo_Summer,/promo-deals/page_9,Mobile,242
TP_000374,CUST_0096,5,SESS_391501,2026-02-27 17:00:00,organicsearch,seo,Campaign_Promo_Retarget,/promo-deals/page_6,Desktop,280
TP_000375,CUST_0096,5,SESS_391501,2026-03-03 08:00:00,organicsearch,seo,Campaign_Promo_Brand,/promo-deals/page_6,Mobile,464
TP_000376,CUST_0096,2,SESS_391501,2026-03-04 13:00:00,facebookads,paidsocial,Campaign_Promo_Winter,/promo-deals/page_4,Mobile,73
TP_000377,CUST_0097,6,SESS_350870,2026-02-23 22:00:00,linkedinads,paidsocial,Campaign_Promo_Brand,/promo-deals/page_5,Desktop,52
TP_000378,CUST_0097,2,SESS_350870,2026-02-16 06:00:00,facebookads,paidsocial,Campaign_Promo_Brand,/promo-deals/page_5,Desktop,321
TP_000379,CUST_0097,7,SESS_350870,2026-02-18 18:00:00,affiliatenetwork,referral,Campaign_Promo_Retarget,/promo-deals/page_7,Mobile,583
TP_000380,CUST_0097,4,SESS_350870,2026-02-19 03:00:00,directtraffic,direct,Campaign_Promo_Retarget,/promo-deals/page_5,Mobile,331
TP_000381,CUST_0097,7,SESS_793527,2026-02-24 05:00:00,affiliatenetwork,referral,Campaign_Promo_Brand,/promo-deals/page_6,Desktop,33
TP_000382,CUST_0097,4,SESS_793527,2026-02-27 15:00:00,directtraffic,direct,Campaign_Promo_Retarget,/promo-deals/page_6,Desktop,46
TP_000383,CUST_0097,7,SESS_793527,2026-03-07 16:00:00,affiliatenetwork,referral,Campaign_Promo_Retarget,/promo-deals/page_2,Mobile,52
TP_000384,CUST_0097,3,SESS_793527,2026-03-04 08:00:00,newsletter,email,Campaign_Promo_Summer,/promo-deals/page_4,Mobile,155
TP_000385,CUST_0097,7,SESS_793527,2026-03-05 13:00:00,affiliatenetwork,referral,Campaign_Promo_Retarget,/promo-deals/page_4,Mobile,486
TP_000386,CUST_0098,3,SESS_855114,2026-04-04 01:00:00,newsletter,email,Campaign_Promo_Brand,/promo-deals/page_8,Desktop,125
TP_000387,CUST_0098,3,SESS_855114,2026-04-09 10:00:00,newsletter,email,Campaign_Promo_Retarget,/promo-deals/page_8,Mobile,285
TP_000388,CUST_0098,3,SESS_855114,2026-04-12 21:00:00,newsletter,email,Campaign_Promo_Brand,/promo-deals/page_2,Desktop,558
TP_000389,CUST_0098,2,SESS_855114,2026-03-30 20:00:00,facebookads,paidsocial,Campaign_Promo_Winter,/promo-deals/page_8,Mobile,370
TP_000390,CUST_0098,6,SESS_855114,2026-04-09 06:00:00,linkedinads,paidsocial,Campaign_Promo_Brand,/promo-deals/page_7,Desktop,87
TP_000391,CUST_0098,5,SESS_723292,2026-05-13 08:00:00,organicsearch,seo,Campaign_Promo_Winter,/promo-deals/page_7,Desktop,390
TP_000392,CUST_0098,3,SESS_723292,2026-05-11 16:00:00,newsletter,email,Campaign_Promo_Winter,/promo-deals/page_7,Desktop,266
TP_000393,CUST_0098,2,SESS_723292,2026-05-09 10:00:00,facebookads,paidsocial,Campaign_Promo_Winter,/promo-deals/page_8,Tablet,438
TP_000394,CUST_0098,6,SESS_723292,2026-05-10 18:00:00,linkedinads,paidsocial,Campaign_Promo_Retarget,/promo-deals/page_10,Mobile,51
TP_000395,CUST_0098,2,SESS_723292,2026-05-16 11:00:00,facebookads,paidsocial,Campaign_Promo_Retarget,/promo-deals/page_7,Mobile,201
TP_000396,CUST_0100,2,SESS_861936,2026-02-03 14:00:00,facebookads,paidsocial,Campaign_Promo_Winter,/promo-deals/page_1,Mobile,103
TP_000397,CUST_0101,2,SESS_457152,2026-01-21 01:00:00,facebookads,paidsocial,Campaign_Promo_Summer,/promo-deals/page_1,Tablet,16
TP_000398,CUST_0102,6,SESS_717243,2026-02-09 15:00:00,linkedinads,paidsocial,Campaign_Promo_Brand,/promo-deals/page_9,Mobile,350
TP_000399,CUST_0102,6,SESS_717243,2026-01-31 00:00:00,linkedinads,paidsocial,Campaign_Promo_Brand,/promo-deals/page_4,Desktop,464
TP_000400,CUST_0102,7,SESS_861332,2026-02-28 07:00:00,affiliatenetwork,referral,Campaign_Promo_Winter,/promo-deals/page_2,Mobile,378
TP_000401,CUST_0102,6,SESS_861332,2026-02-20 12:00:00,linkedinads,paidsocial,Campaign_Promo_Winter,/promo-deals/page_7,Mobile,163
TP_000402,CUST_0102,6,SESS_861332,2026-02-21 15:00:00,linkedinads,paidsocial,Campaign_Promo_Retarget,/promo-deals/page_9,Tablet,91
TP_000403,CUST_0102,2,SESS_100757,2026-03-12 12:00:00,facebookads,paidsocial,Campaign_Promo_Winter,/promo-deals/page_3,Mobile,221
TP_000404,CUST_0102,1,SESS_100757,2026-03-12 21:00:00,googleads,paidsearch,Campaign_Promo_Brand,/promo-deals/page_6,Mobile,87
TP_000405,CUST_0102,3,SESS_100757,2026-03-15 17:00:00,newsletter,email,Campaign_Promo_Retarget,/promo-deals/page_2,Desktop,267
TP_000406,CUST_0102,5,SESS_100757,2026-03-11 12:00:00,organicsearch,seo,Campaign_Promo_Brand,/promo-deals/page_10,Desktop,510
TP_000407,CUST_0103,7,SESS_330540,2026-02-11 22:00:00,affiliatenetwork,referral,Campaign_Promo_Summer,/promo-deals/page_10,Desktop,403
TP_000408,CUST_0103,7,SESS_330540,2026-02-16 03:00:00,affiliatenetwork,referral,Campaign_Promo_Summer,/promo-deals/page_6,Desktop,503
TP_000409,CUST_0103,1,SESS_330540,2026-02-07 16:00:00,googleads,paidsearch,Campaign_Promo_Retarget,/promo-deals/page_8,Tablet,93
TP_000410,CUST_0103,1,SESS_597192,2026-03-08 07:00:00,googleads,paidsearch,Campaign_Promo_Summer,/promo-deals/page_10,Desktop,187
TP_000411,CUST_0103,1,SESS_597192,2026-03-04 13:00:00,googleads,paidsearch,Campaign_Promo_Winter,/promo-deals/page_4,Mobile,142
TP_000412,CUST_0104,2,SESS_155716,2026-04-27 15:00:00,facebookads,paidsocial,Campaign_Promo_Summer,/promo-deals/page_3,Mobile,160
TP_000413,CUST_0104,2,SESS_155716,2026-04-16 23:00:00,facebookads,paidsocial,Campaign_Promo_Brand,/promo-deals/page_9,Mobile,281
TP_000414,CUST_0104,1,SESS_155716,2026-04-19 09:00:00,googleads,paidsearch,Campaign_Promo_Retarget,/promo-deals/page_2,Desktop,477
TP_000415,CUST_0106,7,SESS_641842,2026-04-16 07:00:00,affiliatenetwork,referral,Campaign_Promo_Retarget,/promo-deals/page_10,Mobile,73
TP_000416,CUST_0107,5,SESS_225872,2026-03-20 09:00:00,organicsearch,seo,Campaign_Promo_Winter,/promo-deals/page_9,Mobile,440
TP_000417,CUST_0107,2,SESS_225872,2026-03-19 16:00:00,facebookads,paidsocial,Campaign_Promo_Summer,/promo-deals/page_6,Mobile,63
TP_000418,CUST_0107,5,SESS_225872,2026-03-26 16:00:00,organicsearch,seo,Campaign_Promo_Retarget,/promo-deals/page_8,Desktop,524
TP_000419,CUST_0107,5,SESS_225872,2026-03-24 03:00:00,organicsearch,seo,Campaign_Promo_Winter,/promo-deals/page_6,Desktop,129
TP_000420,CUST_0108,7,SESS_573492,2026-02-25 12:00:00,affiliatenetwork,referral,Campaign_Promo_Retarget,/promo-deals/page_8,Mobile,341
TP_000421,CUST_0108,7,SESS_573492,2026-02-20 16:00:00,affiliatenetwork,referral,Campaign_Promo_Winter,/promo-deals/page_4,Desktop,538
TP_000422,CUST_0108,3,SESS_573492,2026-02-28 08:00:00,newsletter,email,Campaign_Promo_Retarget,/promo-deals/page_7,Mobile,289
TP_000423,CUST_0108,7,SESS_573492,2026-02-27 23:00:00,affiliatenetwork,referral,Campaign_Promo_Brand,/promo-deals/page_8,Desktop,334
TP_000424,CUST_0108,4,SESS_573492,2026-02-21 07:00:00,directtraffic,direct,Campaign_Promo_Winter,/promo-deals/page_5,Mobile,378
TP_000425,CUST_0109,1,SESS_427988,2026-03-12 01:00:00,googleads,paidsearch,Campaign_Promo_Brand,/promo-deals/page_2,Mobile,34
TP_000426,CUST_0109,2,SESS_427988,2026-03-10 16:00:00,facebookads,paidsocial,Campaign_Promo_Brand,/promo-deals/page_1,Desktop,123
TP_000427,CUST_0109,7,SESS_958549,2026-03-20 21:00:00,affiliatenetwork,referral,Campaign_Promo_Winter,/promo-deals/page_5,Desktop,189
TP_000428,CUST_0109,3,SESS_958549,2026-03-23 11:00:00,newsletter,email,Campaign_Promo_Summer,/promo-deals/page_1,Mobile,58
TP_000429,CUST_0110,5,SESS_359634,2026-03-10 12:00:00,organicsearch,seo,Campaign_Promo_Retarget,/promo-deals/page_3,Mobile,347
TP_000430,CUST_0110,6,SESS_359634,2026-03-15 13:00:00,linkedinads,paidsocial,Campaign_Promo_Winter,/promo-deals/page_8,Tablet,316
TP_000431,CUST_0110,5,SESS_485903,2026-04-17 08:00:00,organicsearch,seo,Campaign_Promo_Winter,/promo-deals/page_1,Mobile,109
TP_000432,CUST_0110,7,SESS_485903,2026-04-22 01:00:00,affiliatenetwork,referral,Campaign_Promo_Brand,/promo-deals/page_5,Mobile,66
TP_000433,CUST_0110,2,SESS_485903,2026-04-21 08:00:00,facebookads,paidsocial,Campaign_Promo_Retarget,/promo-deals/page_5,Mobile,451
TP_000434,CUST_0110,2,SESS_930369,2026-05-06 12:00:00,facebookads,paidsocial,Campaign_Promo_Summer,/promo-deals/page_4,Mobile,531
TP_000435,CUST_0110,7,SESS_930369,2026-05-05 02:00:00,affiliatenetwork,referral,Campaign_Promo_Brand,/promo-deals/page_1,Mobile,296
TP_000436,CUST_0110,5,SESS_930369,2026-05-03 17:00:00,organicsearch,seo,Campaign_Promo_Brand,/promo-deals/page_10,Tablet,32
TP_000437,CUST_0111,3,SESS_740928,2026-04-23 21:00:00,newsletter,email,Campaign_Promo_Winter,/promo-deals/page_10,Mobile,500
TP_000438,CUST_0112,2,SESS_221680,2026-04-07 03:00:00,facebookads,paidsocial,Campaign_Promo_Brand,/promo-deals/page_10,Mobile,187
TP_000439,CUST_0112,2,SESS_221680,2026-04-12 20:00:00,facebookads,paidsocial,Campaign_Promo_Summer,/promo-deals/page_10,Mobile,493
TP_000440,CUST_0113,2,SESS_764801,2026-04-04 13:00:00,facebookads,paidsocial,Campaign_Promo_Brand,/promo-deals/page_4,Mobile,267
TP_000441,CUST_0113,4,SESS_764801,2026-04-08 05:00:00,directtraffic,direct,Campaign_Promo_Brand,/promo-deals/page_2,Mobile,271
TP_000442,CUST_0113,4,SESS_764801,2026-04-06 21:00:00,directtraffic,direct,Campaign_Promo_Winter,/promo-deals/page_9,Mobile,460
TP_000443,CUST_0113,5,SESS_764801,2026-04-05 23:00:00,organicsearch,seo,Campaign_Promo_Brand,/promo-deals/page_2,Mobile,28
TP_000444,CUST_0113,5,SESS_764801,2026-03-28 14:00:00,organicsearch,seo,Campaign_Promo_Summer,/promo-deals/page_1,Desktop,587
TP_000445,CUST_0114,3,SESS_446603,2026-01-08 16:00:00,newsletter,email,Campaign_Promo_Brand,/promo-deals/page_10,Mobile,403
TP_000446,CUST_0114,6,SESS_446603,2026-01-15 12:00:00,linkedinads,paidsocial,Campaign_Promo_Winter,/promo-deals/page_2,Tablet,493
TP_000447,CUST_0114,4,SESS_446603,2026-01-09 19:00:00,directtraffic,direct,Campaign_Promo_Brand,/promo-deals/page_5,Mobile,547
TP_000448,CUST_0114,5,SESS_446603,2026-01-11 00:00:00,organicsearch,seo,Campaign_Promo_Brand,/promo-deals/page_2,Desktop,432
TP_000449,CUST_0114,4,SESS_446603,2026-01-07 13:00:00,directtraffic,direct,Campaign_Promo_Brand,/promo-deals/page_2,Desktop,99
TP_000450,CUST_0114,6,SESS_368436,2026-03-16 21:00:00,linkedinads,paidsocial,Campaign_Promo_Winter,/promo-deals/page_5,Desktop,361
TP_000451,CUST_0114,1,SESS_368436,2026-03-16 16:00:00,googleads,paidsearch,Campaign_Promo_Winter,/promo-deals/page_3,Tablet,407
TP_000452,CUST_0114,2,SESS_368436,2026-03-14 21:00:00,facebookads,paidsocial,Campaign_Promo_Summer,/promo-deals/page_5,Desktop,49
TP_000453,CUST_0114,5,SESS_368436,2026-03-12 17:00:00,organicsearch,seo,Campaign_Promo_Retarget,/promo-deals/page_9,Tablet,168
TP_000454,CUST_0114,5,SESS_368436,2026-03-11 10:00:00,organicsearch,seo,Campaign_Promo_Brand,/promo-deals/page_4,Tablet,395
TP_000455,CUST_0115,2,SESS_655665,2026-02-28 16:00:00,facebookads,paidsocial,Campaign_Promo_Brand,/promo-deals/page_1,Mobile,332
TP_000456,CUST_0115,1,SESS_655665,2026-02-28 09:00:00,googleads,paidsearch,Campaign_Promo_Winter,/promo-deals/page_5,Mobile,273
TP_000457,CUST_0115,2,SESS_655665,2026-02-24 05:00:00,facebookads,paidsocial,Campaign_Promo_Summer,/promo-deals/page_7,Desktop,585
TP_000458,CUST_0115,7,SESS_655665,2026-03-06 16:00:00,affiliatenetwork,referral,Campaign_Promo_Retarget,/promo-deals/page_10,Desktop,423
TP_000459,CUST_0115,6,SESS_655665,2026-03-01 02:00:00,linkedinads,paidsocial,Campaign_Promo_Summer,/promo-deals/page_10,Mobile,21
TP_000460,CUST_0115,4,SESS_519983,2026-03-12 05:00:00,directtraffic,direct,Campaign_Promo_Summer,/promo-deals/page_10,Mobile,495
TP_000461,CUST_0115,6,SESS_519983,2026-03-17 10:00:00,linkedinads,paidsocial,Campaign_Promo_Winter,/promo-deals/page_2,Mobile,571
TP_000462,CUST_0115,1,SESS_519983,2026-03-11 12:00:00,googleads,paidsearch,Campaign_Promo_Summer,/promo-deals/page_9,Mobile,278
TP_000463,CUST_0115,2,SESS_305169,2026-03-29 11:00:00,facebookads,paidsocial,Campaign_Promo_Brand,/promo-deals/page_3,Desktop,496
TP_000464,CUST_0115,7,SESS_305169,2026-03-31 10:00:00,affiliatenetwork,referral,Campaign_Promo_Summer,/promo-deals/page_10,Mobile,377
TP_000465,CUST_0119,6,SESS_755017,2026-03-25 00:00:00,linkedinads,paidsocial,Campaign_Promo_Summer,/promo-deals/page_9,Desktop,237
TP_000466,CUST_0119,7,SESS_755017,2026-03-31 09:00:00,affiliatenetwork,referral,Campaign_Promo_Winter,/promo-deals/page_4,Mobile,333
TP_000467,CUST_0119,6,SESS_755017,2026-03-22 01:00:00,linkedinads,paidsocial,Campaign_Promo_Summer,/promo-deals/page_6,Desktop,113
TP_000468,CUST_0119,2,SESS_755017,2026-03-21 03:00:00,facebookads,paidsocial,Campaign_Promo_Brand,/promo-deals/page_6,Desktop,353
TP_000469,CUST_0120,3,SESS_242571,2026-03-12 21:00:00,newsletter,email,Campaign_Promo_Brand,/promo-deals/page_2,Mobile,379
TP_000470,CUST_0120,3,SESS_242571,2026-03-03 14:00:00,newsletter,email,Campaign_Promo_Brand,/promo-deals/page_5,Mobile,434
TP_000471,CUST_0120,6,SESS_242571,2026-03-11 03:00:00,linkedinads,paidsocial,Campaign_Promo_Winter,/promo-deals/page_2,Desktop,532
TP_000472,CUST_0120,3,SESS_242571,2026-03-07 21:00:00,newsletter,email,Campaign_Promo_Summer,/promo-deals/page_4,Desktop,147
TP_000473,CUST_0120,1,SESS_242571,2026-03-03 07:00:00,googleads,paidsearch,Campaign_Promo_Retarget,/promo-deals/page_2,Mobile,180
TP_000474,CUST_0121,2,SESS_301769,2026-04-24 20:00:00,facebookads,paidsocial,Campaign_Promo_Retarget,/promo-deals/page_1,Desktop,180
TP_000475,CUST_0121,3,SESS_751250,2026-05-08 08:00:00,newsletter,email,Campaign_Promo_Summer,/promo-deals/page_1,Mobile,517
TP_000476,CUST_0121,5,SESS_751250,2026-05-19 21:00:00,organicsearch,seo,Campaign_Promo_Retarget,/promo-deals/page_10,Mobile,408
TP_000477,CUST_0121,1,SESS_751250,2026-05-06 01:00:00,googleads,paidsearch,Campaign_Promo_Summer,/promo-deals/page_1,Mobile,332
TP_000478,CUST_0121,3,SESS_751250,2026-05-14 14:00:00,newsletter,email,Campaign_Promo_Brand,/promo-deals/page_8,Desktop,55
TP_000479,CUST_0121,7,SESS_751250,2026-05-14 08:00:00,affiliatenetwork,referral,Campaign_Promo_Retarget,/promo-deals/page_8,Mobile,205
TP_000480,CUST_0122,2,SESS_915573,2026-05-01 06:00:00,facebookads,paidsocial,Campaign_Promo_Retarget,/promo-deals/page_9,Mobile,315
TP_000481,CUST_0122,5,SESS_915573,2026-05-02 02:00:00,organicsearch,seo,Campaign_Promo_Brand,/promo-deals/page_3,Mobile,563
TP_000482,CUST_0122,7,SESS_915573,2026-04-27 08:00:00,affiliatenetwork,referral,Campaign_Promo_Summer,/promo-deals/page_10,Tablet,100
TP_000483,CUST_0122,1,SESS_763430,2026-05-17 08:00:00,googleads,paidsearch,Campaign_Promo_Brand,/promo-deals/page_4,Desktop,263
TP_000484,CUST_0122,6,SESS_763430,2026-05-05 21:00:00,linkedinads,paidsocial,Campaign_Promo_Summer,/promo-deals/page_3,Mobile,166
TP_000485,CUST_0122,4,SESS_763430,2026-05-08 15:00:00,directtraffic,direct,Campaign_Promo_Summer,/promo-deals/page_9,Desktop,513
TP_000486,CUST_0123,2,SESS_455742,2026-04-12 20:00:00,facebookads,paidsocial,Campaign_Promo_Retarget,/promo-deals/page_2,Mobile,156
TP_000487,CUST_0123,3,SESS_455742,2026-04-07 06:00:00,newsletter,email,Campaign_Promo_Winter,/promo-deals/page_3,Mobile,38
TP_000488,CUST_0123,7,SESS_455742,2026-04-08 21:00:00,affiliatenetwork,referral,Campaign_Promo_Brand,/promo-deals/page_3,Mobile,455
TP_000489,CUST_0123,7,SESS_759259,2026-04-17 16:00:00,affiliatenetwork,referral,Campaign_Promo_Summer,/promo-deals/page_7,Mobile,235
TP_000490,CUST_0123,7,SESS_759259,2026-05-01 23:00:00,affiliatenetwork,referral,Campaign_Promo_Summer,/promo-deals/page_3,Desktop,513
TP_000491,CUST_0123,1,SESS_759259,2026-04-29 21:00:00,googleads,paidsearch,Campaign_Promo_Retarget,/promo-deals/page_3,Desktop,208
TP_000492,CUST_0124,4,SESS_331507,2026-02-10 05:00:00,directtraffic,direct,Campaign_Promo_Brand,/promo-deals/page_10,Mobile,477
TP_000493,CUST_0124,3,SESS_331507,2026-02-10 08:00:00,newsletter,email,Campaign_Promo_Summer,/promo-deals/page_2,Mobile,258
TP_000494,CUST_0125,7,SESS_332643,2026-03-29 03:00:00,affiliatenetwork,referral,Campaign_Promo_Winter,/promo-deals/page_5,Desktop,71
TP_000495,CUST_0125,1,SESS_332643,2026-03-18 23:00:00,googleads,paidsearch,Campaign_Promo_Brand,/promo-deals/page_4,Mobile,561
TP_000496,CUST_0125,7,SESS_332643,2026-03-19 20:00:00,affiliatenetwork,referral,Campaign_Promo_Winter,/promo-deals/page_10,Mobile,72
TP_000497,CUST_0125,5,SESS_815616,2026-04-18 11:00:00,organicsearch,seo,Campaign_Promo_Retarget,/promo-deals/page_7,Mobile,385
TP_000498,CUST_0125,6,SESS_815616,2026-04-25 23:00:00,linkedinads,paidsocial,Campaign_Promo_Brand,/promo-deals/page_1,Mobile,287
TP_000499,CUST_0125,2,SESS_815616,2026-04-18 19:00:00,facebookads,paidsocial,Campaign_Promo_Summer,/promo-deals/page_9,Mobile,200
TP_000500,CUST_0125,4,SESS_815616,2026-04-23 18:00:00,directtraffic,direct,Campaign_Promo_Summer,/promo-deals/page_1,Mobile,145
TP_000501,CUST_0126,3,SESS_236602,2026-01-13 12:00:00,newsletter,email,Campaign_Promo_Retarget,/promo-deals/page_1,Mobile,110
TP_000502,CUST_0126,6,SESS_236602,2026-01-20 02:00:00,linkedinads,paidsocial,Campaign_Promo_Retarget,/promo-deals/page_3,Mobile,377
TP_000503,CUST_0126,4,SESS_236602,2026-01-23 04:00:00,directtraffic,direct,Campaign_Promo_Retarget,/promo-deals/page_6,Mobile,55
TP_000504,CUST_0126,1,SESS_236602,2026-01-18 19:00:00,googleads,paidsearch,Campaign_Promo_Retarget,/promo-deals/page_1,Mobile,454
TP_000505,CUST_0126,5,SESS_236602,2026-01-19 03:00:00,organicsearch,seo,Campaign_Promo_Winter,/promo-deals/page_8,Mobile,208
TP_000506,CUST_0126,7,SESS_408340,2026-02-25 04:00:00,affiliatenetwork,referral,Campaign_Promo_Brand,/promo-deals/page_6,Mobile,147
TP_000507,CUST_0126,5,SESS_408340,2026-03-01 19:00:00,organicsearch,seo,Campaign_Promo_Retarget,/promo-deals/page_8,Mobile,243
TP_000508,CUST_0126,4,SESS_408340,2026-03-06 19:00:00,directtraffic,direct,Campaign_Promo_Brand,/promo-deals/page_1,Mobile,265
TP_000509,CUST_0126,5,SESS_408340,2026-03-06 22:00:00,organicsearch,seo,Campaign_Promo_Brand,/promo-deals/page_6,Mobile,269
TP_000510,CUST_0126,4,SESS_341210,2026-04-07 03:00:00,directtraffic,direct,Campaign_Promo_Retarget,/promo-deals/page_5,Mobile,117
TP_000511,CUST_0126,4,SESS_341210,2026-03-30 01:00:00,directtraffic,direct,Campaign_Promo_Brand,/promo-deals/page_2,Mobile,98
TP_000512,CUST_0126,2,SESS_341210,2026-03-31 05:00:00,facebookads,paidsocial,Campaign_Promo_Retarget,/promo-deals/page_5,Desktop,100
TP_000513,CUST_0126,4,SESS_341210,2026-04-09 19:00:00,directtraffic,direct,Campaign_Promo_Retarget,/promo-deals/page_8,Tablet,507
TP_000514,CUST_0126,5,SESS_341210,2026-04-05 08:00:00,organicsearch,seo,Campaign_Promo_Summer,/promo-deals/page_1,Tablet,333
TP_000515,CUST_0127,3,SESS_258500,2026-04-08 20:00:00,newsletter,email,Campaign_Promo_Summer,/promo-deals/page_7,Mobile,381
TP_000516,CUST_0127,3,SESS_258500,2026-04-12 19:00:00,newsletter,email,Campaign_Promo_Brand,/promo-deals/page_2,Mobile,350
TP_000517,CUST_0127,1,SESS_258500,2026-04-03 02:00:00,googleads,paidsearch,Campaign_Promo_Summer,/promo-deals/page_5,Desktop,232
TP_000518,CUST_0128,3,SESS_966543,2026-04-28 13:00:00,newsletter,email,Campaign_Promo_Summer,/promo-deals/page_1,Mobile,148
TP_000519,CUST_0128,5,SESS_966543,2026-05-09 21:00:00,organicsearch,seo,Campaign_Promo_Retarget,/promo-deals/page_8,Mobile,280
TP_000520,CUST_0128,4,SESS_966543,2026-05-03 01:00:00,directtraffic,direct,Campaign_Promo_Retarget,/promo-deals/page_7,Tablet,158
TP_000521,CUST_0128,4,SESS_966543,2026-05-08 05:00:00,directtraffic,direct,Campaign_Promo_Retarget,/promo-deals/page_4,Desktop,370
TP_000522,CUST_0129,2,SESS_354859,2026-01-29 17:00:00,facebookads,paidsocial,Campaign_Promo_Summer,/promo-deals/page_3,Tablet,15
TP_000523,CUST_0129,6,SESS_354859,2026-02-01 10:00:00,linkedinads,paidsocial,Campaign_Promo_Winter,/promo-deals/page_5,Tablet,367
TP_000524,CUST_0129,4,SESS_469056,2026-03-12 00:00:00,directtraffic,direct,Campaign_Promo_Retarget,/promo-deals/page_6,Mobile,372
TP_000525,CUST_0129,5,SESS_469056,2026-03-07 07:00:00,organicsearch,seo,Campaign_Promo_Winter,/promo-deals/page_10,Desktop,12
TP_000526,CUST_0129,7,SESS_469056,2026-03-03 05:00:00,affiliatenetwork,referral,Campaign_Promo_Brand,/promo-deals/page_2,Desktop,291
TP_000527,CUST_0130,3,SESS_594152,2026-04-11 22:00:00,newsletter,email,Campaign_Promo_Winter,/promo-deals/page_8,Desktop,134
TP_000528,CUST_0130,2,SESS_594152,2026-04-16 14:00:00,facebookads,paidsocial,Campaign_Promo_Summer,/promo-deals/page_7,Mobile,537
TP_000529,CUST_0133,2,SESS_725519,2026-02-02 03:00:00,facebookads,paidsocial,Campaign_Promo_Brand,/promo-deals/page_8,Tablet,471
TP_000530,CUST_0133,4,SESS_725519,2026-02-13 06:00:00,directtraffic,direct,Campaign_Promo_Brand,/promo-deals/page_1,Mobile,373
TP_000531,CUST_0133,2,SESS_725519,2026-02-08 14:00:00,facebookads,paidsocial,Campaign_Promo_Summer,/promo-deals/page_3,Tablet,468
TP_000532,CUST_0133,2,SESS_725519,2026-02-16 04:00:00,facebookads,paidsocial,Campaign_Promo_Retarget,/promo-deals/page_4,Mobile,335
TP_000533,CUST_0133,5,SESS_488642,2026-02-17 06:00:00,organicsearch,seo,Campaign_Promo_Summer,/promo-deals/page_4,Desktop,568
TP_000534,CUST_0133,4,SESS_488642,2026-02-17 00:00:00,directtraffic,direct,Campaign_Promo_Winter,/promo-deals/page_2,Mobile,216
TP_000535,CUST_0133,2,SESS_488642,2026-02-11 06:00:00,facebookads,paidsocial,Campaign_Promo_Winter,/promo-deals/page_1,Mobile,539
TP_000536,CUST_0133,5,SESS_488642,2026-02-12 00:00:00,organicsearch,seo,Campaign_Promo_Summer,/promo-deals/page_1,Mobile,110
TP_000537,CUST_0133,5,SESS_488642,2026-02-18 15:00:00,organicsearch,seo,Campaign_Promo_Retarget,/promo-deals/page_2,Mobile,279
TP_000538,CUST_0133,2,SESS_494570,2026-03-11 03:00:00,facebookads,paidsocial,Campaign_Promo_Summer,/promo-deals/page_2,Mobile,49
TP_000539,CUST_0133,4,SESS_494570,2026-03-18 03:00:00,directtraffic,direct,Campaign_Promo_Summer,/promo-deals/page_4,Mobile,319
TP_000540,CUST_0134,6,SESS_885218,2026-04-04 11:00:00,linkedinads,paidsocial,Campaign_Promo_Retarget,/promo-deals/page_8,Mobile,342
TP_000541,CUST_0134,6,SESS_885218,2026-04-08 00:00:00,linkedinads,paidsocial,Campaign_Promo_Brand,/promo-deals/page_8,Mobile,327
TP_000542,CUST_0134,4,SESS_885218,2026-03-24 21:00:00,directtraffic,direct,Campaign_Promo_Winter,/promo-deals/page_9,Mobile,587
TP_000543,CUST_0135,1,SESS_215003,2026-04-01 19:00:00,googleads,paidsearch,Campaign_Promo_Brand,/promo-deals/page_3,Desktop,524
TP_000544,CUST_0135,4,SESS_215003,2026-03-22 15:00:00,directtraffic,direct,Campaign_Promo_Summer,/promo-deals/page_5,Desktop,24
TP_000545,CUST_0135,6,SESS_215003,2026-04-05 11:00:00,linkedinads,paidsocial,Campaign_Promo_Winter,/promo-deals/page_7,Desktop,337
TP_000546,CUST_0135,1,SESS_215003,2026-03-25 13:00:00,googleads,paidsearch,Campaign_Promo_Winter,/promo-deals/page_6,Mobile,14
TP_000547,CUST_0136,5,SESS_521658,2026-04-05 00:00:00,organicsearch,seo,Campaign_Promo_Winter,/promo-deals/page_5,Mobile,232
TP_000548,CUST_0136,4,SESS_521658,2026-04-03 08:00:00,directtraffic,direct,Campaign_Promo_Summer,/promo-deals/page_10,Mobile,420
TP_000549,CUST_0136,4,SESS_521658,2026-04-06 02:00:00,directtraffic,direct,Campaign_Promo_Brand,/promo-deals/page_2,Desktop,97
TP_000550,CUST_0136,3,SESS_521658,2026-04-01 01:00:00,newsletter,email,Campaign_Promo_Summer,/promo-deals/page_1,Tablet,469
TP_000551,CUST_0136,7,SESS_947346,2026-04-15 14:00:00,affiliatenetwork,referral,Campaign_Promo_Winter,/promo-deals/page_7,Mobile,81
TP_000552,CUST_0136,6,SESS_947346,2026-04-16 11:00:00,linkedinads,paidsocial,Campaign_Promo_Summer,/promo-deals/page_4,Mobile,406
TP_000553,CUST_0136,5,SESS_947346,2026-04-13 08:00:00,organicsearch,seo,Campaign_Promo_Winter,/promo-deals/page_4,Desktop,307
TP_000554,CUST_0136,3,SESS_947346,2026-04-09 17:00:00,newsletter,email,Campaign_Promo_Brand,/promo-deals/page_3,Mobile,272
TP_000555,CUST_0136,7,SESS_947346,2026-04-14 04:00:00,affiliatenetwork,referral,Campaign_Promo_Winter,/promo-deals/page_8,Mobile,366
TP_000556,CUST_0137,6,SESS_163359,2026-02-23 16:00:00,linkedinads,paidsocial,Campaign_Promo_Brand,/promo-deals/page_7,Mobile,505
TP_000557,CUST_0138,4,SESS_738414,2026-04-19 10:00:00,directtraffic,direct,Campaign_Promo_Retarget,/promo-deals/page_5,Mobile,563
TP_000558,CUST_0138,7,SESS_738414,2026-04-21 05:00:00,affiliatenetwork,referral,Campaign_Promo_Summer,/promo-deals/page_7,Desktop,306
TP_000559,CUST_0138,7,SESS_738414,2026-04-14 03:00:00,affiliatenetwork,referral,Campaign_Promo_Summer,/promo-deals/page_10,Tablet,99
TP_000560,CUST_0139,6,SESS_864415,2026-02-21 18:00:00,linkedinads,paidsocial,Campaign_Promo_Retarget,/promo-deals/page_7,Tablet,274
TP_000561,CUST_0139,1,SESS_864415,2026-03-04 07:00:00,googleads,paidsearch,Campaign_Promo_Retarget,/promo-deals/page_1,Desktop,93
TP_000562,CUST_0139,6,SESS_403414,2026-04-06 10:00:00,linkedinads,paidsocial,Campaign_Promo_Brand,/promo-deals/page_6,Desktop,159
TP_000563,CUST_0139,6,SESS_403414,2026-04-04 08:00:00,linkedinads,paidsocial,Campaign_Promo_Winter,/promo-deals/page_7,Desktop,547
TP_000564,CUST_0140,2,SESS_746173,2026-02-19 01:00:00,facebookads,paidsocial,Campaign_Promo_Summer,/promo-deals/page_8,Desktop,429
TP_000565,CUST_0140,7,SESS_746173,2026-02-26 02:00:00,affiliatenetwork,referral,Campaign_Promo_Winter,/promo-deals/page_10,Mobile,51
TP_000566,CUST_0140,5,SESS_746173,2026-02-26 06:00:00,organicsearch,seo,Campaign_Promo_Brand,/promo-deals/page_5,Mobile,223
TP_000567,CUST_0140,3,SESS_437005,2026-02-26 06:00:00,newsletter,email,Campaign_Promo_Summer,/promo-deals/page_8,Mobile,238
TP_000568,CUST_0140,4,SESS_437005,2026-03-10 23:00:00,directtraffic,direct,Campaign_Promo_Winter,/promo-deals/page_6,Tablet,536
TP_000569,CUST_0140,2,SESS_437005,2026-03-10 06:00:00,facebookads,paidsocial,Campaign_Promo_Summer,/promo-deals/page_5,Tablet,566
TP_000570,CUST_0141,3,SESS_301634,2026-03-28 06:00:00,newsletter,email,Campaign_Promo_Winter,/promo-deals/page_6,Mobile,248
TP_000571,CUST_0141,5,SESS_301634,2026-03-29 07:00:00,organicsearch,seo,Campaign_Promo_Retarget,/promo-deals/page_10,Desktop,435
TP_000572,CUST_0141,4,SESS_301634,2026-03-20 02:00:00,directtraffic,direct,Campaign_Promo_Winter,/promo-deals/page_10,Mobile,581
TP_000573,CUST_0141,2,SESS_620791,2026-04-11 22:00:00,facebookads,paidsocial,Campaign_Promo_Retarget,/promo-deals/page_9,Mobile,597
TP_000574,CUST_0141,2,SESS_620791,2026-04-07 19:00:00,facebookads,paidsocial,Campaign_Promo_Brand,/promo-deals/page_1,Mobile,273
TP_000575,CUST_0141,3,SESS_620791,2026-04-11 02:00:00,newsletter,email,Campaign_Promo_Brand,/promo-deals/page_7,Mobile,523
TP_000576,CUST_0141,7,SESS_620791,2026-04-08 02:00:00,affiliatenetwork,referral,Campaign_Promo_Summer,/promo-deals/page_7,Desktop,174
TP_000577,CUST_0141,4,SESS_620791,2026-04-11 21:00:00,directtraffic,direct,Campaign_Promo_Brand,/promo-deals/page_9,Desktop,444
TP_000578,CUST_0142,2,SESS_332191,2026-01-13 18:00:00,facebookads,paidsocial,Campaign_Promo_Summer,/promo-deals/page_9,Mobile,251
TP_000579,CUST_0142,6,SESS_332191,2026-01-19 08:00:00,linkedinads,paidsocial,Campaign_Promo_Winter,/promo-deals/page_9,Mobile,531
TP_000580,CUST_0144,1,SESS_870987,2026-02-03 12:00:00,googleads,paidsearch,Campaign_Promo_Brand,/promo-deals/page_8,Desktop,467
TP_000581,CUST_0144,5,SESS_870987,2026-01-24 04:00:00,organicsearch,seo,Campaign_Promo_Winter,/promo-deals/page_3,Mobile,43
TP_000582,CUST_0145,4,SESS_403418,2026-03-16 15:00:00,directtraffic,direct,Campaign_Promo_Brand,/promo-deals/page_8,Mobile,459
TP_000583,CUST_0146,4,SESS_976128,2026-03-02 07:00:00,directtraffic,direct,Campaign_Promo_Winter,/promo-deals/page_1,Mobile,372
TP_000584,CUST_0146,3,SESS_976128,2026-02-28 15:00:00,newsletter,email,Campaign_Promo_Winter,/promo-deals/page_4,Desktop,197
TP_000585,CUST_0146,4,SESS_976128,2026-03-03 20:00:00,directtraffic,direct,Campaign_Promo_Brand,/promo-deals/page_6,Tablet,439
TP_000586,CUST_0146,2,SESS_976128,2026-03-10 00:00:00,facebookads,paidsocial,Campaign_Promo_Winter,/promo-deals/page_2,Mobile,14
TP_000587,CUST_0146,4,SESS_933396,2026-04-13 03:00:00,directtraffic,direct,Campaign_Promo_Retarget,/promo-deals/page_6,Mobile,416
TP_000588,CUST_0146,1,SESS_933396,2026-04-03 22:00:00,googleads,paidsearch,Campaign_Promo_Summer,/promo-deals/page_4,Desktop,211
TP_000589,CUST_0146,1,SESS_436718,2026-05-20 06:00:00,googleads,paidsearch,Campaign_Promo_Brand,/promo-deals/page_1,Mobile,456
TP_000590,CUST_0146,2,SESS_436718,2026-05-21 13:00:00,facebookads,paidsocial,Campaign_Promo_Summer,/promo-deals/page_9,Tablet,130
TP_000591,CUST_0146,2,SESS_436718,2026-05-17 12:00:00,facebookads,paidsocial,Campaign_Promo_Winter,/promo-deals/page_1,Mobile,457
TP_000592,CUST_0146,1,SESS_436718,2026-05-20 00:00:00,googleads,paidsearch,Campaign_Promo_Summer,/promo-deals/page_4,Mobile,289
TP_000593,CUST_0147,1,SESS_565809,2026-01-18 20:00:00,googleads,paidsearch,Campaign_Promo_Summer,/promo-deals/page_6,Tablet,527
TP_000594,CUST_0147,2,SESS_565809,2026-01-19 07:00:00,facebookads,paidsocial,Campaign_Promo_Summer,/promo-deals/page_2,Mobile,399
TP_000595,CUST_0147,6,SESS_551424,2026-03-11 21:00:00,linkedinads,paidsocial,Campaign_Promo_Winter,/promo-deals/page_4,Desktop,240
TP_000596,CUST_0147,4,SESS_551424,2026-03-20 18:00:00,directtraffic,direct,Campaign_Promo_Summer,/promo-deals/page_6,Desktop,304
TP_000597,CUST_0147,6,SESS_551424,2026-03-18 22:00:00,linkedinads,paidsocial,Campaign_Promo_Retarget,/promo-deals/page_8,Mobile,224
TP_000598,CUST_0148,7,SESS_874851,2026-04-27 23:00:00,affiliatenetwork,referral,Campaign_Promo_Retarget,/promo-deals/page_5,Mobile,319
TP_000599,CUST_0148,1,SESS_874851,2026-04-26 04:00:00,googleads,paidsearch,Campaign_Promo_Brand,/promo-deals/page_8,Mobile,96
TP_000600,CUST_0148,5,SESS_874851,2026-05-01 13:00:00,organicsearch,seo,Campaign_Promo_Retarget,/promo-deals/page_2,Tablet,338
TP_000601,CUST_0148,1,SESS_874851,2026-04-21 16:00:00,googleads,paidsearch,Campaign_Promo_Brand,/promo-deals/page_5,Desktop,108
TP_000602,CUST_0148,6,SESS_874851,2026-04-21 07:00:00,linkedinads,paidsocial,Campaign_Promo_Retarget,/promo-deals/page_9,Desktop,319
TP_000603,CUST_0149,2,SESS_386489,2026-04-15 16:00:00,facebookads,paidsocial,Campaign_Promo_Summer,/promo-deals/page_1,Mobile,134
TP_000604,CUST_0149,2,SESS_386489,2026-04-19 04:00:00,facebookads,paidsocial,Campaign_Promo_Brand,/promo-deals/page_4,Mobile,53
TP_000605,CUST_0149,4,SESS_386489,2026-04-21 19:00:00,directtraffic,direct,Campaign_Promo_Retarget,/promo-deals/page_3,Mobile,544
TP_000606,CUST_0149,4,SESS_386489,2026-04-15 22:00:00,directtraffic,direct,Campaign_Promo_Winter,/promo-deals/page_2,Mobile,319
TP_000607,CUST_0151,3,SESS_597079,2026-03-08 06:00:00,newsletter,email,Campaign_Promo_Retarget,/promo-deals/page_9,Mobile,125
TP_000608,CUST_0151,1,SESS_597079,2026-03-05 05:00:00,googleads,paidsearch,Campaign_Promo_Winter,/promo-deals/page_1,Desktop,501
TP_000609,CUST_0151,5,SESS_597079,2026-03-10 14:00:00,organicsearch,seo,Campaign_Promo_Winter,/promo-deals/page_10,Mobile,486
TP_000610,CUST_0151,4,SESS_597079,2026-03-02 00:00:00,directtraffic,direct,Campaign_Promo_Retarget,/promo-deals/page_6,Mobile,598
TP_000611,CUST_0151,2,SESS_597079,2026-03-11 06:00:00,facebookads,paidsocial,Campaign_Promo_Brand,/promo-deals/page_7,Mobile,115
TP_000612,CUST_0155,4,SESS_150249,2026-03-11 09:00:00,directtraffic,direct,Campaign_Promo_Brand,/promo-deals/page_8,Desktop,47
TP_000613,CUST_0155,1,SESS_150249,2026-03-23 16:00:00,googleads,paidsearch,Campaign_Promo_Summer,/promo-deals/page_10,Desktop,372
TP_000614,CUST_0155,4,SESS_150249,2026-03-15 00:00:00,directtraffic,direct,Campaign_Promo_Winter,/promo-deals/page_6,Mobile,314
TP_000615,CUST_0155,4,SESS_150249,2026-03-13 06:00:00,directtraffic,direct,Campaign_Promo_Summer,/promo-deals/page_4,Desktop,432
TP_000616,CUST_0155,1,SESS_150249,2026-03-14 00:00:00,googleads,paidsearch,Campaign_Promo_Brand,/promo-deals/page_3,Desktop,27
TP_000617,CUST_0155,1,SESS_405156,2026-04-24 04:00:00,googleads,paidsearch,Campaign_Promo_Winter,/promo-deals/page_7,Mobile,524
TP_000618,CUST_0155,6,SESS_429470,2026-04-19 10:00:00,linkedinads,paidsocial,Campaign_Promo_Winter,/promo-deals/page_5,Mobile,488
TP_000619,CUST_0156,1,SESS_851009,2026-04-17 13:00:00,googleads,paidsearch,Campaign_Promo_Brand,/promo-deals/page_7,Mobile,490
TP_000620,CUST_0156,7,SESS_851009,2026-04-10 10:00:00,affiliatenetwork,referral,Campaign_Promo_Retarget,/promo-deals/page_4,Mobile,259
TP_000621,CUST_0156,4,SESS_851009,2026-04-15 17:00:00,directtraffic,direct,Campaign_Promo_Brand,/promo-deals/page_1,Mobile,266
TP_000622,CUST_0157,6,SESS_641694,2026-01-26 23:00:00,linkedinads,paidsocial,Campaign_Promo_Retarget,/promo-deals/page_6,Tablet,182
TP_000623,CUST_0157,4,SESS_641694,2026-01-21 07:00:00,directtraffic,direct,Campaign_Promo_Winter,/promo-deals/page_10,Mobile,419
TP_000624,CUST_0157,4,SESS_641694,2026-01-23 03:00:00,directtraffic,direct,Campaign_Promo_Winter,/promo-deals/page_5,Mobile,264
TP_000625,CUST_0158,5,SESS_609758,2026-01-31 03:00:00,organicsearch,seo,Campaign_Promo_Winter,/promo-deals/page_3,Mobile,85
TP_000626,CUST_0158,7,SESS_609758,2026-02-05 15:00:00,affiliatenetwork,referral,Campaign_Promo_Brand,/promo-deals/page_8,Desktop,47
TP_000627,CUST_0158,7,SESS_609758,2026-02-11 07:00:00,affiliatenetwork,referral,Campaign_Promo_Summer,/promo-deals/page_8,Mobile,206
TP_000628,CUST_0158,3,SESS_609758,2026-02-11 08:00:00,newsletter,email,Campaign_Promo_Brand,/promo-deals/page_2,Desktop,572
TP_000629,CUST_0158,6,SESS_609758,2026-02-01 03:00:00,linkedinads,paidsocial,Campaign_Promo_Brand,/promo-deals/page_6,Mobile,337
TP_000630,CUST_0159,7,SESS_178640,2026-02-10 02:00:00,affiliatenetwork,referral,Campaign_Promo_Retarget,/promo-deals/page_2,Mobile,283
TP_000631,CUST_0159,7,SESS_178640,2026-01-27 06:00:00,affiliatenetwork,referral,Campaign_Promo_Retarget,/promo-deals/page_5,Mobile,195
TP_000632,CUST_0160,3,SESS_996931,2026-01-20 11:00:00,newsletter,email,Campaign_Promo_Summer,/promo-deals/page_10,Mobile,81
TP_000633,CUST_0160,7,SESS_235114,2026-03-01 14:00:00,affiliatenetwork,referral,Campaign_Promo_Summer,/promo-deals/page_3,Desktop,308
TP_000634,CUST_0160,6,SESS_235114,2026-03-05 09:00:00,linkedinads,paidsocial,Campaign_Promo_Brand,/promo-deals/page_5,Desktop,21
TP_000635,CUST_0160,2,SESS_235114,2026-03-05 15:00:00,facebookads,paidsocial,Campaign_Promo_Summer,/promo-deals/page_1,Mobile,219
TP_000636,CUST_0160,6,SESS_405315,2026-03-15 11:00:00,linkedinads,paidsocial,Campaign_Promo_Summer,/promo-deals/page_3,Desktop,11
TP_000637,CUST_0160,1,SESS_405315,2026-03-27 16:00:00,googleads,paidsearch,Campaign_Promo_Retarget,/promo-deals/page_3,Tablet,231
TP_000638,CUST_0160,3,SESS_405315,2026-03-22 06:00:00,newsletter,email,Campaign_Promo_Winter,/promo-deals/page_2,Desktop,409
TP_000639,CUST_0162,5,SESS_676883,2026-02-01 02:00:00,organicsearch,seo,Campaign_Promo_Summer,/promo-deals/page_5,Mobile,502
TP_000640,CUST_0162,3,SESS_676883,2026-01-24 05:00:00,newsletter,email,Campaign_Promo_Retarget,/promo-deals/page_7,Mobile,404
TP_000641,CUST_0162,7,SESS_676883,2026-01-28 01:00:00,affiliatenetwork,referral,Campaign_Promo_Summer,/promo-deals/page_1,Mobile,103
TP_000642,CUST_0162,3,SESS_676883,2026-02-02 15:00:00,newsletter,email,Campaign_Promo_Winter,/promo-deals/page_6,Mobile,178
TP_000643,CUST_0162,7,SESS_283201,2026-02-08 01:00:00,affiliatenetwork,referral,Campaign_Promo_Brand,/promo-deals/page_4,Mobile,532
TP_000644,CUST_0162,7,SESS_283201,2026-02-05 21:00:00,affiliatenetwork,referral,Campaign_Promo_Summer,/promo-deals/page_2,Mobile,533
TP_000645,CUST_0163,3,SESS_586276,2026-02-13 03:00:00,newsletter,email,Campaign_Promo_Winter,/promo-deals/page_7,Desktop,224
TP_000646,CUST_0163,6,SESS_586276,2026-02-12 18:00:00,linkedinads,paidsocial,Campaign_Promo_Retarget,/promo-deals/page_3,Tablet,211
TP_000647,CUST_0163,1,SESS_586276,2026-02-17 10:00:00,googleads,paidsearch,Campaign_Promo_Retarget,/promo-deals/page_4,Desktop,172
TP_000648,CUST_0163,1,SESS_586276,2026-02-13 09:00:00,googleads,paidsearch,Campaign_Promo_Summer,/promo-deals/page_4,Desktop,213
TP_000649,CUST_0163,6,SESS_586276,2026-02-18 03:00:00,linkedinads,paidsocial,Campaign_Promo_Summer,/promo-deals/page_6,Mobile,581
TP_000650,CUST_0163,3,SESS_405304,2026-03-14 00:00:00,newsletter,email,Campaign_Promo_Summer,/promo-deals/page_1,Mobile,224
TP_000651,CUST_0164,4,SESS_369961,2026-03-14 23:00:00,directtraffic,direct,Campaign_Promo_Retarget,/promo-deals/page_2,Tablet,101
TP_000652,CUST_0164,3,SESS_369961,2026-03-17 14:00:00,newsletter,email,Campaign_Promo_Brand,/promo-deals/page_9,Mobile,301
TP_000653,CUST_0164,6,SESS_369961,2026-03-21 13:00:00,linkedinads,paidsocial,Campaign_Promo_Winter,/promo-deals/page_7,Mobile,312
TP_000654,CUST_0168,5,SESS_843454,2026-03-06 00:00:00,organicsearch,seo,Campaign_Promo_Retarget,/promo-deals/page_7,Mobile,224
TP_000655,CUST_0168,7,SESS_843454,2026-03-09 17:00:00,affiliatenetwork,referral,Campaign_Promo_Summer,/promo-deals/page_3,Mobile,258
TP_000656,CUST_0168,2,SESS_843454,2026-03-15 03:00:00,facebookads,paidsocial,Campaign_Promo_Retarget,/promo-deals/page_10,Desktop,320
TP_000657,CUST_0168,3,SESS_843454,2026-03-15 22:00:00,newsletter,email,Campaign_Promo_Summer,/promo-deals/page_2,Mobile,142
TP_000658,CUST_0168,5,SESS_843454,2026-03-14 07:00:00,organicsearch,seo,Campaign_Promo_Summer,/promo-deals/page_4,Mobile,205
TP_000659,CUST_0168,1,SESS_907152,2026-03-26 03:00:00,googleads,paidsearch,Campaign_Promo_Brand,/promo-deals/page_5,Mobile,569
TP_000660,CUST_0169,7,SESS_668420,2026-02-03 15:00:00,affiliatenetwork,referral,Campaign_Promo_Brand,/promo-deals/page_8,Mobile,307
TP_000661,CUST_0169,5,SESS_668420,2026-02-05 12:00:00,organicsearch,seo,Campaign_Promo_Retarget,/promo-deals/page_5,Mobile,386
TP_000662,CUST_0169,2,SESS_668420,2026-02-11 19:00:00,facebookads,paidsocial,Campaign_Promo_Summer,/promo-deals/page_4,Desktop,111
TP_000663,CUST_0169,6,SESS_668420,2026-02-02 08:00:00,linkedinads,paidsocial,Campaign_Promo_Summer,/promo-deals/page_3,Mobile,107
TP_000664,CUST_0169,4,SESS_668420,2026-02-11 21:00:00,directtraffic,direct,Campaign_Promo_Brand,/promo-deals/page_3,Mobile,570
TP_000665,CUST_0170,7,SESS_986390,2026-02-10 01:00:00,affiliatenetwork,referral,Campaign_Promo_Summer,/promo-deals/page_9,Tablet,294
TP_000666,CUST_0170,1,SESS_986390,2026-02-14 16:00:00,googleads,paidsearch,Campaign_Promo_Brand,/promo-deals/page_6,Mobile,133
TP_000667,CUST_0170,6,SESS_986390,2026-02-08 17:00:00,linkedinads,paidsocial,Campaign_Promo_Winter,/promo-deals/page_1,Mobile,115
TP_000668,CUST_0170,1,SESS_986390,2026-02-07 16:00:00,googleads,paidsearch,Campaign_Promo_Retarget,/promo-deals/page_5,Desktop,152
TP_000669,CUST_0170,4,SESS_986390,2026-02-16 15:00:00,directtraffic,direct,Campaign_Promo_Winter,/promo-deals/page_9,Mobile,572
TP_000670,CUST_0170,3,SESS_146199,2026-03-27 00:00:00,newsletter,email,Campaign_Promo_Retarget,/promo-deals/page_8,Mobile,162
TP_000671,CUST_0170,7,SESS_146199,2026-03-29 00:00:00,affiliatenetwork,referral,Campaign_Promo_Brand,/promo-deals/page_1,Tablet,181
TP_000672,CUST_0170,7,SESS_146199,2026-03-22 20:00:00,affiliatenetwork,referral,Campaign_Promo_Winter,/promo-deals/page_1,Tablet,281
TP_000673,CUST_0170,1,SESS_146199,2026-03-29 09:00:00,googleads,paidsearch,Campaign_Promo_Winter,/promo-deals/page_4,Desktop,356
TP_000674,CUST_0170,5,SESS_146199,2026-03-29 17:00:00,organicsearch,seo,Campaign_Promo_Retarget,/promo-deals/page_7,Desktop,594
TP_000675,CUST_0170,1,SESS_306683,2026-05-13 11:00:00,googleads,paidsearch,Campaign_Promo_Winter,/promo-deals/page_8,Mobile,537
TP_000676,CUST_0170,5,SESS_306683,2026-05-12 18:00:00,organicsearch,seo,Campaign_Promo_Winter,/promo-deals/page_9,Mobile,570
TP_000677,CUST_0170,4,SESS_306683,2026-05-19 14:00:00,directtraffic,direct,Campaign_Promo_Retarget,/promo-deals/page_5,Desktop,148
TP_000678,CUST_0170,7,SESS_306683,2026-05-12 12:00:00,affiliatenetwork,referral,Campaign_Promo_Winter,/promo-deals/page_6,Mobile,336
TP_000679,CUST_0170,3,SESS_306683,2026-05-19 07:00:00,newsletter,email,Campaign_Promo_Winter,/promo-deals/page_1,Mobile,519
TP_000680,CUST_0171,7,SESS_310461,2026-04-29 17:00:00,affiliatenetwork,referral,Campaign_Promo_Summer,/promo-deals/page_7,Tablet,53
TP_000681,CUST_0171,4,SESS_310461,2026-04-27 03:00:00,directtraffic,direct,Campaign_Promo_Retarget,/promo-deals/page_9,Mobile,368
TP_000682,CUST_0171,6,SESS_310461,2026-04-22 06:00:00,linkedinads,paidsocial,Campaign_Promo_Winter,/promo-deals/page_2,Mobile,171
TP_000683,CUST_0171,3,SESS_310461,2026-04-17 20:00:00,newsletter,email,Campaign_Promo_Retarget,/promo-deals/page_5,Mobile,138
TP_000684,CUST_0171,1,SESS_310461,2026-04-21 10:00:00,googleads,paidsearch,Campaign_Promo_Summer,/promo-deals/page_7,Desktop,343
TP_000685,CUST_0172,4,SESS_566676,2026-03-01 09:00:00,directtraffic,direct,Campaign_Promo_Summer,/promo-deals/page_7,Desktop,196
TP_000686,CUST_0172,7,SESS_566676,2026-02-26 15:00:00,affiliatenetwork,referral,Campaign_Promo_Brand,/promo-deals/page_1,Desktop,22
TP_000687,CUST_0172,5,SESS_566676,2026-03-03 03:00:00,organicsearch,seo,Campaign_Promo_Summer,/promo-deals/page_6,Mobile,490
TP_000688,CUST_0174,4,SESS_862959,2026-04-25 16:00:00,directtraffic,direct,Campaign_Promo_Brand,/promo-deals/page_2,Mobile,206
TP_000689,CUST_0174,3,SESS_862959,2026-05-09 13:00:00,newsletter,email,Campaign_Promo_Winter,/promo-deals/page_5,Mobile,501
TP_000690,CUST_0174,3,SESS_862959,2026-04-25 20:00:00,newsletter,email,Campaign_Promo_Summer,/promo-deals/page_7,Mobile,466
TP_000691,CUST_0174,1,SESS_862959,2026-05-09 05:00:00,googleads,paidsearch,Campaign_Promo_Winter,/promo-deals/page_2,Mobile,298
TP_000692,CUST_0174,6,SESS_862959,2026-05-07 08:00:00,linkedinads,paidsocial,Campaign_Promo_Brand,/promo-deals/page_3,Desktop,524
TP_000693,CUST_0176,1,SESS_298313,2026-01-26 16:00:00,googleads,paidsearch,Campaign_Promo_Brand,/promo-deals/page_2,Mobile,459
TP_000694,CUST_0176,4,SESS_298313,2026-02-01 20:00:00,directtraffic,direct,Campaign_Promo_Summer,/promo-deals/page_7,Mobile,59
TP_000695,CUST_0176,4,SESS_663607,2026-03-19 16:00:00,directtraffic,direct,Campaign_Promo_Brand,/promo-deals/page_9,Mobile,36
TP_000696,CUST_0179,1,SESS_673795,2026-03-16 21:00:00,googleads,paidsearch,Campaign_Promo_Brand,/promo-deals/page_10,Mobile,246
TP_000697,CUST_0179,6,SESS_618841,2026-05-07 13:00:00,linkedinads,paidsocial,Campaign_Promo_Brand,/promo-deals/page_4,Mobile,21
TP_000698,CUST_0179,2,SESS_618841,2026-05-05 23:00:00,facebookads,paidsocial,Campaign_Promo_Brand,/promo-deals/page_3,Mobile,426
TP_000699,CUST_0180,2,SESS_982039,2026-03-22 09:00:00,facebookads,paidsocial,Campaign_Promo_Retarget,/promo-deals/page_2,Mobile,455
TP_000700,CUST_0180,2,SESS_982039,2026-03-26 23:00:00,facebookads,paidsocial,Campaign_Promo_Brand,/promo-deals/page_6,Mobile,123
TP_000701,CUST_0180,1,SESS_982039,2026-03-27 05:00:00,googleads,paidsearch,Campaign_Promo_Winter,/promo-deals/page_10,Desktop,48
TP_000702,CUST_0180,3,SESS_982039,2026-03-13 07:00:00,newsletter,email,Campaign_Promo_Summer,/promo-deals/page_4,Mobile,449
TP_000703,CUST_0180,1,SESS_982039,2026-03-20 19:00:00,googleads,paidsearch,Campaign_Promo_Winter,/promo-deals/page_1,Mobile,62
TP_000704,CUST_0180,1,SESS_370876,2026-05-03 00:00:00,googleads,paidsearch,Campaign_Promo_Summer,/promo-deals/page_5,Tablet,576
TP_000705,CUST_0180,6,SESS_370876,2026-04-30 17:00:00,linkedinads,paidsocial,Campaign_Promo_Winter,/promo-deals/page_6,Desktop,20
TP_000706,CUST_0180,3,SESS_370876,2026-04-30 07:00:00,newsletter,email,Campaign_Promo_Winter,/promo-deals/page_10,Mobile,142
TP_000707,CUST_0180,3,SESS_370876,2026-04-26 07:00:00,newsletter,email,Campaign_Promo_Retarget,/promo-deals/page_6,Mobile,393
TP_000708,CUST_0180,3,SESS_370876,2026-04-24 00:00:00,newsletter,email,Campaign_Promo_Summer,/promo-deals/page_5,Mobile,337
TP_000709,CUST_0181,6,SESS_992585,2026-03-11 03:00:00,linkedinads,paidsocial,Campaign_Promo_Retarget,/promo-deals/page_9,Mobile,401
TP_000710,CUST_0181,5,SESS_992585,2026-03-06 22:00:00,organicsearch,seo,Campaign_Promo_Brand,/promo-deals/page_4,Mobile,444
TP_000711,CUST_0181,7,SESS_992585,2026-03-20 16:00:00,affiliatenetwork,referral,Campaign_Promo_Retarget,/promo-deals/page_4,Desktop,378
TP_000712,CUST_0181,2,SESS_742535,2026-04-30 07:00:00,facebookads,paidsocial,Campaign_Promo_Winter,/promo-deals/page_9,Mobile,311
TP_000713,CUST_0181,7,SESS_742535,2026-04-27 20:00:00,affiliatenetwork,referral,Campaign_Promo_Winter,/promo-deals/page_5,Mobile,379
TP_000714,CUST_0181,4,SESS_742535,2026-04-27 08:00:00,directtraffic,direct,Campaign_Promo_Winter,/promo-deals/page_9,Mobile,14
TP_000715,CUST_0181,2,SESS_742535,2026-05-05 21:00:00,facebookads,paidsocial,Campaign_Promo_Winter,/promo-deals/page_7,Mobile,568
TP_000716,CUST_0182,6,SESS_454298,2026-04-13 09:00:00,linkedinads,paidsocial,Campaign_Promo_Summer,/promo-deals/page_3,Mobile,470
TP_000717,CUST_0182,3,SESS_454298,2026-04-20 20:00:00,newsletter,email,Campaign_Promo_Summer,/promo-deals/page_1,Mobile,305
TP_000718,CUST_0183,5,SESS_295656,2026-02-20 01:00:00,organicsearch,seo,Campaign_Promo_Winter,/promo-deals/page_6,Desktop,531
TP_000719,CUST_0183,1,SESS_295656,2026-02-18 14:00:00,googleads,paidsearch,Campaign_Promo_Brand,/promo-deals/page_7,Mobile,528
TP_000720,CUST_0183,1,SESS_295656,2026-02-14 17:00:00,googleads,paidsearch,Campaign_Promo_Brand,/promo-deals/page_4,Desktop,65
TP_000721,CUST_0183,2,SESS_295656,2026-02-10 01:00:00,facebookads,paidsocial,Campaign_Promo_Summer,/promo-deals/page_2,Mobile,491
TP_000722,CUST_0183,4,SESS_295656,2026-02-16 02:00:00,directtraffic,direct,Campaign_Promo_Brand,/promo-deals/page_4,Tablet,46
TP_000723,CUST_0183,7,SESS_665963,2026-03-10 04:00:00,affiliatenetwork,referral,Campaign_Promo_Winter,/promo-deals/page_3,Mobile,205
TP_000724,CUST_0183,5,SESS_665963,2026-03-11 11:00:00,organicsearch,seo,Campaign_Promo_Retarget,/promo-deals/page_9,Mobile,485
TP_000725,CUST_0183,1,SESS_665963,2026-03-14 12:00:00,googleads,paidsearch,Campaign_Promo_Summer,/promo-deals/page_5,Mobile,324
TP_000726,CUST_0183,2,SESS_665963,2026-03-09 16:00:00,facebookads,paidsocial,Campaign_Promo_Brand,/promo-deals/page_2,Mobile,339
TP_000727,CUST_0183,5,SESS_665963,2026-03-20 15:00:00,organicsearch,seo,Campaign_Promo_Winter,/promo-deals/page_5,Desktop,36
TP_000728,CUST_0183,2,SESS_843187,2026-03-30 11:00:00,facebookads,paidsocial,Campaign_Promo_Retarget,/promo-deals/page_1,Mobile,508
TP_000729,CUST_0183,3,SESS_843187,2026-03-31 17:00:00,newsletter,email,Campaign_Promo_Retarget,/promo-deals/page_2,Desktop,23
TP_000730,CUST_0183,4,SESS_843187,2026-03-26 21:00:00,directtraffic,direct,Campaign_Promo_Winter,/promo-deals/page_10,Desktop,71
TP_000731,CUST_0183,7,SESS_843187,2026-03-30 06:00:00,affiliatenetwork,referral,Campaign_Promo_Brand,/promo-deals/page_1,Mobile,591
TP_000732,CUST_0184,6,SESS_940668,2026-01-01 22:00:00,linkedinads,paidsocial,Campaign_Promo_Retarget,/promo-deals/page_2,Tablet,285
TP_000733,CUST_0184,4,SESS_236260,2026-02-21 18:00:00,directtraffic,direct,Campaign_Promo_Winter,/promo-deals/page_2,Mobile,580
TP_000734,CUST_0184,5,SESS_236260,2026-02-11 08:00:00,organicsearch,seo,Campaign_Promo_Winter,/promo-deals/page_4,Desktop,273
TP_000735,CUST_0184,4,SESS_236260,2026-02-11 14:00:00,directtraffic,direct,Campaign_Promo_Brand,/promo-deals/page_10,Tablet,304
TP_000736,CUST_0184,5,SESS_236260,2026-02-21 20:00:00,organicsearch,seo,Campaign_Promo_Summer,/promo-deals/page_9,Desktop,96
TP_000737,CUST_0184,2,SESS_236260,2026-02-15 23:00:00,facebookads,paidsocial,Campaign_Promo_Retarget,/promo-deals/page_4,Desktop,565
TP_000738,CUST_0185,1,SESS_246352,2026-04-22 10:00:00,googleads,paidsearch,Campaign_Promo_Retarget,/promo-deals/page_8,Tablet,370
TP_000739,CUST_0185,3,SESS_246352,2026-04-10 09:00:00,newsletter,email,Campaign_Promo_Brand,/promo-deals/page_7,Desktop,270
TP_000740,CUST_0185,6,SESS_246352,2026-04-23 10:00:00,linkedinads,paidsocial,Campaign_Promo_Brand,/promo-deals/page_8,Mobile,229
TP_000741,CUST_0185,5,SESS_707609,2026-05-14 06:00:00,organicsearch,seo,Campaign_Promo_Winter,/promo-deals/page_6,Desktop,284
TP_000742,CUST_0185,5,SESS_707609,2026-05-16 17:00:00,organicsearch,seo,Campaign_Promo_Winter,/promo-deals/page_2,Mobile,149
TP_000743,CUST_0185,5,SESS_707609,2026-05-12 04:00:00,organicsearch,seo,Campaign_Promo_Brand,/promo-deals/page_8,Mobile,232
TP_000744,CUST_0185,7,SESS_707609,2026-05-14 09:00:00,affiliatenetwork,referral,Campaign_Promo_Brand,/promo-deals/page_7,Desktop,343
TP_000745,CUST_0186,3,SESS_817505,2026-01-28 02:00:00,newsletter,email,Campaign_Promo_Summer,/promo-deals/page_8,Mobile,42
TP_000746,CUST_0186,7,SESS_817505,2026-01-17 22:00:00,affiliatenetwork,referral,Campaign_Promo_Brand,/promo-deals/page_9,Desktop,424
TP_000747,CUST_0186,2,SESS_817505,2026-01-17 14:00:00,facebookads,paidsocial,Campaign_Promo_Winter,/promo-deals/page_1,Desktop,131
TP_000748,CUST_0186,3,SESS_813144,2026-01-28 17:00:00,newsletter,email,Campaign_Promo_Summer,/promo-deals/page_7,Mobile,503
TP_000749,CUST_0186,3,SESS_813144,2026-02-03 08:00:00,newsletter,email,Campaign_Promo_Brand,/promo-deals/page_9,Desktop,241
TP_000750,CUST_0186,4,SESS_813144,2026-01-28 14:00:00,directtraffic,direct,Campaign_Promo_Winter,/promo-deals/page_10,Mobile,309
TP_000751,CUST_0190,7,SESS_423986,2026-02-04 23:00:00,affiliatenetwork,referral,Campaign_Promo_Winter,/promo-deals/page_7,Desktop,358
TP_000752,CUST_0190,3,SESS_423986,2026-02-04 19:00:00,newsletter,email,Campaign_Promo_Brand,/promo-deals/page_10,Mobile,475
TP_000753,CUST_0190,6,SESS_423986,2026-02-03 22:00:00,linkedinads,paidsocial,Campaign_Promo_Retarget,/promo-deals/page_3,Tablet,307
TP_000754,CUST_0190,3,SESS_423986,2026-02-10 16:00:00,newsletter,email,Campaign_Promo_Summer,/promo-deals/page_5,Tablet,22
TP_000755,CUST_0191,5,SESS_299358,2026-04-06 08:00:00,organicsearch,seo,Campaign_Promo_Retarget,/promo-deals/page_7,Mobile,218
TP_000756,CUST_0191,3,SESS_299358,2026-04-03 08:00:00,newsletter,email,Campaign_Promo_Summer,/promo-deals/page_8,Mobile,565
TP_000757,CUST_0191,1,SESS_299358,2026-04-04 13:00:00,googleads,paidsearch,Campaign_Promo_Retarget,/promo-deals/page_7,Mobile,227
TP_000758,CUST_0191,7,SESS_299358,2026-04-10 19:00:00,affiliatenetwork,referral,Campaign_Promo_Summer,/promo-deals/page_6,Mobile,35
TP_000759,CUST_0191,5,SESS_299358,2026-04-09 12:00:00,organicsearch,seo,Campaign_Promo_Brand,/promo-deals/page_5,Tablet,548
TP_000760,CUST_0192,1,SESS_126662,2026-01-07 00:00:00,googleads,paidsearch,Campaign_Promo_Brand,/promo-deals/page_6,Mobile,418
TP_000761,CUST_0192,7,SESS_126662,2026-01-07 06:00:00,affiliatenetwork,referral,Campaign_Promo_Summer,/promo-deals/page_8,Mobile,103
TP_000762,CUST_0192,2,SESS_641678,2026-03-03 03:00:00,facebookads,paidsocial,Campaign_Promo_Summer,/promo-deals/page_4,Mobile,381
TP_000763,CUST_0192,1,SESS_641678,2026-03-17 16:00:00,googleads,paidsearch,Campaign_Promo_Brand,/promo-deals/page_7,Mobile,138
TP_000764,CUST_0192,3,SESS_641678,2026-03-05 07:00:00,newsletter,email,Campaign_Promo_Retarget,/promo-deals/page_7,Mobile,144
TP_000765,CUST_0192,1,SESS_154102,2026-04-08 11:00:00,googleads,paidsearch,Campaign_Promo_Brand,/promo-deals/page_8,Mobile,114
TP_000766,CUST_0194,1,SESS_826713,2026-01-26 07:00:00,googleads,paidsearch,Campaign_Promo_Summer,/promo-deals/page_7,Mobile,420
TP_000767,CUST_0194,7,SESS_826713,2026-01-24 05:00:00,affiliatenetwork,referral,Campaign_Promo_Brand,/promo-deals/page_5,Tablet,528
TP_000768,CUST_0194,3,SESS_924478,2026-03-24 22:00:00,newsletter,email,Campaign_Promo_Brand,/promo-deals/page_5,Desktop,71
TP_000769,CUST_0194,5,SESS_924478,2026-03-28 23:00:00,organicsearch,seo,Campaign_Promo_Winter,/promo-deals/page_9,Mobile,420
TP_000770,CUST_0196,1,SESS_886955,2026-02-15 18:00:00,googleads,paidsearch,Campaign_Promo_Brand,/promo-deals/page_3,Desktop,455
TP_000771,CUST_0196,6,SESS_886955,2026-02-16 22:00:00,linkedinads,paidsocial,Campaign_Promo_Summer,/promo-deals/page_7,Mobile,594
TP_000772,CUST_0196,6,SESS_886955,2026-02-08 23:00:00,linkedinads,paidsocial,Campaign_Promo_Winter,/promo-deals/page_9,Mobile,448
TP_000773,CUST_0196,5,SESS_886955,2026-02-09 04:00:00,organicsearch,seo,Campaign_Promo_Winter,/promo-deals/page_6,Mobile,522
TP_000774,CUST_0196,2,SESS_886955,2026-02-05 22:00:00,facebookads,paidsocial,Campaign_Promo_Brand,/promo-deals/page_3,Desktop,134
TP_000775,CUST_0196,6,SESS_604300,2026-02-18 02:00:00,linkedinads,paidsocial,Campaign_Promo_Winter,/promo-deals/page_10,Tablet,43
TP_000776,CUST_0196,3,SESS_604300,2026-02-27 18:00:00,newsletter,email,Campaign_Promo_Retarget,/promo-deals/page_6,Desktop,45
TP_000777,CUST_0197,1,SESS_151050,2026-03-19 13:00:00,googleads,paidsearch,Campaign_Promo_Retarget,/promo-deals/page_7,Mobile,549
TP_000778,CUST_0198,2,SESS_101554,2026-03-09 06:00:00,facebookads,paidsocial,Campaign_Promo_Brand,/promo-deals/page_3,Desktop,103
TP_000779,CUST_0198,2,SESS_101554,2026-03-16 12:00:00,facebookads,paidsocial,Campaign_Promo_Winter,/promo-deals/page_1,Mobile,282
TP_000780,CUST_0198,6,SESS_101554,2026-03-09 13:00:00,linkedinads,paidsocial,Campaign_Promo_Winter,/promo-deals/page_2,Mobile,268
TP_000781,CUST_0199,2,SESS_966266,2026-05-05 03:00:00,facebookads,paidsocial,Campaign_Promo_Brand,/promo-deals/page_9,Tablet,511
TP_000782,CUST_0199,2,SESS_966266,2026-05-03 21:00:00,facebookads,paidsocial,Campaign_Promo_Winter,/promo-deals/page_10,Mobile,317
TP_000783,CUST_0199,5,SESS_966266,2026-05-08 09:00:00,organicsearch,seo,Campaign_Promo_Brand,/promo-deals/page_10,Mobile,222
TP_000784,CUST_0199,5,SESS_966266,2026-05-08 05:00:00,organicsearch,seo,Campaign_Promo_Retarget,/promo-deals/page_2,Mobile,233
TP_000785,CUST_0199,6,SESS_966266,2026-05-05 04:00:00,linkedinads,paidsocial,Campaign_Promo_Brand,/promo-deals/page_8,Desktop,510
TP_000786,CUST_0199,2,SESS_460552,2026-04-23 20:00:00,facebookads,paidsocial,Campaign_Promo_Summer,/promo-deals/page_8,Mobile,487
TP_000787,CUST_0199,5,SESS_460552,2026-04-20 18:00:00,organicsearch,seo,Campaign_Promo_Winter,/promo-deals/page_4,Mobile,82
TP_000788,CUST_0199,3,SESS_460552,2026-04-21 06:00:00,newsletter,email,Campaign_Promo_Retarget,/promo-deals/page_8,Mobile,68
TP_000789,CUST_0200,6,SESS_710846,2026-01-25 23:00:00,linkedinads,paidsocial,Campaign_Promo_Retarget,/promo-deals/page_6,Desktop,112
TP_000790,CUST_0200,6,SESS_710846,2026-01-21 07:00:00,linkedinads,paidsocial,Campaign_Promo_Summer,/promo-deals/page_8,Tablet,203
TP_000791,CUST_0200,6,SESS_710846,2026-01-27 11:00:00,linkedinads,paidsocial,Campaign_Promo_Brand,/promo-deals/page_2,Desktop,273
TP_000792,CUST_0201,6,SESS_923763,2026-01-21 19:00:00,linkedinads,paidsocial,Campaign_Promo_Winter,/promo-deals/page_6,Mobile,161
TP_000793,CUST_0201,5,SESS_923763,2026-01-21 20:00:00,organicsearch,seo,Campaign_Promo_Brand,/promo-deals/page_1,Mobile,195
TP_000794,CUST_0201,4,SESS_923763,2026-01-16 06:00:00,directtraffic,direct,Campaign_Promo_Retarget,/promo-deals/page_1,Mobile,31
TP_000795,CUST_0201,1,SESS_923763,2026-01-15 03:00:00,googleads,paidsearch,Campaign_Promo_Brand,/promo-deals/page_8,Mobile,477
TP_000796,CUST_0201,6,SESS_923763,2026-01-17 14:00:00,linkedinads,paidsocial,Campaign_Promo_Retarget,/promo-deals/page_6,Mobile,115
TP_000797,CUST_0201,5,SESS_983381,2026-03-05 20:00:00,organicsearch,seo,Campaign_Promo_Brand,/promo-deals/page_2,Tablet,339
TP_000798,CUST_0203,7,SESS_317635,2026-03-07 07:00:00,affiliatenetwork,referral,Campaign_Promo_Retarget,/promo-deals/page_3,Mobile,235
TP_000799,CUST_0203,3,SESS_317635,2026-03-09 09:00:00,newsletter,email,Campaign_Promo_Retarget,/promo-deals/page_10,Mobile,497
TP_000800,CUST_0203,7,SESS_317635,2026-03-09 04:00:00,affiliatenetwork,referral,Campaign_Promo_Summer,/promo-deals/page_6,Desktop,80
TP_000801,CUST_0203,5,SESS_227766,2026-03-08 12:00:00,organicsearch,seo,Campaign_Promo_Brand,/promo-deals/page_8,Desktop,73
TP_000802,CUST_0203,7,SESS_227766,2026-03-14 21:00:00,affiliatenetwork,referral,Campaign_Promo_Winter,/promo-deals/page_10,Mobile,269
TP_000803,CUST_0204,2,SESS_325527,2026-03-09 21:00:00,facebookads,paidsocial,Campaign_Promo_Brand,/promo-deals/page_5,Desktop,301
TP_000804,CUST_0204,7,SESS_325527,2026-03-07 20:00:00,affiliatenetwork,referral,Campaign_Promo_Winter,/promo-deals/page_4,Mobile,322
TP_000805,CUST_0204,4,SESS_610585,2026-03-25 05:00:00,directtraffic,direct,Campaign_Promo_Retarget,/promo-deals/page_9,Mobile,389
TP_000806,CUST_0204,3,SESS_610585,2026-03-23 17:00:00,newsletter,email,Campaign_Promo_Summer,/promo-deals/page_3,Mobile,471
TP_000807,CUST_0204,1,SESS_610585,2026-03-25 15:00:00,googleads,paidsearch,Campaign_Promo_Brand,/promo-deals/page_6,Mobile,500
TP_000808,CUST_0204,5,SESS_610585,2026-03-23 00:00:00,organicsearch,seo,Campaign_Promo_Retarget,/promo-deals/page_5,Mobile,57
TP_000809,CUST_0204,5,SESS_610585,2026-03-20 21:00:00,organicsearch,seo,Campaign_Promo_Summer,/promo-deals/page_4,Mobile,80
TP_000810,CUST_0205,2,SESS_580879,2026-02-18 20:00:00,facebookads,paidsocial,Campaign_Promo_Retarget,/promo-deals/page_3,Desktop,305
TP_000811,CUST_0205,2,SESS_580879,2026-02-20 16:00:00,facebookads,paidsocial,Campaign_Promo_Winter,/promo-deals/page_10,Mobile,522
TP_000812,CUST_0205,5,SESS_580879,2026-02-25 09:00:00,organicsearch,seo,Campaign_Promo_Brand,/promo-deals/page_7,Desktop,177
TP_000813,CUST_0205,1,SESS_580879,2026-02-16 10:00:00,googleads,paidsearch,Campaign_Promo_Winter,/promo-deals/page_10,Mobile,59
TP_000814,CUST_0205,2,SESS_282121,2026-03-13 01:00:00,facebookads,paidsocial,Campaign_Promo_Retarget,/promo-deals/page_3,Mobile,291
TP_000815,CUST_0208,1,SESS_215118,2026-01-26 05:00:00,googleads,paidsearch,Campaign_Promo_Winter,/promo-deals/page_2,Mobile,490
TP_000816,CUST_0208,7,SESS_215118,2026-01-19 08:00:00,affiliatenetwork,referral,Campaign_Promo_Summer,/promo-deals/page_8,Mobile,116
TP_000817,CUST_0208,6,SESS_215118,2026-01-28 00:00:00,linkedinads,paidsocial,Campaign_Promo_Retarget,/promo-deals/page_8,Mobile,327
TP_000818,CUST_0208,3,SESS_215118,2026-01-23 13:00:00,newsletter,email,Campaign_Promo_Retarget,/promo-deals/page_7,Mobile,594
TP_000819,CUST_0209,6,SESS_213693,2026-01-31 09:00:00,linkedinads,paidsocial,Campaign_Promo_Brand,/promo-deals/page_4,Mobile,564
TP_000820,CUST_0209,5,SESS_213693,2026-02-09 12:00:00,organicsearch,seo,Campaign_Promo_Summer,/promo-deals/page_10,Mobile,52
TP_000821,CUST_0209,6,SESS_213693,2026-02-06 00:00:00,linkedinads,paidsocial,Campaign_Promo_Brand,/promo-deals/page_2,Mobile,327
TP_000822,CUST_0209,3,SESS_213693,2026-02-10 21:00:00,newsletter,email,Campaign_Promo_Retarget,/promo-deals/page_7,Mobile,290
TP_000823,CUST_0209,6,SESS_305424,2026-02-08 18:00:00,linkedinads,paidsocial,Campaign_Promo_Winter,/promo-deals/page_10,Mobile,34
TP_000824,CUST_0209,5,SESS_305424,2026-02-17 20:00:00,organicsearch,seo,Campaign_Promo_Summer,/promo-deals/page_7,Mobile,165
TP_000825,CUST_0210,1,SESS_699695,2026-02-12 00:00:00,googleads,paidsearch,Campaign_Promo_Brand,/promo-deals/page_3,Tablet,169
TP_000826,CUST_0210,6,SESS_545607,2026-04-15 14:00:00,linkedinads,paidsocial,Campaign_Promo_Brand,/promo-deals/page_3,Desktop,281
TP_000827,CUST_0210,3,SESS_545607,2026-04-15 23:00:00,newsletter,email,Campaign_Promo_Summer,/promo-deals/page_1,Mobile,260
TP_000828,CUST_0210,3,SESS_545607,2026-04-15 22:00:00,newsletter,email,Campaign_Promo_Summer,/promo-deals/page_5,Tablet,182
TP_000829,CUST_0210,1,SESS_722293,2026-04-23 15:00:00,googleads,paidsearch,Campaign_Promo_Summer,/promo-deals/page_6,Desktop,467
TP_000830,CUST_0213,1,SESS_746516,2026-03-15 23:00:00,googleads,paidsearch,Campaign_Promo_Retarget,/promo-deals/page_8,Mobile,328
TP_000831,CUST_0213,6,SESS_746516,2026-03-02 15:00:00,linkedinads,paidsocial,Campaign_Promo_Brand,/promo-deals/page_1,Mobile,385
TP_000832,CUST_0213,1,SESS_746516,2026-03-03 00:00:00,googleads,paidsearch,Campaign_Promo_Brand,/promo-deals/page_9,Desktop,212
TP_000833,CUST_0213,5,SESS_746516,2026-03-10 09:00:00,organicsearch,seo,Campaign_Promo_Summer,/promo-deals/page_6,Mobile,256
TP_000834,CUST_0214,5,SESS_734536,2026-03-27 16:00:00,organicsearch,seo,Campaign_Promo_Summer,/promo-deals/page_5,Mobile,197
TP_000835,CUST_0214,7,SESS_734536,2026-03-31 00:00:00,affiliatenetwork,referral,Campaign_Promo_Winter,/promo-deals/page_1,Mobile,554
TP_000836,CUST_0214,3,SESS_359578,2026-05-12 20:00:00,newsletter,email,Campaign_Promo_Winter,/promo-deals/page_8,Desktop,213
TP_000837,CUST_0214,2,SESS_359578,2026-05-17 19:00:00,facebookads,paidsocial,Campaign_Promo_Winter,/promo-deals/page_10,Mobile,393
TP_000838,CUST_0214,2,SESS_359578,2026-05-09 03:00:00,facebookads,paidsocial,Campaign_Promo_Summer,/promo-deals/page_6,Mobile,143
TP_000839,CUST_0214,7,SESS_359578,2026-05-14 15:00:00,affiliatenetwork,referral,Campaign_Promo_Summer,/promo-deals/page_10,Mobile,462
TP_000840,CUST_0215,5,SESS_185784,2026-03-10 05:00:00,organicsearch,seo,Campaign_Promo_Summer,/promo-deals/page_5,Desktop,231
TP_000841,CUST_0215,7,SESS_185784,2026-03-11 09:00:00,affiliatenetwork,referral,Campaign_Promo_Winter,/promo-deals/page_7,Mobile,66
TP_000842,CUST_0216,7,SESS_640994,2026-02-11 12:00:00,affiliatenetwork,referral,Campaign_Promo_Brand,/promo-deals/page_10,Mobile,206
TP_000843,CUST_0216,6,SESS_640994,2026-02-02 16:00:00,linkedinads,paidsocial,Campaign_Promo_Summer,/promo-deals/page_9,Tablet,443
TP_000844,CUST_0216,7,SESS_640994,2026-02-03 08:00:00,affiliatenetwork,referral,Campaign_Promo_Winter,/promo-deals/page_9,Mobile,378
TP_000845,CUST_0216,4,SESS_640994,2026-02-04 17:00:00,directtraffic,direct,Campaign_Promo_Retarget,/promo-deals/page_5,Mobile,468
TP_000846,CUST_0216,2,SESS_640994,2026-02-07 13:00:00,facebookads,paidsocial,Campaign_Promo_Retarget,/promo-deals/page_3,Mobile,178
TP_000847,CUST_0217,1,SESS_544093,2026-04-04 03:00:00,googleads,paidsearch,Campaign_Promo_Winter,/promo-deals/page_5,Desktop,158
TP_000848,CUST_0217,3,SESS_544093,2026-04-03 04:00:00,newsletter,email,Campaign_Promo_Winter,/promo-deals/page_8,Mobile,219
TP_000849,CUST_0217,2,SESS_544093,2026-04-03 03:00:00,facebookads,paidsocial,Campaign_Promo_Winter,/promo-deals/page_1,Mobile,190
TP_000850,CUST_0217,4,SESS_544093,2026-04-06 07:00:00,directtraffic,direct,Campaign_Promo_Winter,/promo-deals/page_2,Mobile,69
TP_000851,CUST_0217,3,SESS_544093,2026-04-03 12:00:00,newsletter,email,Campaign_Promo_Retarget,/promo-deals/page_1,Mobile,16
TP_000852,CUST_0217,3,SESS_872812,2026-04-26 17:00:00,newsletter,email,Campaign_Promo_Brand,/promo-deals/page_7,Mobile,378
TP_000853,CUST_0217,1,SESS_872812,2026-04-18 20:00:00,googleads,paidsearch,Campaign_Promo_Brand,/promo-deals/page_1,Tablet,583
TP_000854,CUST_0217,3,SESS_872812,2026-04-18 06:00:00,newsletter,email,Campaign_Promo_Summer,/promo-deals/page_6,Mobile,570
TP_000855,CUST_0217,2,SESS_292223,2026-05-09 05:00:00,facebookads,paidsocial,Campaign_Promo_Summer,/promo-deals/page_6,Mobile,557
TP_000856,CUST_0217,7,SESS_292223,2026-05-15 02:00:00,affiliatenetwork,referral,Campaign_Promo_Summer,/promo-deals/page_10,Mobile,180
TP_000857,CUST_0217,4,SESS_292223,2026-05-12 04:00:00,directtraffic,direct,Campaign_Promo_Brand,/promo-deals/page_8,Mobile,532
TP_000858,CUST_0218,4,SESS_199498,2026-03-22 12:00:00,directtraffic,direct,Campaign_Promo_Brand,/promo-deals/page_7,Mobile,262
TP_000859,CUST_0218,2,SESS_199498,2026-03-26 13:00:00,facebookads,paidsocial,Campaign_Promo_Brand,/promo-deals/page_2,Desktop,350
TP_000860,CUST_0218,6,SESS_765789,2026-04-19 10:00:00,linkedinads,paidsocial,Campaign_Promo_Winter,/promo-deals/page_9,Mobile,562
TP_000861,CUST_0218,5,SESS_765789,2026-04-12 15:00:00,organicsearch,seo,Campaign_Promo_Brand,/promo-deals/page_5,Mobile,297
TP_000862,CUST_0218,3,SESS_765789,2026-04-14 08:00:00,newsletter,email,Campaign_Promo_Summer,/promo-deals/page_6,Mobile,17
TP_000863,CUST_0218,2,SESS_765789,2026-04-16 13:00:00,facebookads,paidsocial,Campaign_Promo_Summer,/promo-deals/page_1,Mobile,164
TP_000864,CUST_0218,4,SESS_587927,2026-05-15 06:00:00,directtraffic,direct,Campaign_Promo_Brand,/promo-deals/page_5,Desktop,96
TP_000865,CUST_0218,5,SESS_587927,2026-05-15 14:00:00,organicsearch,seo,Campaign_Promo_Summer,/promo-deals/page_4,Mobile,258
TP_000866,CUST_0219,7,SESS_504130,2026-01-29 23:00:00,affiliatenetwork,referral,Campaign_Promo_Winter,/promo-deals/page_8,Mobile,376
TP_000867,CUST_0219,5,SESS_355359,2026-03-07 13:00:00,organicsearch,seo,Campaign_Promo_Retarget,/promo-deals/page_7,Tablet,52
TP_000868,CUST_0219,6,SESS_355359,2026-03-05 10:00:00,linkedinads,paidsocial,Campaign_Promo_Summer,/promo-deals/page_1,Mobile,83
TP_000869,CUST_0219,7,SESS_355359,2026-03-09 22:00:00,affiliatenetwork,referral,Campaign_Promo_Retarget,/promo-deals/page_7,Desktop,424
TP_000870,CUST_0219,4,SESS_355359,2026-03-11 23:00:00,directtraffic,direct,Campaign_Promo_Brand,/promo-deals/page_10,Tablet,446
TP_000871,CUST_0220,6,SESS_892393,2026-01-26 04:00:00,linkedinads,paidsocial,Campaign_Promo_Winter,/promo-deals/page_10,Mobile,231
TP_000872,CUST_0222,7,SESS_799208,2025-12-30 13:00:00,affiliatenetwork,referral,Campaign_Promo_Retarget,/promo-deals/page_9,Mobile,564
TP_000873,CUST_0222,7,SESS_799208,2026-01-05 00:00:00,affiliatenetwork,referral,Campaign_Promo_Retarget,/promo-deals/page_3,Mobile,189
TP_000874,CUST_0222,7,SESS_799208,2026-01-04 19:00:00,affiliatenetwork,referral,Campaign_Promo_Summer,/promo-deals/page_1,Desktop,245
TP_000875,CUST_0222,1,SESS_799208,2026-01-02 01:00:00,googleads,paidsearch,Campaign_Promo_Brand,/promo-deals/page_8,Mobile,341
TP_000876,CUST_0222,6,SESS_799208,2025-12-31 03:00:00,linkedinads,paidsocial,Campaign_Promo_Retarget,/promo-deals/page_8,Mobile,462
TP_000877,CUST_0222,1,SESS_925245,2026-02-07 06:00:00,googleads,paidsearch,Campaign_Promo_Winter,/promo-deals/page_8,Mobile,87
TP_000878,CUST_0222,2,SESS_925245,2026-02-10 12:00:00,facebookads,paidsocial,Campaign_Promo_Summer,/promo-deals/page_2,Mobile,581
TP_000879,CUST_0224,2,SESS_569788,2026-03-05 16:00:00,facebookads,paidsocial,Campaign_Promo_Summer,/promo-deals/page_1,Mobile,73
TP_000880,CUST_0224,7,SESS_569788,2026-03-01 01:00:00,affiliatenetwork,referral,Campaign_Promo_Summer,/promo-deals/page_7,Desktop,408
TP_000881,CUST_0225,6,SESS_171743,2026-02-07 11:00:00,linkedinads,paidsocial,Campaign_Promo_Brand,/promo-deals/page_1,Desktop,217
TP_000882,CUST_0225,3,SESS_171743,2026-02-13 06:00:00,newsletter,email,Campaign_Promo_Retarget,/promo-deals/page_3,Desktop,373
TP_000883,CUST_0225,7,SESS_171743,2026-02-06 05:00:00,affiliatenetwork,referral,Campaign_Promo_Winter,/promo-deals/page_7,Desktop,339
TP_000884,CUST_0225,1,SESS_171743,2026-02-06 08:00:00,googleads,paidsearch,Campaign_Promo_Brand,/promo-deals/page_9,Desktop,249
TP_000885,CUST_0225,7,SESS_171743,2026-02-04 01:00:00,affiliatenetwork,referral,Campaign_Promo_Winter,/promo-deals/page_2,Desktop,210
TP_000886,CUST_0225,3,SESS_503382,2026-03-21 19:00:00,newsletter,email,Campaign_Promo_Winter,/promo-deals/page_8,Mobile,302
TP_000887,CUST_0225,7,SESS_503382,2026-03-13 13:00:00,affiliatenetwork,referral,Campaign_Promo_Retarget,/promo-deals/page_5,Mobile,45
TP_000888,CUST_0225,3,SESS_503382,2026-03-19 19:00:00,newsletter,email,Campaign_Promo_Brand,/promo-deals/page_9,Mobile,413
TP_000889,CUST_0225,2,SESS_561278,2026-04-17 18:00:00,facebookads,paidsocial,Campaign_Promo_Summer,/promo-deals/page_4,Mobile,511
TP_000890,CUST_0225,4,SESS_561278,2026-04-17 17:00:00,directtraffic,direct,Campaign_Promo_Summer,/promo-deals/page_3,Desktop,106
TP_000891,CUST_0228,1,SESS_517957,2026-03-16 08:00:00,googleads,paidsearch,Campaign_Promo_Brand,/promo-deals/page_2,Desktop,324
TP_000892,CUST_0229,7,SESS_935786,2026-03-27 00:00:00,affiliatenetwork,referral,Campaign_Promo_Summer,/promo-deals/page_10,Mobile,464
TP_000893,CUST_0229,1,SESS_935786,2026-03-27 09:00:00,googleads,paidsearch,Campaign_Promo_Brand,/promo-deals/page_1,Mobile,317
TP_000894,CUST_0229,6,SESS_591078,2026-04-08 17:00:00,linkedinads,paidsocial,Campaign_Promo_Retarget,/promo-deals/page_10,Desktop,321
TP_000895,CUST_0229,2,SESS_591078,2026-04-08 06:00:00,facebookads,paidsocial,Campaign_Promo_Winter,/promo-deals/page_1,Desktop,103
TP_000896,CUST_0230,6,SESS_195513,2026-03-29 19:00:00,linkedinads,paidsocial,Campaign_Promo_Retarget,/promo-deals/page_5,Desktop,360
TP_000897,CUST_0230,2,SESS_195513,2026-04-11 09:00:00,facebookads,paidsocial,Campaign_Promo_Summer,/promo-deals/page_7,Mobile,31
TP_000898,CUST_0231,5,SESS_876788,2026-01-22 01:00:00,organicsearch,seo,Campaign_Promo_Summer,/promo-deals/page_6,Mobile,70
TP_000899,CUST_0231,3,SESS_876788,2026-01-21 09:00:00,newsletter,email,Campaign_Promo_Summer,/promo-deals/page_3,Desktop,552
TP_000900,CUST_0231,3,SESS_876788,2026-01-16 02:00:00,newsletter,email,Campaign_Promo_Brand,/promo-deals/page_4,Tablet,310
TP_000901,CUST_0231,3,SESS_109025,2026-03-23 20:00:00,newsletter,email,Campaign_Promo_Brand,/promo-deals/page_4,Mobile,114
TP_000902,CUST_0231,3,SESS_109025,2026-03-22 11:00:00,newsletter,email,Campaign_Promo_Winter,/promo-deals/page_6,Desktop,423
TP_000903,CUST_0232,4,SESS_467414,2026-02-26 05:00:00,directtraffic,direct,Campaign_Promo_Retarget,/promo-deals/page_3,Desktop,510
TP_000904,CUST_0232,3,SESS_467414,2026-03-02 10:00:00,newsletter,email,Campaign_Promo_Winter,/promo-deals/page_10,Mobile,317
TP_000905,CUST_0232,4,SESS_260419,2026-03-12 21:00:00,directtraffic,direct,Campaign_Promo_Brand,/promo-deals/page_6,Tablet,36
TP_000906,CUST_0232,5,SESS_260419,2026-03-20 23:00:00,organicsearch,seo,Campaign_Promo_Summer,/promo-deals/page_4,Desktop,135
TP_000907,CUST_0232,1,SESS_260419,2026-03-12 12:00:00,googleads,paidsearch,Campaign_Promo_Brand,/promo-deals/page_2,Desktop,120
TP_000908,CUST_0232,5,SESS_260419,2026-03-10 15:00:00,organicsearch,seo,Campaign_Promo_Brand,/promo-deals/page_5,Tablet,587
TP_000909,CUST_0235,2,SESS_355675,2026-03-07 03:00:00,facebookads,paidsocial,Campaign_Promo_Brand,/promo-deals/page_7,Mobile,464
TP_000910,CUST_0235,4,SESS_355675,2026-03-02 14:00:00,directtraffic,direct,Campaign_Promo_Summer,/promo-deals/page_1,Mobile,522
TP_000911,CUST_0236,4,SESS_142695,2026-01-15 02:00:00,directtraffic,direct,Campaign_Promo_Retarget,/promo-deals/page_2,Mobile,344
TP_000912,CUST_0236,6,SESS_142695,2026-01-16 13:00:00,linkedinads,paidsocial,Campaign_Promo_Summer,/promo-deals/page_4,Tablet,215
TP_000913,CUST_0236,3,SESS_142695,2026-01-04 06:00:00,newsletter,email,Campaign_Promo_Winter,/promo-deals/page_2,Mobile,544
TP_000914,CUST_0237,6,SESS_236160,2026-01-14 06:00:00,linkedinads,paidsocial,Campaign_Promo_Winter,/promo-deals/page_4,Tablet,43
TP_000915,CUST_0237,7,SESS_236160,2026-01-22 08:00:00,affiliatenetwork,referral,Campaign_Promo_Summer,/promo-deals/page_7,Desktop,282
TP_000916,CUST_0237,7,SESS_236160,2026-01-13 05:00:00,affiliatenetwork,referral,Campaign_Promo_Summer,/promo-deals/page_2,Desktop,68
TP_000917,CUST_0237,5,SESS_236160,2026-01-15 20:00:00,organicsearch,seo,Campaign_Promo_Winter,/promo-deals/page_4,Desktop,30
TP_000918,CUST_0238,7,SESS_605439,2026-02-23 11:00:00,affiliatenetwork,referral,Campaign_Promo_Winter,/promo-deals/page_4,Mobile,87
TP_000919,CUST_0238,6,SESS_605439,2026-02-22 02:00:00,linkedinads,paidsocial,Campaign_Promo_Summer,/promo-deals/page_7,Mobile,117
TP_000920,CUST_0238,3,SESS_605439,2026-02-21 06:00:00,newsletter,email,Campaign_Promo_Retarget,/promo-deals/page_1,Desktop,332
TP_000921,CUST_0239,6,SESS_110872,2026-01-28 12:00:00,linkedinads,paidsocial,Campaign_Promo_Summer,/promo-deals/page_9,Mobile,398
TP_000922,CUST_0239,6,SESS_110872,2026-01-28 13:00:00,linkedinads,paidsocial,Campaign_Promo_Winter,/promo-deals/page_6,Mobile,383
TP_000923,CUST_0239,1,SESS_110872,2026-01-25 19:00:00,googleads,paidsearch,Campaign_Promo_Retarget,/promo-deals/page_9,Tablet,335
TP_000924,CUST_0239,7,SESS_110872,2026-01-27 21:00:00,affiliatenetwork,referral,Campaign_Promo_Summer,/promo-deals/page_4,Mobile,493
TP_000925,CUST_0239,6,SESS_110872,2026-02-01 03:00:00,linkedinads,paidsocial,Campaign_Promo_Brand,/promo-deals/page_8,Desktop,44
TP_000926,CUST_0239,4,SESS_316414,2026-02-06 07:00:00,directtraffic,direct,Campaign_Promo_Brand,/promo-deals/page_6,Mobile,109
TP_000927,CUST_0240,2,SESS_256073,2026-03-04 00:00:00,facebookads,paidsocial,Campaign_Promo_Brand,/promo-deals/page_10,Mobile,467
TP_000928,CUST_0240,2,SESS_256073,2026-02-26 08:00:00,facebookads,paidsocial,Campaign_Promo_Winter,/promo-deals/page_9,Mobile,286
TP_000929,CUST_0240,4,SESS_256073,2026-03-04 23:00:00,directtraffic,direct,Campaign_Promo_Retarget,/promo-deals/page_9,Mobile,395
TP_000930,CUST_0240,2,SESS_256073,2026-03-05 14:00:00,facebookads,paidsocial,Campaign_Promo_Winter,/promo-deals/page_4,Desktop,405
TP_000931,CUST_0240,4,SESS_256073,2026-03-02 13:00:00,directtraffic,direct,Campaign_Promo_Brand,/promo-deals/page_10,Mobile,135
TP_000932,CUST_0243,5,SESS_791220,2026-03-07 09:00:00,organicsearch,seo,Campaign_Promo_Summer,/promo-deals/page_4,Desktop,537
TP_000933,CUST_0243,6,SESS_791220,2026-03-02 07:00:00,linkedinads,paidsocial,Campaign_Promo_Retarget,/promo-deals/page_7,Mobile,425
TP_000934,CUST_0245,7,SESS_731110,2026-01-24 22:00:00,affiliatenetwork,referral,Campaign_Promo_Winter,/promo-deals/page_9,Mobile,273
TP_000935,CUST_0245,3,SESS_731110,2026-01-15 14:00:00,newsletter,email,Campaign_Promo_Retarget,/promo-deals/page_10,Mobile,431
TP_000936,CUST_0245,1,SESS_731110,2026-01-15 13:00:00,googleads,paidsearch,Campaign_Promo_Winter,/promo-deals/page_3,Mobile,137
TP_000937,CUST_0245,4,SESS_731110,2026-01-17 22:00:00,directtraffic,direct,Campaign_Promo_Brand,/promo-deals/page_7,Mobile,442
TP_000938,CUST_0245,4,SESS_138536,2026-03-15 19:00:00,directtraffic,direct,Campaign_Promo_Summer,/promo-deals/page_8,Mobile,311
TP_000939,CUST_0245,7,SESS_138536,2026-03-15 03:00:00,affiliatenetwork,referral,Campaign_Promo_Summer,/promo-deals/page_5,Desktop,556
TP_000940,CUST_0245,6,SESS_138536,2026-03-13 13:00:00,linkedinads,paidsocial,Campaign_Promo_Retarget,/promo-deals/page_5,Mobile,192
TP_000941,CUST_0245,6,SESS_138536,2026-03-15 18:00:00,linkedinads,paidsocial,Campaign_Promo_Brand,/promo-deals/page_9,Desktop,381
TP_000942,CUST_0245,4,SESS_138536,2026-03-23 10:00:00,directtraffic,direct,Campaign_Promo_Retarget,/promo-deals/page_5,Mobile,100
TP_000943,CUST_0246,4,SESS_492716,2026-02-21 13:00:00,directtraffic,direct,Campaign_Promo_Retarget,/promo-deals/page_5,Desktop,469
TP_000944,CUST_0246,7,SESS_492716,2026-02-12 18:00:00,affiliatenetwork,referral,Campaign_Promo_Summer,/promo-deals/page_4,Tablet,121
TP_000945,CUST_0247,5,SESS_811113,2026-04-07 14:00:00,organicsearch,seo,Campaign_Promo_Brand,/promo-deals/page_2,Desktop,447
TP_000946,CUST_0247,3,SESS_811113,2026-04-01 17:00:00,newsletter,email,Campaign_Promo_Summer,/promo-deals/page_9,Desktop,315
TP_000947,CUST_0247,5,SESS_811113,2026-04-10 05:00:00,organicsearch,seo,Campaign_Promo_Retarget,/promo-deals/page_2,Mobile,348
TP_000948,CUST_0247,1,SESS_811113,2026-04-04 08:00:00,googleads,paidsearch,Campaign_Promo_Retarget,/promo-deals/page_8,Desktop,281
TP_000949,CUST_0247,4,SESS_629812,2026-05-02 00:00:00,directtraffic,direct,Campaign_Promo_Summer,/promo-deals/page_10,Desktop,209
TP_000950,CUST_0247,1,SESS_629812,2026-04-29 17:00:00,googleads,paidsearch,Campaign_Promo_Brand,/promo-deals/page_8,Desktop,222
TP_000951,CUST_0247,2,SESS_629812,2026-04-28 00:00:00,facebookads,paidsocial,Campaign_Promo_Brand,/promo-deals/page_4,Desktop,425
TP_000952,CUST_0248,7,SESS_460697,2026-04-04 20:00:00,affiliatenetwork,referral,Campaign_Promo_Winter,/promo-deals/page_9,Desktop,394
TP_000953,CUST_0248,2,SESS_460697,2026-04-09 15:00:00,facebookads,paidsocial,Campaign_Promo_Brand,/promo-deals/page_2,Desktop,597
TP_000954,CUST_0248,4,SESS_460697,2026-04-14 07:00:00,directtraffic,direct,Campaign_Promo_Summer,/promo-deals/page_3,Mobile,155
TP_000955,CUST_0248,7,SESS_460697,2026-04-09 07:00:00,affiliatenetwork,referral,Campaign_Promo_Retarget,/promo-deals/page_5,Mobile,40
TP_000956,CUST_0248,7,SESS_105232,2026-05-15 18:00:00,affiliatenetwork,referral,Campaign_Promo_Winter,/promo-deals/page_6,Mobile,156
TP_000957,CUST_0248,1,SESS_105232,2026-05-17 19:00:00,googleads,paidsearch,Campaign_Promo_Summer,/promo-deals/page_6,Mobile,249
TP_000958,CUST_0249,3,SESS_968100,2026-01-28 06:00:00,newsletter,email,Campaign_Promo_Winter,/promo-deals/page_4,Desktop,371
TP_000959,CUST_0249,1,SESS_968100,2026-01-20 08:00:00,googleads,paidsearch,Campaign_Promo_Summer,/promo-deals/page_3,Tablet,276
TP_000960,CUST_0249,7,SESS_968100,2026-02-04 00:00:00,affiliatenetwork,referral,Campaign_Promo_Winter,/promo-deals/page_9,Mobile,183
TP_000961,CUST_0249,1,SESS_894267,2026-02-25 20:00:00,googleads,paidsearch,Campaign_Promo_Winter,/promo-deals/page_7,Mobile,526
TP_000962,CUST_0249,3,SESS_894267,2026-02-27 16:00:00,newsletter,email,Campaign_Promo_Summer,/promo-deals/page_10,Mobile,96
TP_000963,CUST_0250,7,SESS_490463,2026-03-22 03:00:00,affiliatenetwork,referral,Campaign_Promo_Brand,/promo-deals/page_1,Desktop,153
TP_000964,CUST_0250,6,SESS_490463,2026-03-21 19:00:00,linkedinads,paidsocial,Campaign_Promo_Winter,/promo-deals/page_7,Desktop,440
TP_000965,CUST_0250,3,SESS_490463,2026-03-25 10:00:00,newsletter,email,Campaign_Promo_Winter,/promo-deals/page_9,Mobile,393
TP_000966,CUST_0250,4,SESS_490463,2026-03-20 05:00:00,directtraffic,direct,Campaign_Promo_Summer,/promo-deals/page_3,Mobile,509
TP_000967,CUST_0250,2,SESS_490463,2026-03-29 20:00:00,facebookads,paidsocial,Campaign_Promo_Winter,/promo-deals/page_2,Mobile,403
TP_000968,CUST_0250,7,SESS_566569,2026-05-02 12:00:00,affiliatenetwork,referral,Campaign_Promo_Summer,/promo-deals/page_10,Mobile,375
TP_000969,CUST_0250,7,SESS_566569,2026-04-30 05:00:00,affiliatenetwork,referral,Campaign_Promo_Summer,/promo-deals/page_7,Mobile,230
TP_000970,CUST_0250,1,SESS_566569,2026-05-08 02:00:00,googleads,paidsearch,Campaign_Promo_Retarget,/promo-deals/page_3,Desktop,422
TP_000971,CUST_0253,3,SESS_913022,2026-03-10 01:00:00,newsletter,email,Campaign_Promo_Retarget,/promo-deals/page_8,Desktop,280
TP_000972,CUST_0253,1,SESS_913022,2026-03-13 17:00:00,googleads,paidsearch,Campaign_Promo_Summer,/promo-deals/page_5,Mobile,238
TP_000973,CUST_0253,7,SESS_913022,2026-03-12 05:00:00,affiliatenetwork,referral,Campaign_Promo_Summer,/promo-deals/page_1,Mobile,243
TP_000974,CUST_0253,5,SESS_913022,2026-03-16 19:00:00,organicsearch,seo,Campaign_Promo_Summer,/promo-deals/page_9,Desktop,533
TP_000975,CUST_0253,4,SESS_913022,2026-03-10 17:00:00,directtraffic,direct,Campaign_Promo_Summer,/promo-deals/page_4,Desktop,326
TP_000976,CUST_0253,4,SESS_446114,2026-04-01 17:00:00,directtraffic,direct,Campaign_Promo_Retarget,/promo-deals/page_1,Tablet,59
TP_000977,CUST_0253,1,SESS_446114,2026-04-14 07:00:00,googleads,paidsearch,Campaign_Promo_Summer,/promo-deals/page_6,Mobile,276
TP_000978,CUST_0253,3,SESS_446114,2026-04-02 08:00:00,newsletter,email,Campaign_Promo_Summer,/promo-deals/page_7,Desktop,501
TP_000979,CUST_0254,1,SESS_225114,2026-04-30 15:00:00,googleads,paidsearch,Campaign_Promo_Brand,/promo-deals/page_7,Mobile,181
TP_000980,CUST_0254,3,SESS_225114,2026-05-03 12:00:00,newsletter,email,Campaign_Promo_Summer,/promo-deals/page_5,Mobile,61
TP_000981,CUST_0254,1,SESS_225114,2026-05-01 01:00:00,googleads,paidsearch,Campaign_Promo_Winter,/promo-deals/page_4,Desktop,173
TP_000982,CUST_0254,5,SESS_338459,2026-05-11 20:00:00,organicsearch,seo,Campaign_Promo_Brand,/promo-deals/page_4,Desktop,582
TP_000983,CUST_0254,2,SESS_338459,2026-05-10 15:00:00,facebookads,paidsocial,Campaign_Promo_Retarget,/promo-deals/page_6,Mobile,235
TP_000984,CUST_0254,6,SESS_338459,2026-05-06 21:00:00,linkedinads,paidsocial,Campaign_Promo_Winter,/promo-deals/page_6,Mobile,438
TP_000985,CUST_0254,2,SESS_338459,2026-05-05 18:00:00,facebookads,paidsocial,Campaign_Promo_Winter,/promo-deals/page_1,Desktop,407
TP_000986,CUST_0255,1,SESS_363592,2026-01-27 21:00:00,googleads,paidsearch,Campaign_Promo_Winter,/promo-deals/page_4,Mobile,470
TP_000987,CUST_0255,5,SESS_363592,2026-01-28 14:00:00,organicsearch,seo,Campaign_Promo_Summer,/promo-deals/page_5,Mobile,130
TP_000988,CUST_0255,4,SESS_363592,2026-01-25 23:00:00,directtraffic,direct,Campaign_Promo_Summer,/promo-deals/page_10,Tablet,461
TP_000989,CUST_0255,4,SESS_363592,2026-01-29 16:00:00,directtraffic,direct,Campaign_Promo_Winter,/promo-deals/page_4,Mobile,507
TP_000990,CUST_0255,5,SESS_791169,2026-03-02 07:00:00,organicsearch,seo,Campaign_Promo_Brand,/promo-deals/page_5,Desktop,571
TP_000991,CUST_0255,7,SESS_627796,2026-03-26 16:00:00,affiliatenetwork,referral,Campaign_Promo_Retarget,/promo-deals/page_8,Mobile,98
TP_000992,CUST_0255,7,SESS_627796,2026-03-27 05:00:00,affiliatenetwork,referral,Campaign_Promo_Summer,/promo-deals/page_10,Desktop,477
TP_000993,CUST_0255,3,SESS_627796,2026-03-24 06:00:00,newsletter,email,Campaign_Promo_Retarget,/promo-deals/page_8,Mobile,164
TP_000994,CUST_0255,2,SESS_627796,2026-03-24 03:00:00,facebookads,paidsocial,Campaign_Promo_Winter,/promo-deals/page_9,Desktop,204
TP_000995,CUST_0255,1,SESS_627796,2026-03-26 12:00:00,googleads,paidsearch,Campaign_Promo_Winter,/promo-deals/page_10,Mobile,238
TP_000996,CUST_0257,7,SESS_306936,2026-04-09 19:00:00,affiliatenetwork,referral,Campaign_Promo_Brand,/promo-deals/page_3,Tablet,269
TP_000997,CUST_0257,7,SESS_306936,2026-03-31 05:00:00,affiliatenetwork,referral,Campaign_Promo_Retarget,/promo-deals/page_4,Tablet,521
TP_000998,CUST_0258,4,SESS_143362,2026-03-18 23:00:00,directtraffic,direct,Campaign_Promo_Brand,/promo-deals/page_2,Mobile,73
TP_000999,CUST_0258,5,SESS_143362,2026-03-31 00:00:00,organicsearch,seo,Campaign_Promo_Winter,/promo-deals/page_1,Desktop,272
TP_001000,CUST_0258,7,SESS_143362,2026-03-20 13:00:00,affiliatenetwork,referral,Campaign_Promo_Retarget,/promo-deals/page_5,Mobile,320
TP_001001,CUST_0258,4,SESS_143362,2026-03-27 11:00:00,directtraffic,direct,Campaign_Promo_Brand,/promo-deals/page_9,Mobile,301
TP_001002,CUST_0259,3,SESS_695035,2026-03-30 12:00:00,newsletter,email,Campaign_Promo_Brand,/promo-deals/page_6,Tablet,361
TP_001003,CUST_0259,4,SESS_695035,2026-03-29 02:00:00,directtraffic,direct,Campaign_Promo_Brand,/promo-deals/page_3,Mobile,164
TP_001004,CUST_0259,7,SESS_695035,2026-03-27 10:00:00,affiliatenetwork,referral,Campaign_Promo_Summer,/promo-deals/page_8,Mobile,470
TP_001005,CUST_0259,6,SESS_137960,2026-04-18 09:00:00,linkedinads,paidsocial,Campaign_Promo_Retarget,/promo-deals/page_4,Mobile,445
TP_001006,CUST_0259,5,SESS_137960,2026-05-02 13:00:00,organicsearch,seo,Campaign_Promo_Summer,/promo-deals/page_1,Mobile,194
TP_001007,CUST_0259,5,SESS_137960,2026-04-18 08:00:00,organicsearch,seo,Campaign_Promo_Winter,/promo-deals/page_4,Desktop,52
TP_001008,CUST_0259,5,SESS_137960,2026-05-01 10:00:00,organicsearch,seo,Campaign_Promo_Brand,/promo-deals/page_10,Mobile,433
TP_001009,CUST_0259,1,SESS_137960,2026-04-18 16:00:00,googleads,paidsearch,Campaign_Promo_Summer,/promo-deals/page_8,Desktop,350
TP_001010,CUST_0261,2,SESS_194555,2026-03-31 01:00:00,facebookads,paidsocial,Campaign_Promo_Brand,/promo-deals/page_1,Mobile,142
TP_001011,CUST_0261,2,SESS_194555,2026-03-29 20:00:00,facebookads,paidsocial,Campaign_Promo_Brand,/promo-deals/page_5,Desktop,533
TP_001012,CUST_0262,3,SESS_826294,2026-01-28 04:00:00,newsletter,email,Campaign_Promo_Brand,/promo-deals/page_4,Mobile,236
TP_001013,CUST_0262,4,SESS_826294,2026-01-31 04:00:00,directtraffic,direct,Campaign_Promo_Winter,/promo-deals/page_10,Mobile,468
TP_001014,CUST_0262,3,SESS_680806,2026-03-24 10:00:00,newsletter,email,Campaign_Promo_Winter,/promo-deals/page_8,Mobile,89
TP_001015,CUST_0262,1,SESS_680806,2026-03-22 01:00:00,googleads,paidsearch,Campaign_Promo_Winter,/promo-deals/page_1,Mobile,496
TP_001016,CUST_0265,3,SESS_792612,2026-01-30 08:00:00,newsletter,email,Campaign_Promo_Brand,/promo-deals/page_7,Desktop,377
TP_001017,CUST_0265,5,SESS_792612,2026-01-29 02:00:00,organicsearch,seo,Campaign_Promo_Retarget,/promo-deals/page_1,Desktop,102
TP_001018,CUST_0266,5,SESS_899333,2026-02-27 22:00:00,organicsearch,seo,Campaign_Promo_Retarget,/promo-deals/page_2,Mobile,287
TP_001019,CUST_0267,3,SESS_382295,2026-04-15 21:00:00,newsletter,email,Campaign_Promo_Brand,/promo-deals/page_6,Desktop,398
TP_001020,CUST_0267,4,SESS_382295,2026-04-14 05:00:00,directtraffic,direct,Campaign_Promo_Retarget,/promo-deals/page_9,Mobile,189
TP_001021,CUST_0267,6,SESS_382295,2026-04-02 02:00:00,linkedinads,paidsocial,Campaign_Promo_Retarget,/promo-deals/page_5,Mobile,218
TP_001022,CUST_0267,4,SESS_382295,2026-04-08 16:00:00,directtraffic,direct,Campaign_Promo_Brand,/promo-deals/page_3,Desktop,139
TP_001023,CUST_0267,1,SESS_382295,2026-04-12 01:00:00,googleads,paidsearch,Campaign_Promo_Retarget,/promo-deals/page_4,Desktop,590
TP_001024,CUST_0268,3,SESS_409074,2026-03-24 14:00:00,newsletter,email,Campaign_Promo_Winter,/promo-deals/page_9,Mobile,21
TP_001025,CUST_0268,3,SESS_409074,2026-03-19 17:00:00,newsletter,email,Campaign_Promo_Winter,/promo-deals/page_3,Mobile,68
TP_001026,CUST_0269,7,SESS_460653,2026-03-19 11:00:00,affiliatenetwork,referral,Campaign_Promo_Winter,/promo-deals/page_3,Mobile,517
TP_001027,CUST_0269,5,SESS_460653,2026-03-16 01:00:00,organicsearch,seo,Campaign_Promo_Brand,/promo-deals/page_10,Mobile,285
TP_001028,CUST_0270,7,SESS_258166,2026-02-16 20:00:00,affiliatenetwork,referral,Campaign_Promo_Brand,/promo-deals/page_1,Mobile,412
TP_001029,CUST_0270,1,SESS_258166,2026-03-01 17:00:00,googleads,paidsearch,Campaign_Promo_Summer,/promo-deals/page_10,Mobile,50
TP_001030,CUST_0270,4,SESS_258166,2026-02-23 15:00:00,directtraffic,direct,Campaign_Promo_Winter,/promo-deals/page_4,Mobile,590
TP_001031,CUST_0272,5,SESS_641757,2026-02-23 16:00:00,organicsearch,seo,Campaign_Promo_Brand,/promo-deals/page_10,Mobile,417
TP_001032,CUST_0272,3,SESS_641757,2026-03-03 02:00:00,newsletter,email,Campaign_Promo_Retarget,/promo-deals/page_2,Mobile,306
TP_001033,CUST_0273,3,SESS_849048,2026-02-28 05:00:00,newsletter,email,Campaign_Promo_Retarget,/promo-deals/page_8,Desktop,491
TP_001034,CUST_0273,3,SESS_849048,2026-02-25 10:00:00,newsletter,email,Campaign_Promo_Brand,/promo-deals/page_8,Mobile,562
TP_001035,CUST_0273,4,SESS_849048,2026-03-11 03:00:00,directtraffic,direct,Campaign_Promo_Brand,/promo-deals/page_5,Mobile,55
TP_001036,CUST_0274,2,SESS_760134,2026-02-25 08:00:00,facebookads,paidsocial,Campaign_Promo_Winter,/promo-deals/page_5,Mobile,462
TP_001037,CUST_0274,2,SESS_487393,2026-04-12 23:00:00,facebookads,paidsocial,Campaign_Promo_Winter,/promo-deals/page_2,Mobile,333
TP_001038,CUST_0275,5,SESS_496574,2026-03-03 19:00:00,organicsearch,seo,Campaign_Promo_Retarget,/promo-deals/page_9,Mobile,301
TP_001039,CUST_0275,1,SESS_496574,2026-02-28 06:00:00,googleads,paidsearch,Campaign_Promo_Winter,/promo-deals/page_4,Mobile,219
TP_001040,CUST_0275,7,SESS_135552,2026-03-24 05:00:00,affiliatenetwork,referral,Campaign_Promo_Winter,/promo-deals/page_3,Mobile,582
TP_001041,CUST_0275,4,SESS_135552,2026-03-24 02:00:00,directtraffic,direct,Campaign_Promo_Brand,/promo-deals/page_4,Mobile,433
TP_001042,CUST_0277,6,SESS_375800,2026-01-27 02:00:00,linkedinads,paidsocial,Campaign_Promo_Summer,/promo-deals/page_4,Desktop,567
TP_001043,CUST_0277,4,SESS_375800,2026-01-26 07:00:00,directtraffic,direct,Campaign_Promo_Brand,/promo-deals/page_1,Mobile,529
TP_001044,CUST_0277,6,SESS_375800,2026-01-18 14:00:00,linkedinads,paidsocial,Campaign_Promo_Summer,/promo-deals/page_1,Mobile,230
TP_001045,CUST_0277,4,SESS_375800,2026-01-17 20:00:00,directtraffic,direct,Campaign_Promo_Winter,/promo-deals/page_2,Mobile,563
TP_001046,CUST_0277,3,SESS_375800,2026-01-27 18:00:00,newsletter,email,Campaign_Promo_Summer,/promo-deals/page_2,Desktop,226
TP_001047,CUST_0277,2,SESS_861190,2026-03-05 22:00:00,facebookads,paidsocial,Campaign_Promo_Retarget,/promo-deals/page_6,Desktop,217
TP_001048,CUST_0277,5,SESS_861190,2026-03-07 23:00:00,organicsearch,seo,Campaign_Promo_Retarget,/promo-deals/page_5,Tablet,121
TP_001049,CUST_0277,2,SESS_861190,2026-03-15 12:00:00,facebookads,paidsocial,Campaign_Promo_Summer,/promo-deals/page_7,Desktop,381
TP_001050,CUST_0277,6,SESS_861190,2026-03-02 16:00:00,linkedinads,paidsocial,Campaign_Promo_Winter,/promo-deals/page_1,Mobile,47
TP_001051,CUST_0278,5,SESS_984501,2026-05-13 10:00:00,organicsearch,seo,Campaign_Promo_Summer,/promo-deals/page_2,Desktop,11
TP_001052,CUST_0278,5,SESS_984501,2026-05-08 11:00:00,organicsearch,seo,Campaign_Promo_Winter,/promo-deals/page_2,Mobile,466
TP_001053,CUST_0278,3,SESS_984501,2026-05-11 15:00:00,newsletter,email,Campaign_Promo_Winter,/promo-deals/page_5,Desktop,338
TP_001054,CUST_0278,5,SESS_871401,2026-05-06 20:00:00,organicsearch,seo,Campaign_Promo_Summer,/promo-deals/page_8,Mobile,187
TP_001055,CUST_0278,1,SESS_871401,2026-05-04 23:00:00,googleads,paidsearch,Campaign_Promo_Retarget,/promo-deals/page_10,Mobile,207
TP_001056,CUST_0278,7,SESS_871401,2026-05-01 13:00:00,affiliatenetwork,referral,Campaign_Promo_Retarget,/promo-deals/page_6,Desktop,125
TP_001057,CUST_0278,7,SESS_871401,2026-05-01 22:00:00,affiliatenetwork,referral,Campaign_Promo_Summer,/promo-deals/page_10,Mobile,587
TP_001058,CUST_0278,6,SESS_871401,2026-05-09 04:00:00,linkedinads,paidsocial,Campaign_Promo_Brand,/promo-deals/page_9,Desktop,509
TP_001059,CUST_0279,6,SESS_996211,2026-03-25 02:00:00,linkedinads,paidsocial,Campaign_Promo_Winter,/promo-deals/page_10,Desktop,332
TP_001060,CUST_0280,2,SESS_151677,2026-03-22 18:00:00,facebookads,paidsocial,Campaign_Promo_Retarget,/promo-deals/page_5,Desktop,368
TP_001061,CUST_0280,6,SESS_151677,2026-03-23 18:00:00,linkedinads,paidsocial,Campaign_Promo_Summer,/promo-deals/page_9,Mobile,220
TP_001062,CUST_0280,7,SESS_151677,2026-03-15 00:00:00,affiliatenetwork,referral,Campaign_Promo_Retarget,/promo-deals/page_2,Mobile,456
TP_001063,CUST_0281,7,SESS_803762,2026-01-25 05:00:00,affiliatenetwork,referral,Campaign_Promo_Summer,/promo-deals/page_8,Tablet,16
TP_001064,CUST_0281,7,SESS_803762,2026-01-19 21:00:00,affiliatenetwork,referral,Campaign_Promo_Retarget,/promo-deals/page_6,Mobile,580
TP_001065,CUST_0281,3,SESS_803762,2026-01-19 11:00:00,newsletter,email,Campaign_Promo_Retarget,/promo-deals/page_9,Desktop,548
TP_001066,CUST_0281,1,SESS_803762,2026-01-23 08:00:00,googleads,paidsearch,Campaign_Promo_Retarget,/promo-deals/page_6,Desktop,281
TP_001067,CUST_0281,6,SESS_803762,2026-01-23 06:00:00,linkedinads,paidsocial,Campaign_Promo_Winter,/promo-deals/page_10,Desktop,231
TP_001068,CUST_0281,2,SESS_180507,2026-02-25 00:00:00,facebookads,paidsocial,Campaign_Promo_Brand,/promo-deals/page_4,Mobile,178
TP_001069,CUST_0281,5,SESS_180507,2026-02-16 15:00:00,organicsearch,seo,Campaign_Promo_Retarget,/promo-deals/page_6,Desktop,167
TP_001070,CUST_0281,1,SESS_180507,2026-02-20 14:00:00,googleads,paidsearch,Campaign_Promo_Retarget,/promo-deals/page_8,Desktop,46
TP_001071,CUST_0281,1,SESS_180507,2026-02-16 22:00:00,googleads,paidsearch,Campaign_Promo_Brand,/promo-deals/page_9,Desktop,293
TP_001072,CUST_0281,2,SESS_659292,2026-03-16 13:00:00,facebookads,paidsocial,Campaign_Promo_Retarget,/promo-deals/page_6,Mobile,147
TP_001073,CUST_0281,7,SESS_659292,2026-03-09 08:00:00,affiliatenetwork,referral,Campaign_Promo_Summer,/promo-deals/page_3,Mobile,179
TP_001074,CUST_0283,5,SESS_143937,2026-04-06 18:00:00,organicsearch,seo,Campaign_Promo_Summer,/promo-deals/page_9,Mobile,161
TP_001075,CUST_0283,5,SESS_143937,2026-03-29 05:00:00,organicsearch,seo,Campaign_Promo_Retarget,/promo-deals/page_9,Desktop,297
TP_001076,CUST_0283,7,SESS_143937,2026-04-03 07:00:00,affiliatenetwork,referral,Campaign_Promo_Retarget,/promo-deals/page_9,Desktop,149
TP_001077,CUST_0283,3,SESS_143937,2026-03-29 01:00:00,newsletter,email,Campaign_Promo_Retarget,/promo-deals/page_5,Mobile,305
TP_001078,CUST_0283,4,SESS_143937,2026-03-29 05:00:00,directtraffic,direct,Campaign_Promo_Summer,/promo-deals/page_5,Mobile,383
TP_001079,CUST_0283,7,SESS_859864,2026-05-08 04:00:00,affiliatenetwork,referral,Campaign_Promo_Retarget,/promo-deals/page_9,Mobile,203
TP_001080,CUST_0283,2,SESS_859864,2026-05-05 13:00:00,facebookads,paidsocial,Campaign_Promo_Retarget,/promo-deals/page_7,Tablet,446
TP_001081,CUST_0283,1,SESS_859864,2026-05-07 00:00:00,googleads,paidsearch,Campaign_Promo_Brand,/promo-deals/page_3,Tablet,372
TP_001082,CUST_0283,2,SESS_859864,2026-05-09 11:00:00,facebookads,paidsocial,Campaign_Promo_Brand,/promo-deals/page_3,Mobile,62
TP_001083,CUST_0283,4,SESS_859864,2026-05-06 14:00:00,directtraffic,direct,Campaign_Promo_Retarget,/promo-deals/page_6,Desktop,572
TP_001084,CUST_0284,6,SESS_939596,2026-03-24 14:00:00,linkedinads,paidsocial,Campaign_Promo_Retarget,/promo-deals/page_3,Mobile,451
TP_001085,CUST_0285,1,SESS_536859,2026-05-08 01:00:00,googleads,paidsearch,Campaign_Promo_Retarget,/promo-deals/page_9,Mobile,509
TP_001086,CUST_0285,6,SESS_536859,2026-04-29 02:00:00,linkedinads,paidsocial,Campaign_Promo_Brand,/promo-deals/page_8,Mobile,467
TP_001087,CUST_0285,4,SESS_536859,2026-05-10 07:00:00,directtraffic,direct,Campaign_Promo_Winter,/promo-deals/page_7,Mobile,272
TP_001088,CUST_0285,7,SESS_536859,2026-05-01 16:00:00,affiliatenetwork,referral,Campaign_Promo_Summer,/promo-deals/page_7,Mobile,170
TP_001089,CUST_0285,3,SESS_536859,2026-05-09 16:00:00,newsletter,email,Campaign_Promo_Winter,/promo-deals/page_9,Desktop,118
TP_001090,CUST_0285,5,SESS_176514,2026-05-06 20:00:00,organicsearch,seo,Campaign_Promo_Brand,/promo-deals/page_6,Mobile,579
TP_001091,CUST_0285,1,SESS_176514,2026-05-13 17:00:00,googleads,paidsearch,Campaign_Promo_Brand,/promo-deals/page_3,Mobile,301
TP_001092,CUST_0285,1,SESS_176514,2026-05-08 09:00:00,googleads,paidsearch,Campaign_Promo_Retarget,/promo-deals/page_10,Desktop,96
TP_001093,CUST_0285,2,SESS_176514,2026-05-11 03:00:00,facebookads,paidsocial,Campaign_Promo_Winter,/promo-deals/page_1,Tablet,253
TP_001094,CUST_0286,1,SESS_382817,2026-03-15 00:00:00,googleads,paidsearch,Campaign_Promo_Brand,/promo-deals/page_2,Mobile,322
TP_001095,CUST_0286,6,SESS_382817,2026-03-02 04:00:00,linkedinads,paidsocial,Campaign_Promo_Brand,/promo-deals/page_7,Desktop,98
TP_001096,CUST_0286,5,SESS_382817,2026-03-05 07:00:00,organicsearch,seo,Campaign_Promo_Winter,/promo-deals/page_9,Mobile,588
TP_001097,CUST_0286,2,SESS_382817,2026-03-06 18:00:00,facebookads,paidsocial,Campaign_Promo_Brand,/promo-deals/page_1,Tablet,226
TP_001098,CUST_0286,5,SESS_382817,2026-03-15 23:00:00,organicsearch,seo,Campaign_Promo_Brand,/promo-deals/page_5,Mobile,402
TP_001099,CUST_0287,3,SESS_873191,2026-04-06 00:00:00,newsletter,email,Campaign_Promo_Brand,/promo-deals/page_5,Mobile,204
TP_001100,CUST_0287,7,SESS_880868,2026-05-08 04:00:00,affiliatenetwork,referral,Campaign_Promo_Retarget,/promo-deals/page_7,Desktop,436
TP_001101,CUST_0287,3,SESS_880868,2026-05-05 13:00:00,newsletter,email,Campaign_Promo_Brand,/promo-deals/page_10,Mobile,467
TP_001102,CUST_0287,3,SESS_880868,2026-05-04 11:00:00,newsletter,email,Campaign_Promo_Winter,/promo-deals/page_1,Desktop,182
TP_001103,CUST_0290,3,SESS_687918,2026-02-16 05:00:00,newsletter,email,Campaign_Promo_Summer,/promo-deals/page_7,Mobile,472
TP_001104,CUST_0290,3,SESS_173328,2026-04-24 13:00:00,newsletter,email,Campaign_Promo_Summer,/promo-deals/page_8,Desktop,535
TP_001105,CUST_0290,6,SESS_173328,2026-04-15 00:00:00,linkedinads,paidsocial,Campaign_Promo_Summer,/promo-deals/page_7,Desktop,187
TP_001106,CUST_0290,6,SESS_173328,2026-04-16 15:00:00,linkedinads,paidsocial,Campaign_Promo_Summer,/promo-deals/page_3,Mobile,374
TP_001107,CUST_0290,3,SESS_173328,2026-04-15 13:00:00,newsletter,email,Campaign_Promo_Summer,/promo-deals/page_9,Mobile,530
TP_001108,CUST_0290,7,SESS_173328,2026-04-16 10:00:00,affiliatenetwork,referral,Campaign_Promo_Retarget,/promo-deals/page_6,Desktop,431
TP_001109,CUST_0290,7,SESS_479991,2026-05-16 06:00:00,affiliatenetwork,referral,Campaign_Promo_Retarget,/promo-deals/page_3,Desktop,130
TP_001110,CUST_0290,3,SESS_479991,2026-05-16 06:00:00,newsletter,email,Campaign_Promo_Retarget,/promo-deals/page_6,Mobile,435
TP_001111,CUST_0290,6,SESS_479991,2026-05-08 10:00:00,linkedinads,paidsocial,Campaign_Promo_Brand,/promo-deals/page_9,Desktop,500
TP_001112,CUST_0291,5,SESS_538924,2026-01-16 09:00:00,organicsearch,seo,Campaign_Promo_Winter,/promo-deals/page_9,Mobile,351
TP_001113,CUST_0291,4,SESS_538924,2026-01-11 01:00:00,directtraffic,direct,Campaign_Promo_Brand,/promo-deals/page_8,Mobile,323
TP_001114,CUST_0291,2,SESS_538924,2026-01-24 05:00:00,facebookads,paidsocial,Campaign_Promo_Winter,/promo-deals/page_10,Desktop,235
TP_001115,CUST_0291,7,SESS_622345,2026-03-01 08:00:00,affiliatenetwork,referral,Campaign_Promo_Brand,/promo-deals/page_4,Desktop,573
TP_001116,CUST_0291,6,SESS_622345,2026-03-06 04:00:00,linkedinads,paidsocial,Campaign_Promo_Retarget,/promo-deals/page_4,Mobile,85
TP_001117,CUST_0291,7,SESS_622345,2026-03-07 09:00:00,affiliatenetwork,referral,Campaign_Promo_Brand,/promo-deals/page_3,Tablet,300
TP_001118,CUST_0291,4,SESS_340801,2026-03-01 06:00:00,directtraffic,direct,Campaign_Promo_Winter,/promo-deals/page_4,Desktop,486
TP_001119,CUST_0291,3,SESS_340801,2026-02-27 16:00:00,newsletter,email,Campaign_Promo_Brand,/promo-deals/page_8,Desktop,532
TP_001120,CUST_0291,4,SESS_340801,2026-03-02 12:00:00,directtraffic,direct,Campaign_Promo_Retarget,/promo-deals/page_4,Mobile,254
TP_001121,CUST_0292,7,SESS_289266,2026-03-17 18:00:00,affiliatenetwork,referral,Campaign_Promo_Summer,/promo-deals/page_6,Mobile,574
TP_001122,CUST_0292,3,SESS_255704,2026-04-16 20:00:00,newsletter,email,Campaign_Promo_Winter,/promo-deals/page_5,Mobile,318
TP_001123,CUST_0292,7,SESS_484302,2026-04-24 23:00:00,affiliatenetwork,referral,Campaign_Promo_Summer,/promo-deals/page_1,Desktop,474
TP_001124,CUST_0292,2,SESS_484302,2026-04-24 18:00:00,facebookads,paidsocial,Campaign_Promo_Brand,/promo-deals/page_6,Desktop,35
TP_001125,CUST_0293,3,SESS_447840,2026-02-24 12:00:00,newsletter,email,Campaign_Promo_Winter,/promo-deals/page_6,Mobile,321
TP_001126,CUST_0293,5,SESS_447840,2026-02-23 05:00:00,organicsearch,seo,Campaign_Promo_Retarget,/promo-deals/page_3,Mobile,23
TP_001127,CUST_0293,7,SESS_447840,2026-02-27 07:00:00,affiliatenetwork,referral,Campaign_Promo_Brand,/promo-deals/page_8,Mobile,471
TP_001128,CUST_0293,1,SESS_447840,2026-02-19 15:00:00,googleads,paidsearch,Campaign_Promo_Retarget,/promo-deals/page_3,Desktop,174
TP_001129,CUST_0293,6,SESS_304490,2026-03-21 13:00:00,linkedinads,paidsocial,Campaign_Promo_Winter,/promo-deals/page_9,Tablet,391
TP_001130,CUST_0294,7,SESS_240967,2026-02-06 03:00:00,affiliatenetwork,referral,Campaign_Promo_Brand,/promo-deals/page_7,Mobile,163
TP_001131,CUST_0294,2,SESS_240967,2026-02-12 17:00:00,facebookads,paidsocial,Campaign_Promo_Brand,/promo-deals/page_4,Mobile,443
TP_001132,CUST_0296,4,SESS_384515,2026-04-08 19:00:00,directtraffic,direct,Campaign_Promo_Winter,/promo-deals/page_4,Mobile,43
TP_001133,CUST_0296,7,SESS_384515,2026-04-01 05:00:00,affiliatenetwork,referral,Campaign_Promo_Retarget,/promo-deals/page_5,Mobile,580
TP_001134,CUST_0296,1,SESS_384515,2026-03-30 06:00:00,googleads,paidsearch,Campaign_Promo_Summer,/promo-deals/page_1,Mobile,531
TP_001135,CUST_0296,2,SESS_384515,2026-04-06 21:00:00,facebookads,paidsocial,Campaign_Promo_Winter,/promo-deals/page_1,Desktop,63
TP_001136,CUST_0296,3,SESS_250772,2026-04-30 17:00:00,newsletter,email,Campaign_Promo_Summer,/promo-deals/page_3,Mobile,145
TP_001137,CUST_0296,3,SESS_250772,2026-04-19 08:00:00,newsletter,email,Campaign_Promo_Retarget,/promo-deals/page_7,Mobile,386
TP_001138,CUST_0296,4,SESS_250772,2026-04-29 20:00:00,directtraffic,direct,Campaign_Promo_Retarget,/promo-deals/page_7,Mobile,58
TP_001139,CUST_0297,1,SESS_952606,2026-04-19 18:00:00,googleads,paidsearch,Campaign_Promo_Brand,/promo-deals/page_8,Mobile,261
TP_001140,CUST_0297,7,SESS_952606,2026-04-20 05:00:00,affiliatenetwork,referral,Campaign_Promo_Brand,/promo-deals/page_4,Desktop,77
TP_001141,CUST_0297,2,SESS_952606,2026-04-23 12:00:00,facebookads,paidsocial,Campaign_Promo_Winter,/promo-deals/page_2,Mobile,598
TP_001142,CUST_0297,7,SESS_952606,2026-04-14 23:00:00,affiliatenetwork,referral,Campaign_Promo_Retarget,/promo-deals/page_6,Mobile,15
TP_001143,CUST_0297,1,SESS_952606,2026-04-19 06:00:00,googleads,paidsearch,Campaign_Promo_Summer,/promo-deals/page_9,Mobile,229
TP_001144,CUST_0299,3,SESS_178052,2026-04-30 13:00:00,newsletter,email,Campaign_Promo_Winter,/promo-deals/page_4,Mobile,30
TP_001145,CUST_0299,6,SESS_178052,2026-04-20 08:00:00,linkedinads,paidsocial,Campaign_Promo_Winter,/promo-deals/page_3,Desktop,301
TP_001146,CUST_0299,4,SESS_178052,2026-04-27 08:00:00,directtraffic,direct,Campaign_Promo_Summer,/promo-deals/page_3,Mobile,379
TP_001147,CUST_0299,6,SESS_178052,2026-04-25 19:00:00,linkedinads,paidsocial,Campaign_Promo_Brand,/promo-deals/page_1,Mobile,217
TP_001148,CUST_0299,7,SESS_178052,2026-04-18 05:00:00,affiliatenetwork,referral,Campaign_Promo_Brand,/promo-deals/page_10,Desktop,364
TP_001149,CUST_0300,5,SESS_279514,2026-02-20 20:00:00,organicsearch,seo,Campaign_Promo_Retarget,/promo-deals/page_4,Tablet,138
TP_001150,CUST_0300,2,SESS_279514,2026-02-25 18:00:00,facebookads,paidsocial,Campaign_Promo_Summer,/promo-deals/page_9,Desktop,156
TP_001151,CUST_0300,2,SESS_279514,2026-02-27 19:00:00,facebookads,paidsocial,Campaign_Promo_Summer,/promo-deals/page_9,Desktop,359
TP_001152,CUST_0300,3,SESS_279514,2026-02-28 06:00:00,newsletter,email,Campaign_Promo_Winter,/promo-deals/page_10,Mobile,555
TP_001153,CUST_0300,4,SESS_279514,2026-02-24 00:00:00,directtraffic,direct,Campaign_Promo_Brand,/promo-deals/page_7,Desktop,588
TP_001154,CUST_0300,4,SESS_402612,2026-03-12 17:00:00,directtraffic,direct,Campaign_Promo_Brand,/promo-deals/page_5,Mobile,261
TP_001155,CUST_0300,1,SESS_402612,2026-03-16 11:00:00,googleads,paidsearch,Campaign_Promo_Summer,/promo-deals/page_8,Mobile,88
TP_001156,CUST_0300,2,SESS_402612,2026-03-21 10:00:00,facebookads,paidsocial,Campaign_Promo_Winter,/promo-deals/page_1,Tablet,404
TP_001157,CUST_0300,2,SESS_378153,2026-04-01 20:00:00,facebookads,paidsocial,Campaign_Promo_Retarget,/promo-deals/page_10,Mobile,463
TP_001158,CUST_0300,5,SESS_378153,2026-04-01 11:00:00,organicsearch,seo,Campaign_Promo_Brand,/promo-deals/page_6,Tablet,47
TP_001159,CUST_0300,6,SESS_378153,2026-04-06 21:00:00,linkedinads,paidsocial,Campaign_Promo_Brand,/promo-deals/page_5,Mobile,171
TP_001160,CUST_0300,6,SESS_378153,2026-04-13 00:00:00,linkedinads,paidsocial,Campaign_Promo_Summer,/promo-deals/page_6,Desktop,75
TP_001161,CUST_0300,6,SESS_378153,2026-04-01 11:00:00,linkedinads,paidsocial,Campaign_Promo_Winter,/promo-deals/page_7,Mobile,336
TP_001162,CUST_0301,3,SESS_903289,2026-04-04 13:00:00,newsletter,email,Campaign_Promo_Summer,/promo-deals/page_4,Mobile,34
TP_001163,CUST_0301,6,SESS_903289,2026-04-07 01:00:00,linkedinads,paidsocial,Campaign_Promo_Summer,/promo-deals/page_7,Mobile,12
TP_001164,CUST_0301,7,SESS_761477,2026-04-29 10:00:00,affiliatenetwork,referral,Campaign_Promo_Summer,/promo-deals/page_10,Mobile,468
TP_001165,CUST_0301,2,SESS_761477,2026-05-04 17:00:00,facebookads,paidsocial,Campaign_Promo_Brand,/promo-deals/page_2,Mobile,305
TP_001166,CUST_0302,6,SESS_220682,2026-02-27 03:00:00,linkedinads,paidsocial,Campaign_Promo_Brand,/promo-deals/page_3,Desktop,169
TP_001167,CUST_0302,7,SESS_220682,2026-03-11 12:00:00,affiliatenetwork,referral,Campaign_Promo_Winter,/promo-deals/page_5,Mobile,107
TP_001168,CUST_0302,3,SESS_220682,2026-03-08 13:00:00,newsletter,email,Campaign_Promo_Retarget,/promo-deals/page_8,Desktop,516
TP_001169,CUST_0302,5,SESS_870118,2026-03-20 23:00:00,organicsearch,seo,Campaign_Promo_Retarget,/promo-deals/page_5,Desktop,248
TP_001170,CUST_0303,5,SESS_973459,2026-03-05 11:00:00,organicsearch,seo,Campaign_Promo_Winter,/promo-deals/page_10,Mobile,464
TP_001171,CUST_0304,5,SESS_877496,2026-03-08 21:00:00,organicsearch,seo,Campaign_Promo_Summer,/promo-deals/page_10,Tablet,160
TP_001172,CUST_0304,7,SESS_877496,2026-03-16 04:00:00,affiliatenetwork,referral,Campaign_Promo_Winter,/promo-deals/page_4,Mobile,178
TP_001173,CUST_0304,2,SESS_877496,2026-03-21 11:00:00,facebookads,paidsocial,Campaign_Promo_Winter,/promo-deals/page_7,Mobile,435
TP_001174,CUST_0304,5,SESS_877496,2026-03-08 09:00:00,organicsearch,seo,Campaign_Promo_Summer,/promo-deals/page_5,Mobile,50
TP_001175,CUST_0305,4,SESS_293648,2026-03-20 22:00:00,directtraffic,direct,Campaign_Promo_Brand,/promo-deals/page_1,Mobile,276
TP_001176,CUST_0305,4,SESS_293648,2026-03-21 16:00:00,directtraffic,direct,Campaign_Promo_Retarget,/promo-deals/page_7,Mobile,357
TP_001177,CUST_0305,7,SESS_293648,2026-04-01 02:00:00,affiliatenetwork,referral,Campaign_Promo_Winter,/promo-deals/page_4,Mobile,378
TP_001178,CUST_0305,5,SESS_330598,2026-05-04 11:00:00,organicsearch,seo,Campaign_Promo_Retarget,/promo-deals/page_7,Desktop,170
TP_001179,CUST_0305,2,SESS_409143,2026-05-11 18:00:00,facebookads,paidsocial,Campaign_Promo_Retarget,/promo-deals/page_2,Desktop,163
TP_001180,CUST_0305,3,SESS_409143,2026-05-18 23:00:00,newsletter,email,Campaign_Promo_Winter,/promo-deals/page_6,Tablet,315
TP_001181,CUST_0305,5,SESS_409143,2026-05-19 18:00:00,organicsearch,seo,Campaign_Promo_Brand,/promo-deals/page_3,Mobile,238
TP_001182,CUST_0305,5,SESS_409143,2026-05-10 08:00:00,organicsearch,seo,Campaign_Promo_Winter,/promo-deals/page_3,Desktop,536
TP_001183,CUST_0306,6,SESS_542053,2026-03-29 11:00:00,linkedinads,paidsocial,Campaign_Promo_Summer,/promo-deals/page_1,Mobile,87
TP_001184,CUST_0306,3,SESS_542053,2026-04-08 07:00:00,newsletter,email,Campaign_Promo_Winter,/promo-deals/page_8,Mobile,18
TP_001185,CUST_0306,6,SESS_442504,2026-04-09 14:00:00,linkedinads,paidsocial,Campaign_Promo_Summer,/promo-deals/page_3,Mobile,167
TP_001186,CUST_0306,1,SESS_442504,2026-04-10 13:00:00,googleads,paidsearch,Campaign_Promo_Brand,/promo-deals/page_8,Mobile,77
TP_001187,CUST_0306,6,SESS_442504,2026-04-08 23:00:00,linkedinads,paidsocial,Campaign_Promo_Brand,/promo-deals/page_5,Mobile,398
TP_001188,CUST_0306,4,SESS_442504,2026-04-10 13:00:00,directtraffic,direct,Campaign_Promo_Winter,/promo-deals/page_4,Mobile,214
TP_001189,CUST_0306,7,SESS_442504,2026-04-11 11:00:00,affiliatenetwork,referral,Campaign_Promo_Winter,/promo-deals/page_8,Mobile,189
TP_001190,CUST_0307,7,SESS_160133,2026-03-22 03:00:00,affiliatenetwork,referral,Campaign_Promo_Winter,/promo-deals/page_6,Desktop,319
TP_001191,CUST_0307,3,SESS_160133,2026-03-24 23:00:00,newsletter,email,Campaign_Promo_Brand,/promo-deals/page_8,Desktop,499
TP_001192,CUST_0307,5,SESS_160133,2026-03-21 17:00:00,organicsearch,seo,Campaign_Promo_Brand,/promo-deals/page_8,Mobile,44
TP_001193,CUST_0309,7,SESS_514438,2026-04-11 10:00:00,affiliatenetwork,referral,Campaign_Promo_Winter,/promo-deals/page_4,Mobile,232
TP_001194,CUST_0309,2,SESS_514438,2026-04-13 21:00:00,facebookads,paidsocial,Campaign_Promo_Retarget,/promo-deals/page_2,Mobile,186
TP_001195,CUST_0309,1,SESS_514438,2026-04-06 08:00:00,googleads,paidsearch,Campaign_Promo_Winter,/promo-deals/page_6,Mobile,117
TP_001196,CUST_0309,1,SESS_318947,2026-04-09 22:00:00,googleads,paidsearch,Campaign_Promo_Brand,/promo-deals/page_9,Mobile,486
TP_001197,CUST_0309,2,SESS_318947,2026-04-15 17:00:00,facebookads,paidsocial,Campaign_Promo_Summer,/promo-deals/page_4,Desktop,33
TP_001198,CUST_0309,6,SESS_318947,2026-04-20 21:00:00,linkedinads,paidsocial,Campaign_Promo_Retarget,/promo-deals/page_2,Desktop,392
TP_001199,CUST_0310,2,SESS_357658,2026-02-15 05:00:00,facebookads,paidsocial,Campaign_Promo_Summer,/promo-deals/page_8,Mobile,99
TP_001200,CUST_0310,1,SESS_248729,2026-03-05 02:00:00,googleads,paidsearch,Campaign_Promo_Retarget,/promo-deals/page_5,Mobile,266
TP_001201,CUST_0310,7,SESS_168101,2026-04-28 11:00:00,affiliatenetwork,referral,Campaign_Promo_Brand,/promo-deals/page_10,Desktop,143
TP_001202,CUST_0310,7,SESS_168101,2026-04-20 23:00:00,affiliatenetwork,referral,Campaign_Promo_Winter,/promo-deals/page_7,Desktop,183
TP_001203,CUST_0310,5,SESS_168101,2026-04-23 17:00:00,organicsearch,seo,Campaign_Promo_Retarget,/promo-deals/page_8,Mobile,32
TP_001204,CUST_0313,6,SESS_638101,2026-02-04 02:00:00,linkedinads,paidsocial,Campaign_Promo_Brand,/promo-deals/page_6,Desktop,85
TP_001205,CUST_0313,1,SESS_638101,2026-02-10 11:00:00,googleads,paidsearch,Campaign_Promo_Winter,/promo-deals/page_3,Mobile,178
TP_001206,CUST_0313,1,SESS_638101,2026-02-12 09:00:00,googleads,paidsearch,Campaign_Promo_Summer,/promo-deals/page_6,Desktop,466
TP_001207,CUST_0313,3,SESS_638101,2026-01-31 05:00:00,newsletter,email,Campaign_Promo_Winter,/promo-deals/page_9,Mobile,536
TP_001208,CUST_0313,4,SESS_638101,2026-02-08 13:00:00,directtraffic,direct,Campaign_Promo_Brand,/promo-deals/page_10,Mobile,73
TP_001209,CUST_0313,5,SESS_654284,2026-03-01 03:00:00,organicsearch,seo,Campaign_Promo_Brand,/promo-deals/page_9,Desktop,291
TP_001210,CUST_0313,6,SESS_654284,2026-03-03 13:00:00,linkedinads,paidsocial,Campaign_Promo_Brand,/promo-deals/page_1,Mobile,70
TP_001211,CUST_0313,6,SESS_654284,2026-02-28 17:00:00,linkedinads,paidsocial,Campaign_Promo_Summer,/promo-deals/page_9,Mobile,305
TP_001212,CUST_0313,1,SESS_654284,2026-02-24 03:00:00,googleads,paidsearch,Campaign_Promo_Brand,/promo-deals/page_6,Mobile,152
TP_001213,CUST_0313,5,SESS_654284,2026-03-05 17:00:00,organicsearch,seo,Campaign_Promo_Retarget,/promo-deals/page_6,Desktop,361
TP_001214,CUST_0313,7,SESS_140128,2026-04-23 01:00:00,affiliatenetwork,referral,Campaign_Promo_Brand,/promo-deals/page_8,Mobile,83
TP_001215,CUST_0315,1,SESS_479648,2026-04-15 10:00:00,googleads,paidsearch,Campaign_Promo_Summer,/promo-deals/page_8,Mobile,121
TP_001216,CUST_0315,1,SESS_479648,2026-04-14 21:00:00,googleads,paidsearch,Campaign_Promo_Summer,/promo-deals/page_4,Tablet,547
TP_001217,CUST_0315,5,SESS_479648,2026-04-09 02:00:00,organicsearch,seo,Campaign_Promo_Winter,/promo-deals/page_2,Mobile,484
TP_001218,CUST_0317,7,SESS_650146,2026-01-28 21:00:00,affiliatenetwork,referral,Campaign_Promo_Retarget,/promo-deals/page_9,Desktop,306
TP_001219,CUST_0317,3,SESS_650146,2026-01-29 15:00:00,newsletter,email,Campaign_Promo_Winter,/promo-deals/page_8,Mobile,308
TP_001220,CUST_0317,3,SESS_650146,2026-02-05 16:00:00,newsletter,email,Campaign_Promo_Brand,/promo-deals/page_4,Mobile,71
TP_001221,CUST_0317,2,SESS_650146,2026-02-07 04:00:00,facebookads,paidsocial,Campaign_Promo_Retarget,/promo-deals/page_6,Mobile,317
TP_001222,CUST_0317,2,SESS_650146,2026-02-02 07:00:00,facebookads,paidsocial,Campaign_Promo_Brand,/promo-deals/page_3,Mobile,188
TP_001223,CUST_0317,4,SESS_555282,2026-03-07 14:00:00,directtraffic,direct,Campaign_Promo_Winter,/promo-deals/page_6,Mobile,513
TP_001224,CUST_0317,7,SESS_555282,2026-03-08 08:00:00,affiliatenetwork,referral,Campaign_Promo_Winter,/promo-deals/page_1,Mobile,25
TP_001225,CUST_0317,1,SESS_555282,2026-03-03 20:00:00,googleads,paidsearch,Campaign_Promo_Retarget,/promo-deals/page_7,Mobile,23
TP_001226,CUST_0317,5,SESS_555282,2026-03-04 01:00:00,organicsearch,seo,Campaign_Promo_Brand,/promo-deals/page_10,Desktop,260
TP_001227,CUST_0317,2,SESS_555282,2026-03-09 23:00:00,facebookads,paidsocial,Campaign_Promo_Summer,/promo-deals/page_9,Desktop,353
TP_001228,CUST_0317,5,SESS_637750,2026-03-18 15:00:00,organicsearch,seo,Campaign_Promo_Winter,/promo-deals/page_1,Tablet,103
TP_001229,CUST_0317,3,SESS_637750,2026-03-12 00:00:00,newsletter,email,Campaign_Promo_Winter,/promo-deals/page_2,Mobile,483
TP_001230,CUST_0318,6,SESS_355051,2026-03-08 05:00:00,linkedinads,paidsocial,Campaign_Promo_Brand,/promo-deals/page_7,Mobile,497
TP_001231,CUST_0318,3,SESS_355051,2026-03-12 20:00:00,newsletter,email,Campaign_Promo_Brand,/promo-deals/page_2,Mobile,571
TP_001232,CUST_0318,3,SESS_355051,2026-03-09 01:00:00,newsletter,email,Campaign_Promo_Brand,/promo-deals/page_2,Desktop,398
TP_001233,CUST_0318,7,SESS_355051,2026-03-09 03:00:00,affiliatenetwork,referral,Campaign_Promo_Retarget,/promo-deals/page_5,Mobile,577
TP_001234,CUST_0318,7,SESS_355051,2026-03-12 11:00:00,affiliatenetwork,referral,Campaign_Promo_Brand,/promo-deals/page_5,Mobile,292
TP_001235,CUST_0318,7,SESS_452688,2026-05-02 19:00:00,affiliatenetwork,referral,Campaign_Promo_Retarget,/promo-deals/page_4,Desktop,460
TP_001236,CUST_0318,6,SESS_452688,2026-04-28 08:00:00,linkedinads,paidsocial,Campaign_Promo_Summer,/promo-deals/page_5,Mobile,527
TP_001237,CUST_0318,1,SESS_452688,2026-04-24 02:00:00,googleads,paidsearch,Campaign_Promo_Winter,/promo-deals/page_4,Mobile,410
TP_001238,CUST_0318,2,SESS_452688,2026-04-26 07:00:00,facebookads,paidsocial,Campaign_Promo_Winter,/promo-deals/page_3,Mobile,16
TP_001239,CUST_0320,1,SESS_202075,2026-04-23 05:00:00,googleads,paidsearch,Campaign_Promo_Summer,/promo-deals/page_9,Mobile,425
TP_001240,CUST_0320,7,SESS_202075,2026-04-30 18:00:00,affiliatenetwork,referral,Campaign_Promo_Summer,/promo-deals/page_8,Mobile,107
TP_001241,CUST_0321,1,SESS_953162,2026-01-30 22:00:00,googleads,paidsearch,Campaign_Promo_Winter,/promo-deals/page_5,Tablet,173
TP_001242,CUST_0321,2,SESS_953162,2026-01-21 14:00:00,facebookads,paidsocial,Campaign_Promo_Summer,/promo-deals/page_7,Desktop,329
TP_001243,CUST_0321,6,SESS_469813,2026-02-26 04:00:00,linkedinads,paidsocial,Campaign_Promo_Summer,/promo-deals/page_6,Mobile,576
TP_001244,CUST_0321,6,SESS_469813,2026-02-22 17:00:00,linkedinads,paidsocial,Campaign_Promo_Winter,/promo-deals/page_1,Tablet,137
TP_001245,CUST_0321,6,SESS_236192,2026-04-06 01:00:00,linkedinads,paidsocial,Campaign_Promo_Winter,/promo-deals/page_7,Mobile,201
TP_001246,CUST_0321,2,SESS_236192,2026-04-11 03:00:00,facebookads,paidsocial,Campaign_Promo_Winter,/promo-deals/page_3,Mobile,34
TP_001247,CUST_0321,5,SESS_236192,2026-04-06 04:00:00,organicsearch,seo,Campaign_Promo_Winter,/promo-deals/page_10,Mobile,365
TP_001248,CUST_0321,6,SESS_236192,2026-04-09 01:00:00,linkedinads,paidsocial,Campaign_Promo_Summer,/promo-deals/page_4,Tablet,37
TP_001249,CUST_0321,5,SESS_236192,2026-04-07 04:00:00,organicsearch,seo,Campaign_Promo_Brand,/promo-deals/page_5,Mobile,43
TP_001250,CUST_0322,2,SESS_872176,2026-02-19 11:00:00,facebookads,paidsocial,Campaign_Promo_Retarget,/promo-deals/page_1,Desktop,419
TP_001251,CUST_0322,5,SESS_872176,2026-02-06 10:00:00,organicsearch,seo,Campaign_Promo_Winter,/promo-deals/page_3,Mobile,282
TP_001252,CUST_0322,5,SESS_872176,2026-02-07 21:00:00,organicsearch,seo,Campaign_Promo_Retarget,/promo-deals/page_3,Mobile,278
TP_001253,CUST_0322,5,SESS_872176,2026-02-16 14:00:00,organicsearch,seo,Campaign_Promo_Summer,/promo-deals/page_5,Mobile,537
TP_001254,CUST_0322,6,SESS_872176,2026-02-15 18:00:00,linkedinads,paidsocial,Campaign_Promo_Summer,/promo-deals/page_1,Mobile,238
TP_001255,CUST_0322,5,SESS_440235,2026-03-19 14:00:00,organicsearch,seo,Campaign_Promo_Brand,/promo-deals/page_10,Desktop,114
TP_001256,CUST_0322,6,SESS_440235,2026-03-20 08:00:00,linkedinads,paidsocial,Campaign_Promo_Brand,/promo-deals/page_10,Tablet,196
TP_001257,CUST_0322,3,SESS_709250,2026-03-24 15:00:00,newsletter,email,Campaign_Promo_Summer,/promo-deals/page_3,Tablet,333
TP_001258,CUST_0322,2,SESS_709250,2026-03-29 06:00:00,facebookads,paidsocial,Campaign_Promo_Retarget,/promo-deals/page_1,Mobile,217
TP_001259,CUST_0322,4,SESS_709250,2026-03-22 15:00:00,directtraffic,direct,Campaign_Promo_Retarget,/promo-deals/page_6,Mobile,321
TP_001260,CUST_0323,5,SESS_871341,2026-02-16 16:00:00,organicsearch,seo,Campaign_Promo_Retarget,/promo-deals/page_9,Mobile,386
TP_001261,CUST_0323,6,SESS_871341,2026-02-19 11:00:00,linkedinads,paidsocial,Campaign_Promo_Brand,/promo-deals/page_9,Desktop,491
TP_001262,CUST_0323,2,SESS_871341,2026-02-18 22:00:00,facebookads,paidsocial,Campaign_Promo_Brand,/promo-deals/page_7,Mobile,269
TP_001263,CUST_0323,3,SESS_871341,2026-02-13 16:00:00,newsletter,email,Campaign_Promo_Brand,/promo-deals/page_5,Mobile,591
TP_001264,CUST_0323,2,SESS_871341,2026-02-09 12:00:00,facebookads,paidsocial,Campaign_Promo_Retarget,/promo-deals/page_1,Desktop,266
TP_001265,CUST_0323,3,SESS_439335,2026-03-13 17:00:00,newsletter,email,Campaign_Promo_Summer,/promo-deals/page_8,Desktop,575
TP_001266,CUST_0323,1,SESS_439335,2026-03-25 18:00:00,googleads,paidsearch,Campaign_Promo_Retarget,/promo-deals/page_6,Mobile,524
TP_001267,CUST_0323,6,SESS_439335,2026-03-24 08:00:00,linkedinads,paidsocial,Campaign_Promo_Brand,/promo-deals/page_6,Mobile,10
TP_001268,CUST_0323,3,SESS_439335,2026-03-18 02:00:00,newsletter,email,Campaign_Promo_Winter,/promo-deals/page_6,Mobile,152
TP_001269,CUST_0325,3,SESS_240514,2026-03-17 07:00:00,newsletter,email,Campaign_Promo_Brand,/promo-deals/page_1,Mobile,269
TP_001270,CUST_0325,3,SESS_557300,2026-04-21 13:00:00,newsletter,email,Campaign_Promo_Brand,/promo-deals/page_5,Tablet,52
TP_001271,CUST_0325,1,SESS_557300,2026-04-21 23:00:00,googleads,paidsearch,Campaign_Promo_Retarget,/promo-deals/page_5,Tablet,75
TP_001272,CUST_0325,1,SESS_557300,2026-05-02 14:00:00,googleads,paidsearch,Campaign_Promo_Summer,/promo-deals/page_1,Mobile,142
TP_001273,CUST_0327,1,SESS_842262,2026-03-18 04:00:00,googleads,paidsearch,Campaign_Promo_Winter,/promo-deals/page_9,Mobile,417
TP_001274,CUST_0327,1,SESS_842262,2026-03-20 12:00:00,googleads,paidsearch,Campaign_Promo_Winter,/promo-deals/page_1,Mobile,515
TP_001275,CUST_0327,1,SESS_842262,2026-03-07 21:00:00,googleads,paidsearch,Campaign_Promo_Winter,/promo-deals/page_7,Tablet,377
TP_001276,CUST_0327,7,SESS_842262,2026-03-18 16:00:00,affiliatenetwork,referral,Campaign_Promo_Brand,/promo-deals/page_5,Tablet,369
TP_001277,CUST_0327,4,SESS_842262,2026-03-14 04:00:00,directtraffic,direct,Campaign_Promo_Winter,/promo-deals/page_5,Desktop,569
TP_001278,CUST_0327,6,SESS_245462,2026-04-10 01:00:00,linkedinads,paidsocial,Campaign_Promo_Winter,/promo-deals/page_5,Mobile,356
TP_001279,CUST_0327,1,SESS_924803,2026-04-26 11:00:00,googleads,paidsearch,Campaign_Promo_Brand,/promo-deals/page_7,Mobile,479
TP_001280,CUST_0327,6,SESS_924803,2026-04-29 11:00:00,linkedinads,paidsocial,Campaign_Promo_Winter,/promo-deals/page_7,Desktop,478
TP_001281,CUST_0327,2,SESS_924803,2026-05-06 11:00:00,facebookads,paidsocial,Campaign_Promo_Brand,/promo-deals/page_1,Mobile,429
TP_001282,CUST_0327,5,SESS_924803,2026-04-28 15:00:00,organicsearch,seo,Campaign_Promo_Winter,/promo-deals/page_6,Mobile,484
TP_001283,CUST_0327,7,SESS_924803,2026-05-06 07:00:00,affiliatenetwork,referral,Campaign_Promo_Brand,/promo-deals/page_6,Mobile,44
TP_001284,CUST_0328,7,SESS_970055,2026-01-19 03:00:00,affiliatenetwork,referral,Campaign_Promo_Retarget,/promo-deals/page_3,Desktop,486
TP_001285,CUST_0329,1,SESS_517949,2026-03-20 07:00:00,googleads,paidsearch,Campaign_Promo_Winter,/promo-deals/page_9,Tablet,96
TP_001286,CUST_0329,6,SESS_517949,2026-03-18 20:00:00,linkedinads,paidsocial,Campaign_Promo_Brand,/promo-deals/page_8,Tablet,254
TP_001287,CUST_0329,5,SESS_517949,2026-03-19 10:00:00,organicsearch,seo,Campaign_Promo_Retarget,/promo-deals/page_8,Desktop,543
TP_001288,CUST_0329,3,SESS_965006,2026-03-18 13:00:00,newsletter,email,Campaign_Promo_Brand,/promo-deals/page_2,Mobile,141
TP_001289,CUST_0329,7,SESS_891197,2026-05-04 19:00:00,affiliatenetwork,referral,Campaign_Promo_Summer,/promo-deals/page_1,Desktop,481
TP_001290,CUST_0329,4,SESS_891197,2026-05-04 13:00:00,directtraffic,direct,Campaign_Promo_Brand,/promo-deals/page_8,Mobile,350
TP_001291,CUST_0329,4,SESS_891197,2026-05-04 21:00:00,directtraffic,direct,Campaign_Promo_Retarget,/promo-deals/page_1,Mobile,394
TP_001292,CUST_0329,5,SESS_891197,2026-05-08 09:00:00,organicsearch,seo,Campaign_Promo_Retarget,/promo-deals/page_10,Desktop,329
TP_001293,CUST_0330,3,SESS_891552,2026-04-30 17:00:00,newsletter,email,Campaign_Promo_Summer,/promo-deals/page_2,Mobile,525
TP_001294,CUST_0330,2,SESS_891552,2026-04-29 16:00:00,facebookads,paidsocial,Campaign_Promo_Brand,/promo-deals/page_2,Desktop,533
TP_001295,CUST_0330,4,SESS_891552,2026-04-22 00:00:00,directtraffic,direct,Campaign_Promo_Summer,/promo-deals/page_5,Desktop,173
TP_001296,CUST_0331,2,SESS_298667,2026-01-18 12:00:00,facebookads,paidsocial,Campaign_Promo_Summer,/promo-deals/page_8,Desktop,421
TP_001297,CUST_0331,1,SESS_298667,2026-01-27 13:00:00,googleads,paidsearch,Campaign_Promo_Brand,/promo-deals/page_4,Mobile,70
TP_001298,CUST_0331,3,SESS_298667,2026-01-27 13:00:00,newsletter,email,Campaign_Promo_Winter,/promo-deals/page_7,Mobile,119
TP_001299,CUST_0331,1,SESS_298667,2026-01-19 01:00:00,googleads,paidsearch,Campaign_Promo_Brand,/promo-deals/page_8,Mobile,211
TP_001300,CUST_0331,4,SESS_298667,2026-01-14 14:00:00,directtraffic,direct,Campaign_Promo_Summer,/promo-deals/page_5,Mobile,126
TP_001301,CUST_0331,5,SESS_322952,2026-02-22 10:00:00,organicsearch,seo,Campaign_Promo_Winter,/promo-deals/page_6,Tablet,161
TP_001302,CUST_0331,4,SESS_322952,2026-02-21 17:00:00,directtraffic,direct,Campaign_Promo_Brand,/promo-deals/page_2,Mobile,287
TP_001303,CUST_0331,4,SESS_322952,2026-02-22 12:00:00,directtraffic,direct,Campaign_Promo_Brand,/promo-deals/page_8,Mobile,356
TP_001304,CUST_0331,3,SESS_322952,2026-02-18 02:00:00,newsletter,email,Campaign_Promo_Summer,/promo-deals/page_2,Desktop,472
TP_001305,CUST_0331,7,SESS_322952,2026-02-15 09:00:00,affiliatenetwork,referral,Campaign_Promo_Retarget,/promo-deals/page_5,Desktop,406
TP_001306,CUST_0332,6,SESS_104006,2026-04-01 14:00:00,linkedinads,paidsocial,Campaign_Promo_Winter,/promo-deals/page_1,Mobile,465
TP_001307,CUST_0332,4,SESS_104006,2026-03-28 01:00:00,directtraffic,direct,Campaign_Promo_Summer,/promo-deals/page_5,Mobile,471
TP_001308,CUST_0332,2,SESS_104006,2026-03-23 17:00:00,facebookads,paidsocial,Campaign_Promo_Brand,/promo-deals/page_9,Mobile,143
TP_001309,CUST_0332,4,SESS_104006,2026-03-26 05:00:00,directtraffic,direct,Campaign_Promo_Winter,/promo-deals/page_3,Mobile,267
TP_001310,CUST_0332,3,SESS_104006,2026-04-01 01:00:00,newsletter,email,Campaign_Promo_Summer,/promo-deals/page_5,Mobile,183
TP_001311,CUST_0333,6,SESS_809959,2026-05-01 12:00:00,linkedinads,paidsocial,Campaign_Promo_Retarget,/promo-deals/page_3,Mobile,183
TP_001312,CUST_0333,5,SESS_809959,2026-05-01 04:00:00,organicsearch,seo,Campaign_Promo_Brand,/promo-deals/page_9,Mobile,600
TP_001313,CUST_0334,7,SESS_416790,2026-02-12 21:00:00,affiliatenetwork,referral,Campaign_Promo_Winter,/promo-deals/page_7,Mobile,596
TP_001314,CUST_0334,7,SESS_694155,2026-04-06 13:00:00,affiliatenetwork,referral,Campaign_Promo_Brand,/promo-deals/page_9,Mobile,173
TP_001315,CUST_0334,2,SESS_694155,2026-03-24 07:00:00,facebookads,paidsocial,Campaign_Promo_Summer,/promo-deals/page_3,Desktop,282
TP_001316,CUST_0334,1,SESS_694155,2026-04-01 16:00:00,googleads,paidsearch,Campaign_Promo_Winter,/promo-deals/page_2,Mobile,580
TP_001317,CUST_0334,3,SESS_694155,2026-03-28 15:00:00,newsletter,email,Campaign_Promo_Winter,/promo-deals/page_2,Mobile,55
TP_001318,CUST_0334,5,SESS_996422,2026-04-12 17:00:00,organicsearch,seo,Campaign_Promo_Winter,/promo-deals/page_8,Mobile,196
TP_001319,CUST_0334,4,SESS_996422,2026-04-11 16:00:00,directtraffic,direct,Campaign_Promo_Retarget,/promo-deals/page_6,Mobile,136
TP_001320,CUST_0334,5,SESS_996422,2026-04-17 12:00:00,organicsearch,seo,Campaign_Promo_Summer,/promo-deals/page_7,Desktop,578
TP_001321,CUST_0335,4,SESS_408172,2026-03-12 12:00:00,directtraffic,direct,Campaign_Promo_Brand,/promo-deals/page_2,Desktop,500
TP_001322,CUST_0335,4,SESS_408172,2026-03-17 17:00:00,directtraffic,direct,Campaign_Promo_Brand,/promo-deals/page_5,Mobile,12
TP_001323,CUST_0335,1,SESS_408172,2026-03-19 13:00:00,googleads,paidsearch,Campaign_Promo_Summer,/promo-deals/page_1,Mobile,440
TP_001324,CUST_0335,6,SESS_674241,2026-04-15 04:00:00,linkedinads,paidsocial,Campaign_Promo_Brand,/promo-deals/page_10,Mobile,559
TP_001325,CUST_0335,3,SESS_674241,2026-04-10 06:00:00,newsletter,email,Campaign_Promo_Summer,/promo-deals/page_9,Mobile,466
TP_001326,CUST_0335,1,SESS_674241,2026-04-10 11:00:00,googleads,paidsearch,Campaign_Promo_Winter,/promo-deals/page_2,Mobile,111
TP_001327,CUST_0335,2,SESS_674241,2026-04-08 06:00:00,facebookads,paidsocial,Campaign_Promo_Summer,/promo-deals/page_9,Tablet,434
TP_001328,CUST_0336,7,SESS_297634,2026-02-17 22:00:00,affiliatenetwork,referral,Campaign_Promo_Summer,/promo-deals/page_8,Mobile,240
TP_001329,CUST_0336,6,SESS_297634,2026-02-07 03:00:00,linkedinads,paidsocial,Campaign_Promo_Summer,/promo-deals/page_5,Mobile,263
TP_001330,CUST_0336,1,SESS_452897,2026-04-02 21:00:00,googleads,paidsearch,Campaign_Promo_Brand,/promo-deals/page_8,Desktop,219
TP_001331,CUST_0336,5,SESS_452897,2026-04-05 21:00:00,organicsearch,seo,Campaign_Promo_Brand,/promo-deals/page_9,Desktop,421
TP_001332,CUST_0336,1,SESS_452897,2026-04-11 02:00:00,googleads,paidsearch,Campaign_Promo_Brand,/promo-deals/page_8,Desktop,534
TP_001333,CUST_0336,7,SESS_119207,2026-04-26 17:00:00,affiliatenetwork,referral,Campaign_Promo_Retarget,/promo-deals/page_4,Mobile,427
TP_001334,CUST_0336,7,SESS_119207,2026-04-25 17:00:00,affiliatenetwork,referral,Campaign_Promo_Winter,/promo-deals/page_1,Mobile,556
TP_001335,CUST_0336,7,SESS_119207,2026-04-19 09:00:00,affiliatenetwork,referral,Campaign_Promo_Summer,/promo-deals/page_6,Mobile,106
TP_001336,CUST_0337,4,SESS_303790,2026-02-23 03:00:00,directtraffic,direct,Campaign_Promo_Winter,/promo-deals/page_2,Mobile,135
TP_001337,CUST_0337,7,SESS_303790,2026-02-19 16:00:00,affiliatenetwork,referral,Campaign_Promo_Retarget,/promo-deals/page_4,Mobile,288
TP_001338,CUST_0337,7,SESS_303790,2026-02-13 10:00:00,affiliatenetwork,referral,Campaign_Promo_Brand,/promo-deals/page_9,Mobile,278
TP_001339,CUST_0337,2,SESS_653761,2026-02-19 06:00:00,facebookads,paidsocial,Campaign_Promo_Retarget,/promo-deals/page_5,Mobile,124
TP_001340,CUST_0337,4,SESS_653761,2026-03-03 18:00:00,directtraffic,direct,Campaign_Promo_Retarget,/promo-deals/page_8,Mobile,354
TP_001341,CUST_0337,6,SESS_653761,2026-02-20 21:00:00,linkedinads,paidsocial,Campaign_Promo_Summer,/promo-deals/page_2,Mobile,354
TP_001342,CUST_0338,2,SESS_800365,2026-04-28 19:00:00,facebookads,paidsocial,Campaign_Promo_Summer,/promo-deals/page_3,Tablet,274
TP_001343,CUST_0338,1,SESS_800365,2026-04-25 13:00:00,googleads,paidsearch,Campaign_Promo_Winter,/promo-deals/page_4,Desktop,178
TP_001344,CUST_0339,2,SESS_577260,2026-05-04 00:00:00,facebookads,paidsocial,Campaign_Promo_Summer,/promo-deals/page_9,Desktop,514
TP_001345,CUST_0339,2,SESS_577260,2026-04-21 01:00:00,facebookads,paidsocial,Campaign_Promo_Brand,/promo-deals/page_10,Mobile,119
TP_001346,CUST_0339,6,SESS_577260,2026-04-24 08:00:00,linkedinads,paidsocial,Campaign_Promo_Brand,/promo-deals/page_3,Mobile,580
TP_001347,CUST_0339,6,SESS_577260,2026-04-22 16:00:00,linkedinads,paidsocial,Campaign_Promo_Brand,/promo-deals/page_6,Mobile,561
TP_001348,CUST_0339,2,SESS_577260,2026-04-23 18:00:00,facebookads,paidsocial,Campaign_Promo_Winter,/promo-deals/page_5,Desktop,528
TP_001349,CUST_0340,4,SESS_793822,2026-02-22 22:00:00,directtraffic,direct,Campaign_Promo_Retarget,/promo-deals/page_4,Mobile,309
TP_001350,CUST_0340,2,SESS_793822,2026-02-16 20:00:00,facebookads,paidsocial,Campaign_Promo_Brand,/promo-deals/page_10,Mobile,74
TP_001351,CUST_0340,7,SESS_793822,2026-02-18 08:00:00,affiliatenetwork,referral,Campaign_Promo_Winter,/promo-deals/page_1,Desktop,80
TP_001352,CUST_0340,6,SESS_793822,2026-02-20 17:00:00,linkedinads,paidsocial,Campaign_Promo_Winter,/promo-deals/page_2,Mobile,225
TP_001353,CUST_0342,2,SESS_853566,2026-03-25 13:00:00,facebookads,paidsocial,Campaign_Promo_Brand,/promo-deals/page_9,Mobile,83
TP_001354,CUST_0342,5,SESS_853566,2026-04-02 10:00:00,organicsearch,seo,Campaign_Promo_Brand,/promo-deals/page_9,Mobile,115
TP_001355,CUST_0342,6,SESS_448961,2026-05-09 08:00:00,linkedinads,paidsocial,Campaign_Promo_Winter,/promo-deals/page_2,Mobile,478
TP_001356,CUST_0342,3,SESS_448961,2026-05-10 05:00:00,newsletter,email,Campaign_Promo_Winter,/promo-deals/page_8,Desktop,462
TP_001357,CUST_0342,5,SESS_448961,2026-05-08 06:00:00,organicsearch,seo,Campaign_Promo_Brand,/promo-deals/page_5,Mobile,74
TP_001358,CUST_0342,4,SESS_448961,2026-05-03 01:00:00,directtraffic,direct,Campaign_Promo_Retarget,/promo-deals/page_2,Mobile,413
TP_001359,CUST_0342,3,SESS_448961,2026-05-15 20:00:00,newsletter,email,Campaign_Promo_Summer,/promo-deals/page_9,Desktop,386
TP_001360,CUST_0344,4,SESS_429579,2026-01-31 23:00:00,directtraffic,direct,Campaign_Promo_Retarget,/promo-deals/page_9,Tablet,519
TP_001361,CUST_0344,2,SESS_703099,2026-02-12 18:00:00,facebookads,paidsocial,Campaign_Promo_Brand,/promo-deals/page_1,Mobile,396
TP_001362,CUST_0344,5,SESS_703099,2026-02-15 00:00:00,organicsearch,seo,Campaign_Promo_Summer,/promo-deals/page_2,Desktop,159
TP_001363,CUST_0345,6,SESS_270163,2026-03-18 18:00:00,linkedinads,paidsocial,Campaign_Promo_Winter,/promo-deals/page_5,Mobile,486
TP_001364,CUST_0345,6,SESS_270163,2026-03-25 10:00:00,linkedinads,paidsocial,Campaign_Promo_Winter,/promo-deals/page_1,Mobile,478
TP_001365,CUST_0345,3,SESS_270163,2026-03-18 19:00:00,newsletter,email,Campaign_Promo_Summer,/promo-deals/page_6,Desktop,243
TP_001366,CUST_0345,7,SESS_270163,2026-03-18 15:00:00,affiliatenetwork,referral,Campaign_Promo_Summer,/promo-deals/page_1,Mobile,544
TP_001367,CUST_0345,1,SESS_982722,2026-05-14 22:00:00,googleads,paidsearch,Campaign_Promo_Summer,/promo-deals/page_2,Desktop,96
TP_001368,CUST_0345,1,SESS_982722,2026-05-17 07:00:00,googleads,paidsearch,Campaign_Promo_Retarget,/promo-deals/page_6,Mobile,67
TP_001369,CUST_0345,5,SESS_982722,2026-05-12 02:00:00,organicsearch,seo,Campaign_Promo_Winter,/promo-deals/page_2,Mobile,457
TP_001370,CUST_0345,4,SESS_982722,2026-05-21 06:00:00,directtraffic,direct,Campaign_Promo_Brand,/promo-deals/page_6,Mobile,163
TP_001371,CUST_0347,2,SESS_667820,2026-03-01 12:00:00,facebookads,paidsocial,Campaign_Promo_Retarget,/promo-deals/page_6,Mobile,480
TP_001372,CUST_0347,7,SESS_667820,2026-02-19 21:00:00,affiliatenetwork,referral,Campaign_Promo_Winter,/promo-deals/page_5,Mobile,107
TP_001373,CUST_0347,3,SESS_667820,2026-02-28 15:00:00,newsletter,email,Campaign_Promo_Brand,/promo-deals/page_4,Mobile,349
TP_001374,CUST_0347,7,SESS_260092,2026-03-05 06:00:00,affiliatenetwork,referral,Campaign_Promo_Winter,/promo-deals/page_7,Tablet,249
TP_001375,CUST_0347,5,SESS_260092,2026-03-06 09:00:00,organicsearch,seo,Campaign_Promo_Brand,/promo-deals/page_3,Desktop,598
TP_001376,CUST_0347,1,SESS_177809,2026-05-01 21:00:00,googleads,paidsearch,Campaign_Promo_Brand,/promo-deals/page_4,Mobile,333
TP_001377,CUST_0347,2,SESS_177809,2026-04-21 10:00:00,facebookads,paidsocial,Campaign_Promo_Retarget,/promo-deals/page_2,Tablet,74
TP_001378,CUST_0349,6,SESS_477732,2026-03-25 19:00:00,linkedinads,paidsocial,Campaign_Promo_Winter,/promo-deals/page_8,Mobile,312
TP_001379,CUST_0349,5,SESS_477732,2026-03-20 00:00:00,organicsearch,seo,Campaign_Promo_Retarget,/promo-deals/page_3,Mobile,368
TP_001380,CUST_0349,4,SESS_477732,2026-03-23 13:00:00,directtraffic,direct,Campaign_Promo_Brand,/promo-deals/page_8,Mobile,84
TP_001381,CUST_0349,3,SESS_477732,2026-03-22 15:00:00,newsletter,email,Campaign_Promo_Winter,/promo-deals/page_1,Mobile,174
TP_001382,CUST_0350,7,SESS_187265,2026-04-10 19:00:00,affiliatenetwork,referral,Campaign_Promo_Winter,/promo-deals/page_3,Desktop,462
TP_001383,CUST_0350,3,SESS_187265,2026-04-05 16:00:00,newsletter,email,Campaign_Promo_Retarget,/promo-deals/page_5,Tablet,404
TP_001384,CUST_0350,2,SESS_187265,2026-04-15 16:00:00,facebookads,paidsocial,Campaign_Promo_Brand,/promo-deals/page_7,Desktop,303
TP_001385,CUST_0350,6,SESS_187265,2026-04-07 19:00:00,linkedinads,paidsocial,Campaign_Promo_Brand,/promo-deals/page_3,Desktop,227
TP_001386,CUST_0350,3,SESS_187265,2026-04-12 01:00:00,newsletter,email,Campaign_Promo_Summer,/promo-deals/page_9,Tablet,518
TP_001387,CUST_0351,1,SESS_648878,2026-02-17 10:00:00,googleads,paidsearch,Campaign_Promo_Summer,/promo-deals/page_2,Desktop,93
TP_001388,CUST_0351,1,SESS_177819,2026-03-21 22:00:00,googleads,paidsearch,Campaign_Promo_Retarget,/promo-deals/page_1,Mobile,552
TP_001389,CUST_0351,4,SESS_177819,2026-03-21 05:00:00,directtraffic,direct,Campaign_Promo_Brand,/promo-deals/page_5,Mobile,69
TP_001390,CUST_0351,6,SESS_177819,2026-03-21 19:00:00,linkedinads,paidsocial,Campaign_Promo_Retarget,/promo-deals/page_9,Mobile,261
TP_001391,CUST_0351,3,SESS_177819,2026-03-17 11:00:00,newsletter,email,Campaign_Promo_Summer,/promo-deals/page_4,Desktop,249
TP_001392,CUST_0351,2,SESS_796431,2026-04-14 12:00:00,facebookads,paidsocial,Campaign_Promo_Retarget,/promo-deals/page_10,Mobile,55
TP_001393,CUST_0351,2,SESS_796431,2026-04-26 16:00:00,facebookads,paidsocial,Campaign_Promo_Brand,/promo-deals/page_2,Desktop,410
TP_001394,CUST_0351,7,SESS_796431,2026-04-22 05:00:00,affiliatenetwork,referral,Campaign_Promo_Winter,/promo-deals/page_8,Desktop,374
TP_001395,CUST_0351,3,SESS_796431,2026-04-23 04:00:00,newsletter,email,Campaign_Promo_Brand,/promo-deals/page_3,Desktop,175
TP_001396,CUST_0352,2,SESS_328096,2026-02-20 22:00:00,facebookads,paidsocial,Campaign_Promo_Summer,/promo-deals/page_4,Mobile,417
TP_001397,CUST_0352,1,SESS_328096,2026-02-28 11:00:00,googleads,paidsearch,Campaign_Promo_Summer,/promo-deals/page_7,Mobile,539
TP_001398,CUST_0352,7,SESS_328096,2026-02-26 15:00:00,affiliatenetwork,referral,Campaign_Promo_Winter,/promo-deals/page_7,Mobile,552
TP_001399,CUST_0353,6,SESS_137606,2026-04-07 23:00:00,linkedinads,paidsocial,Campaign_Promo_Retarget,/promo-deals/page_2,Mobile,466
TP_001400,CUST_0353,7,SESS_137606,2026-04-12 07:00:00,affiliatenetwork,referral,Campaign_Promo_Winter,/promo-deals/page_5,Mobile,520
TP_001401,CUST_0353,5,SESS_137606,2026-04-19 08:00:00,organicsearch,seo,Campaign_Promo_Winter,/promo-deals/page_1,Mobile,178
TP_001402,CUST_0353,7,SESS_137606,2026-04-08 04:00:00,affiliatenetwork,referral,Campaign_Promo_Winter,/promo-deals/page_2,Desktop,378
TP_001403,CUST_0353,7,SESS_791456,2026-05-23 03:00:00,affiliatenetwork,referral,Campaign_Promo_Retarget,/promo-deals/page_5,Mobile,105
TP_001404,CUST_0353,3,SESS_791456,2026-05-23 22:00:00,newsletter,email,Campaign_Promo_Brand,/promo-deals/page_2,Mobile,439
TP_001405,CUST_0353,2,SESS_791456,2026-05-14 01:00:00,facebookads,paidsocial,Campaign_Promo_Winter,/promo-deals/page_7,Mobile,407
TP_001406,CUST_0354,2,SESS_545921,2026-01-12 10:00:00,facebookads,paidsocial,Campaign_Promo_Retarget,/promo-deals/page_1,Desktop,530
TP_001407,CUST_0354,7,SESS_545921,2026-01-16 19:00:00,affiliatenetwork,referral,Campaign_Promo_Retarget,/promo-deals/page_8,Mobile,314
TP_001408,CUST_0354,6,SESS_545921,2026-01-12 01:00:00,linkedinads,paidsocial,Campaign_Promo_Retarget,/promo-deals/page_2,Mobile,355
TP_001409,CUST_0354,7,SESS_545921,2026-01-21 09:00:00,affiliatenetwork,referral,Campaign_Promo_Summer,/promo-deals/page_1,Mobile,130
TP_001410,CUST_0354,7,SESS_545921,2026-01-13 06:00:00,affiliatenetwork,referral,Campaign_Promo_Winter,/promo-deals/page_8,Mobile,87
TP_001411,CUST_0354,5,SESS_710939,2026-02-07 06:00:00,organicsearch,seo,Campaign_Promo_Summer,/promo-deals/page_5,Mobile,67
TP_001412,CUST_0354,4,SESS_731593,2026-03-10 08:00:00,directtraffic,direct,Campaign_Promo_Brand,/promo-deals/page_7,Tablet,320
TP_001413,CUST_0356,4,SESS_587459,2026-02-17 06:00:00,directtraffic,direct,Campaign_Promo_Brand,/promo-deals/page_6,Desktop,468
TP_001414,CUST_0356,2,SESS_587459,2026-02-16 15:00:00,facebookads,paidsocial,Campaign_Promo_Brand,/promo-deals/page_3,Mobile,349
TP_001415,CUST_0356,6,SESS_357118,2026-04-04 15:00:00,linkedinads,paidsocial,Campaign_Promo_Retarget,/promo-deals/page_3,Mobile,409
TP_001416,CUST_0356,4,SESS_357118,2026-04-12 12:00:00,directtraffic,direct,Campaign_Promo_Winter,/promo-deals/page_4,Desktop,559
TP_001417,CUST_0356,2,SESS_357118,2026-04-05 23:00:00,facebookads,paidsocial,Campaign_Promo_Brand,/promo-deals/page_3,Mobile,13
TP_001418,CUST_0356,5,SESS_247911,2026-04-16 08:00:00,organicsearch,seo,Campaign_Promo_Summer,/promo-deals/page_3,Tablet,182
TP_001419,CUST_0356,1,SESS_247911,2026-04-18 20:00:00,googleads,paidsearch,Campaign_Promo_Retarget,/promo-deals/page_5,Tablet,12
TP_001420,CUST_0357,1,SESS_877133,2025-12-31 06:00:00,googleads,paidsearch,Campaign_Promo_Retarget,/promo-deals/page_5,Mobile,481
TP_001421,CUST_0357,1,SESS_877133,2026-01-09 04:00:00,googleads,paidsearch,Campaign_Promo_Summer,/promo-deals/page_9,Mobile,546
TP_001422,CUST_0357,4,SESS_877133,2026-01-04 17:00:00,directtraffic,direct,Campaign_Promo_Winter,/promo-deals/page_2,Tablet,411
TP_001423,CUST_0357,7,SESS_877133,2026-01-09 23:00:00,affiliatenetwork,referral,Campaign_Promo_Winter,/promo-deals/page_8,Desktop,512
TP_001424,CUST_0357,4,SESS_877133,2026-01-02 21:00:00,directtraffic,direct,Campaign_Promo_Summer,/promo-deals/page_1,Mobile,307
TP_001425,CUST_0358,3,SESS_353981,2026-05-12 13:00:00,newsletter,email,Campaign_Promo_Winter,/promo-deals/page_8,Mobile,156
TP_001426,CUST_0358,2,SESS_353981,2026-05-07 20:00:00,facebookads,paidsocial,Campaign_Promo_Brand,/promo-deals/page_2,Desktop,142
TP_001427,CUST_0358,5,SESS_464696,2026-05-19 16:00:00,organicsearch,seo,Campaign_Promo_Brand,/promo-deals/page_10,Mobile,204
TP_001428,CUST_0359,6,SESS_937232,2026-02-25 02:00:00,linkedinads,paidsocial,Campaign_Promo_Summer,/promo-deals/page_5,Desktop,515
TP_001429,CUST_0359,1,SESS_937232,2026-02-26 02:00:00,googleads,paidsearch,Campaign_Promo_Summer,/promo-deals/page_4,Mobile,542
TP_001430,CUST_0359,7,SESS_937232,2026-02-13 09:00:00,affiliatenetwork,referral,Campaign_Promo_Summer,/promo-deals/page_8,Desktop,382
TP_001431,CUST_0359,5,SESS_937232,2026-02-26 05:00:00,organicsearch,seo,Campaign_Promo_Winter,/promo-deals/page_4,Tablet,95
TP_001432,CUST_0360,5,SESS_511879,2026-01-12 22:00:00,organicsearch,seo,Campaign_Promo_Summer,/promo-deals/page_4,Mobile,557
TP_001433,CUST_0360,3,SESS_511879,2026-01-23 04:00:00,newsletter,email,Campaign_Promo_Retarget,/promo-deals/page_8,Mobile,552
TP_001434,CUST_0360,5,SESS_511879,2026-01-22 03:00:00,organicsearch,seo,Campaign_Promo_Summer,/promo-deals/page_10,Mobile,267
TP_001435,CUST_0360,6,SESS_223478,2026-01-24 21:00:00,linkedinads,paidsocial,Campaign_Promo_Retarget,/promo-deals/page_4,Desktop,538
TP_001436,CUST_0360,2,SESS_223478,2026-01-25 18:00:00,facebookads,paidsocial,Campaign_Promo_Winter,/promo-deals/page_6,Mobile,284
TP_001437,CUST_0360,1,SESS_223478,2026-01-22 15:00:00,googleads,paidsearch,Campaign_Promo_Brand,/promo-deals/page_2,Mobile,245
TP_001438,CUST_0360,2,SESS_223478,2026-01-31 12:00:00,facebookads,paidsocial,Campaign_Promo_Brand,/promo-deals/page_7,Mobile,55
TP_001439,CUST_0360,7,SESS_223478,2026-02-01 14:00:00,affiliatenetwork,referral,Campaign_Promo_Brand,/promo-deals/page_2,Desktop,159
TP_001440,CUST_0360,4,SESS_427209,2026-03-12 12:00:00,directtraffic,direct,Campaign_Promo_Retarget,/promo-deals/page_7,Desktop,590
TP_001441,CUST_0360,3,SESS_427209,2026-03-11 17:00:00,newsletter,email,Campaign_Promo_Winter,/promo-deals/page_4,Desktop,330
TP_001442,CUST_0360,6,SESS_427209,2026-03-06 01:00:00,linkedinads,paidsocial,Campaign_Promo_Summer,/promo-deals/page_8,Mobile,55
TP_001443,CUST_0360,3,SESS_427209,2026-03-07 01:00:00,newsletter,email,Campaign_Promo_Brand,/promo-deals/page_8,Mobile,207
TP_001444,CUST_0361,7,SESS_170851,2026-04-05 00:00:00,affiliatenetwork,referral,Campaign_Promo_Retarget,/promo-deals/page_5,Mobile,489
TP_001445,CUST_0361,5,SESS_170851,2026-04-07 10:00:00,organicsearch,seo,Campaign_Promo_Summer,/promo-deals/page_4,Mobile,156
TP_001446,CUST_0361,7,SESS_170851,2026-03-29 22:00:00,affiliatenetwork,referral,Campaign_Promo_Retarget,/promo-deals/page_9,Mobile,112
TP_001447,CUST_0361,1,SESS_170851,2026-04-01 13:00:00,googleads,paidsearch,Campaign_Promo_Retarget,/promo-deals/page_5,Mobile,493
TP_001448,CUST_0362,6,SESS_436953,2026-04-22 06:00:00,linkedinads,paidsocial,Campaign_Promo_Winter,/promo-deals/page_4,Mobile,367
TP_001449,CUST_0362,4,SESS_436953,2026-04-24 00:00:00,directtraffic,direct,Campaign_Promo_Summer,/promo-deals/page_10,Mobile,280
TP_001450,CUST_0362,1,SESS_436953,2026-04-21 12:00:00,googleads,paidsearch,Campaign_Promo_Brand,/promo-deals/page_6,Desktop,243
TP_001451,CUST_0364,2,SESS_628854,2026-03-14 06:00:00,facebookads,paidsocial,Campaign_Promo_Summer,/promo-deals/page_3,Mobile,578
TP_001452,CUST_0364,3,SESS_628854,2026-03-11 02:00:00,newsletter,email,Campaign_Promo_Brand,/promo-deals/page_5,Desktop,202
TP_001453,CUST_0364,6,SESS_628854,2026-03-19 23:00:00,linkedinads,paidsocial,Campaign_Promo_Retarget,/promo-deals/page_10,Desktop,19
TP_001454,CUST_0365,1,SESS_364148,2026-03-24 01:00:00,googleads,paidsearch,Campaign_Promo_Brand,/promo-deals/page_5,Mobile,350
TP_001455,CUST_0365,4,SESS_364148,2026-03-29 21:00:00,directtraffic,direct,Campaign_Promo_Summer,/promo-deals/page_7,Mobile,397
TP_001456,CUST_0366,6,SESS_764987,2026-03-24 11:00:00,linkedinads,paidsocial,Campaign_Promo_Retarget,/promo-deals/page_4,Mobile,176
TP_001457,CUST_0366,6,SESS_764987,2026-03-27 02:00:00,linkedinads,paidsocial,Campaign_Promo_Brand,/promo-deals/page_4,Mobile,144
TP_001458,CUST_0366,3,SESS_764987,2026-03-29 18:00:00,newsletter,email,Campaign_Promo_Brand,/promo-deals/page_3,Mobile,50
TP_001459,CUST_0366,6,SESS_764987,2026-04-01 15:00:00,linkedinads,paidsocial,Campaign_Promo_Retarget,/promo-deals/page_5,Mobile,523
TP_001460,CUST_0366,6,SESS_764987,2026-03-26 09:00:00,linkedinads,paidsocial,Campaign_Promo_Brand,/promo-deals/page_6,Mobile,486
TP_001461,CUST_0366,2,SESS_764253,2026-04-05 22:00:00,facebookads,paidsocial,Campaign_Promo_Brand,/promo-deals/page_9,Desktop,16
TP_001462,CUST_0366,6,SESS_764253,2026-04-11 19:00:00,linkedinads,paidsocial,Campaign_Promo_Winter,/promo-deals/page_7,Mobile,320
TP_001463,CUST_0366,2,SESS_764253,2026-04-18 16:00:00,facebookads,paidsocial,Campaign_Promo_Winter,/promo-deals/page_7,Tablet,535
TP_001464,CUST_0366,7,SESS_764253,2026-04-05 17:00:00,affiliatenetwork,referral,Campaign_Promo_Retarget,/promo-deals/page_4,Desktop,339
TP_001465,CUST_0366,6,SESS_858649,2026-05-09 23:00:00,linkedinads,paidsocial,Campaign_Promo_Brand,/promo-deals/page_2,Mobile,430
TP_001466,CUST_0366,6,SESS_858649,2026-05-13 16:00:00,linkedinads,paidsocial,Campaign_Promo_Retarget,/promo-deals/page_3,Mobile,63
TP_001467,CUST_0366,4,SESS_858649,2026-05-16 00:00:00,directtraffic,direct,Campaign_Promo_Brand,/promo-deals/page_4,Tablet,243
TP_001468,CUST_0366,5,SESS_858649,2026-05-20 06:00:00,organicsearch,seo,Campaign_Promo_Brand,/promo-deals/page_10,Desktop,481
TP_001469,CUST_0366,1,SESS_858649,2026-05-07 21:00:00,googleads,paidsearch,Campaign_Promo_Brand,/promo-deals/page_3,Mobile,387
TP_001470,CUST_0369,3,SESS_217736,2026-02-15 02:00:00,newsletter,email,Campaign_Promo_Retarget,/promo-deals/page_5,Desktop,262
TP_001471,CUST_0369,2,SESS_217736,2026-02-15 13:00:00,facebookads,paidsocial,Campaign_Promo_Retarget,/promo-deals/page_2,Desktop,447
TP_001472,CUST_0369,1,SESS_217736,2026-03-01 15:00:00,googleads,paidsearch,Campaign_Promo_Winter,/promo-deals/page_1,Mobile,420
TP_001473,CUST_0369,2,SESS_217736,2026-02-19 20:00:00,facebookads,paidsocial,Campaign_Promo_Summer,/promo-deals/page_3,Mobile,342
TP_001474,CUST_0369,3,SESS_217736,2026-02-15 13:00:00,newsletter,email,Campaign_Promo_Brand,/promo-deals/page_5,Mobile,76
TP_001475,CUST_0369,7,SESS_945679,2026-03-20 03:00:00,affiliatenetwork,referral,Campaign_Promo_Summer,/promo-deals/page_3,Tablet,446
TP_001476,CUST_0369,2,SESS_945679,2026-03-26 22:00:00,facebookads,paidsocial,Campaign_Promo_Brand,/promo-deals/page_10,Mobile,72
TP_001477,CUST_0369,2,SESS_523578,2026-04-23 23:00:00,facebookads,paidsocial,Campaign_Promo_Summer,/promo-deals/page_2,Mobile,174
TP_001478,CUST_0369,2,SESS_523578,2026-04-29 01:00:00,facebookads,paidsocial,Campaign_Promo_Winter,/promo-deals/page_1,Desktop,119
TP_001479,CUST_0369,6,SESS_523578,2026-04-26 00:00:00,linkedinads,paidsocial,Campaign_Promo_Summer,/promo-deals/page_1,Desktop,75
TP_001480,CUST_0369,2,SESS_523578,2026-04-26 05:00:00,facebookads,paidsocial,Campaign_Promo_Summer,/promo-deals/page_5,Mobile,513
TP_001481,CUST_0370,5,SESS_712169,2026-02-14 10:00:00,organicsearch,seo,Campaign_Promo_Retarget,/promo-deals/page_3,Desktop,113
TP_001482,CUST_0370,4,SESS_153437,2026-04-03 22:00:00,directtraffic,direct,Campaign_Promo_Retarget,/promo-deals/page_6,Mobile,419
TP_001483,CUST_0370,2,SESS_153437,2026-04-15 06:00:00,facebookads,paidsocial,Campaign_Promo_Winter,/promo-deals/page_2,Desktop,396
TP_001484,CUST_0370,7,SESS_345783,2026-04-25 18:00:00,affiliatenetwork,referral,Campaign_Promo_Winter,/promo-deals/page_5,Mobile,316
TP_001485,CUST_0370,3,SESS_345783,2026-04-11 01:00:00,newsletter,email,Campaign_Promo_Summer,/promo-deals/page_5,Mobile,518
TP_001486,CUST_0370,7,SESS_345783,2026-04-20 06:00:00,affiliatenetwork,referral,Campaign_Promo_Summer,/promo-deals/page_1,Mobile,575
TP_001487,CUST_0370,6,SESS_345783,2026-04-25 23:00:00,linkedinads,paidsocial,Campaign_Promo_Retarget,/promo-deals/page_2,Mobile,92
TP_001488,CUST_0373,7,SESS_472325,2026-02-26 20:00:00,affiliatenetwork,referral,Campaign_Promo_Summer,/promo-deals/page_1,Mobile,205
TP_001489,CUST_0373,3,SESS_472325,2026-03-03 20:00:00,newsletter,email,Campaign_Promo_Retarget,/promo-deals/page_8,Mobile,456
TP_001490,CUST_0373,3,SESS_472325,2026-03-07 10:00:00,newsletter,email,Campaign_Promo_Retarget,/promo-deals/page_2,Desktop,112
TP_001491,CUST_0373,4,SESS_472325,2026-02-25 21:00:00,directtraffic,direct,Campaign_Promo_Winter,/promo-deals/page_4,Desktop,16
TP_001492,CUST_0373,4,SESS_472325,2026-02-27 21:00:00,directtraffic,direct,Campaign_Promo_Brand,/promo-deals/page_2,Mobile,292
TP_001493,CUST_0373,5,SESS_701468,2026-04-16 09:00:00,organicsearch,seo,Campaign_Promo_Retarget,/promo-deals/page_9,Tablet,397
TP_001494,CUST_0373,6,SESS_701468,2026-04-08 02:00:00,linkedinads,paidsocial,Campaign_Promo_Winter,/promo-deals/page_6,Mobile,567
TP_001495,CUST_0373,4,SESS_899491,2026-05-21 04:00:00,directtraffic,direct,Campaign_Promo_Brand,/promo-deals/page_7,Tablet,230
TP_001496,CUST_0373,7,SESS_899491,2026-05-15 00:00:00,affiliatenetwork,referral,Campaign_Promo_Retarget,/promo-deals/page_3,Mobile,16
TP_001497,CUST_0373,7,SESS_899491,2026-05-14 10:00:00,affiliatenetwork,referral,Campaign_Promo_Winter,/promo-deals/page_2,Mobile,560
TP_001498,CUST_0373,7,SESS_899491,2026-05-14 14:00:00,affiliatenetwork,referral,Campaign_Promo_Winter,/promo-deals/page_5,Mobile,44
TP_001499,CUST_0374,7,SESS_485178,2026-05-04 20:00:00,affiliatenetwork,referral,Campaign_Promo_Retarget,/promo-deals/page_6,Desktop,561
TP_001500,CUST_0374,1,SESS_485178,2026-05-08 15:00:00,googleads,paidsearch,Campaign_Promo_Summer,/promo-deals/page_8,Desktop,314
TP_001501,CUST_0374,7,SESS_863786,2026-05-21 10:00:00,affiliatenetwork,referral,Campaign_Promo_Summer,/promo-deals/page_7,Mobile,23
TP_001502,CUST_0376,2,SESS_669746,2026-04-06 09:00:00,facebookads,paidsocial,Campaign_Promo_Summer,/promo-deals/page_3,Desktop,111
TP_001503,CUST_0376,6,SESS_669746,2026-04-09 11:00:00,linkedinads,paidsocial,Campaign_Promo_Retarget,/promo-deals/page_2,Mobile,469
TP_001504,CUST_0376,6,SESS_669746,2026-04-11 10:00:00,linkedinads,paidsocial,Campaign_Promo_Retarget,/promo-deals/page_6,Mobile,172
TP_001505,CUST_0376,5,SESS_684199,2026-05-10 15:00:00,organicsearch,seo,Campaign_Promo_Brand,/promo-deals/page_4,Mobile,469
TP_001506,CUST_0376,6,SESS_684199,2026-05-10 18:00:00,linkedinads,paidsocial,Campaign_Promo_Retarget,/promo-deals/page_4,Desktop,98
TP_001507,CUST_0376,5,SESS_684199,2026-05-07 16:00:00,organicsearch,seo,Campaign_Promo_Brand,/promo-deals/page_9,Mobile,423
TP_001508,CUST_0378,4,SESS_134769,2026-04-04 18:00:00,directtraffic,direct,Campaign_Promo_Retarget,/promo-deals/page_1,Mobile,325
TP_001509,CUST_0378,3,SESS_134769,2026-04-02 22:00:00,newsletter,email,Campaign_Promo_Summer,/promo-deals/page_5,Mobile,128
TP_001510,CUST_0378,4,SESS_134769,2026-04-03 01:00:00,directtraffic,direct,Campaign_Promo_Winter,/promo-deals/page_3,Desktop,517
TP_001511,CUST_0378,3,SESS_134769,2026-03-31 11:00:00,newsletter,email,Campaign_Promo_Retarget,/promo-deals/page_3,Mobile,326
TP_001512,CUST_0382,1,SESS_709845,2026-03-11 00:00:00,googleads,paidsearch,Campaign_Promo_Retarget,/promo-deals/page_4,Desktop,286
TP_001513,CUST_0382,2,SESS_709845,2026-03-01 06:00:00,facebookads,paidsocial,Campaign_Promo_Summer,/promo-deals/page_4,Mobile,393
TP_001514,CUST_0382,3,SESS_709845,2026-03-07 02:00:00,newsletter,email,Campaign_Promo_Brand,/promo-deals/page_4,Mobile,498
TP_001515,CUST_0383,5,SESS_697167,2026-01-14 10:00:00,organicsearch,seo,Campaign_Promo_Retarget,/promo-deals/page_10,Mobile,182
TP_001516,CUST_0383,1,SESS_697167,2026-01-16 15:00:00,googleads,paidsearch,Campaign_Promo_Summer,/promo-deals/page_8,Mobile,222
TP_001517,CUST_0383,2,SESS_697167,2026-01-17 12:00:00,facebookads,paidsocial,Campaign_Promo_Brand,/promo-deals/page_7,Desktop,421
TP_001518,CUST_0383,1,SESS_697167,2026-01-19 02:00:00,googleads,paidsearch,Campaign_Promo_Retarget,/promo-deals/page_8,Tablet,581
TP_001519,CUST_0385,5,SESS_175163,2026-01-08 22:00:00,organicsearch,seo,Campaign_Promo_Summer,/promo-deals/page_5,Mobile,463
TP_001520,CUST_0385,6,SESS_175163,2026-01-07 05:00:00,linkedinads,paidsocial,Campaign_Promo_Retarget,/promo-deals/page_2,Mobile,412
TP_001521,CUST_0385,4,SESS_175163,2026-01-17 20:00:00,directtraffic,direct,Campaign_Promo_Winter,/promo-deals/page_2,Desktop,566
TP_001522,CUST_0385,5,SESS_175163,2026-01-11 23:00:00,organicsearch,seo,Campaign_Promo_Winter,/promo-deals/page_4,Desktop,452
TP_001523,CUST_0385,4,SESS_470527,2026-02-24 23:00:00,directtraffic,direct,Campaign_Promo_Brand,/promo-deals/page_8,Mobile,431
TP_001524,CUST_0385,6,SESS_470527,2026-03-06 03:00:00,linkedinads,paidsocial,Campaign_Promo_Brand,/promo-deals/page_4,Desktop,303
TP_001525,CUST_0385,3,SESS_470527,2026-03-07 01:00:00,newsletter,email,Campaign_Promo_Summer,/promo-deals/page_3,Mobile,578
TP_001526,CUST_0385,1,SESS_923020,2026-04-10 23:00:00,googleads,paidsearch,Campaign_Promo_Retarget,/promo-deals/page_2,Mobile,334
TP_001527,CUST_0385,3,SESS_923020,2026-04-08 07:00:00,newsletter,email,Campaign_Promo_Summer,/promo-deals/page_10,Desktop,406
TP_001528,CUST_0385,5,SESS_923020,2026-04-10 04:00:00,organicsearch,seo,Campaign_Promo_Summer,/promo-deals/page_5,Mobile,310
TP_001529,CUST_0385,7,SESS_923020,2026-04-13 11:00:00,affiliatenetwork,referral,Campaign_Promo_Retarget,/promo-deals/page_10,Desktop,70
TP_001530,CUST_0385,7,SESS_923020,2026-04-06 00:00:00,affiliatenetwork,referral,Campaign_Promo_Brand,/promo-deals/page_4,Mobile,514
TP_001531,CUST_0386,2,SESS_717905,2026-03-14 02:00:00,facebookads,paidsocial,Campaign_Promo_Retarget,/promo-deals/page_2,Mobile,102
TP_001532,CUST_0386,1,SESS_717905,2026-03-10 21:00:00,googleads,paidsearch,Campaign_Promo_Winter,/promo-deals/page_10,Mobile,367
TP_001533,CUST_0386,4,SESS_717905,2026-03-11 23:00:00,directtraffic,direct,Campaign_Promo_Retarget,/promo-deals/page_5,Desktop,199
TP_001534,CUST_0386,6,SESS_717905,2026-03-16 05:00:00,linkedinads,paidsocial,Campaign_Promo_Retarget,/promo-deals/page_9,Desktop,570
TP_001535,CUST_0386,1,SESS_717905,2026-03-08 05:00:00,googleads,paidsearch,Campaign_Promo_Summer,/promo-deals/page_8,Desktop,139
TP_001536,CUST_0387,2,SESS_366435,2026-03-12 04:00:00,facebookads,paidsocial,Campaign_Promo_Retarget,/promo-deals/page_8,Mobile,241
TP_001537,CUST_0387,3,SESS_366435,2026-03-20 21:00:00,newsletter,email,Campaign_Promo_Retarget,/promo-deals/page_1,Mobile,569
TP_001538,CUST_0387,6,SESS_366435,2026-03-12 01:00:00,linkedinads,paidsocial,Campaign_Promo_Winter,/promo-deals/page_5,Mobile,53
TP_001539,CUST_0387,5,SESS_451442,2026-05-20 13:00:00,organicsearch,seo,Campaign_Promo_Brand,/promo-deals/page_5,Desktop,570
TP_001540,CUST_0387,2,SESS_451442,2026-05-10 13:00:00,facebookads,paidsocial,Campaign_Promo_Summer,/promo-deals/page_7,Mobile,415
TP_001541,CUST_0387,4,SESS_451442,2026-05-10 07:00:00,directtraffic,direct,Campaign_Promo_Brand,/promo-deals/page_10,Mobile,506
TP_001542,CUST_0387,2,SESS_451442,2026-05-09 04:00:00,facebookads,paidsocial,Campaign_Promo_Retarget,/promo-deals/page_9,Mobile,538
TP_001543,CUST_0387,4,SESS_451442,2026-05-18 23:00:00,directtraffic,direct,Campaign_Promo_Winter,/promo-deals/page_2,Tablet,313
TP_001544,CUST_0388,7,SESS_180283,2026-04-07 17:00:00,affiliatenetwork,referral,Campaign_Promo_Winter,/promo-deals/page_6,Tablet,185
TP_001545,CUST_0388,3,SESS_995702,2026-05-07 19:00:00,newsletter,email,Campaign_Promo_Brand,/promo-deals/page_2,Mobile,217
TP_001546,CUST_0388,2,SESS_995702,2026-05-05 02:00:00,facebookads,paidsocial,Campaign_Promo_Winter,/promo-deals/page_8,Tablet,151
TP_001547,CUST_0389,5,SESS_348264,2026-03-18 23:00:00,organicsearch,seo,Campaign_Promo_Winter,/promo-deals/page_4,Mobile,149
TP_001548,CUST_0389,3,SESS_348264,2026-03-16 04:00:00,newsletter,email,Campaign_Promo_Winter,/promo-deals/page_2,Tablet,417
TP_001549,CUST_0389,5,SESS_348264,2026-03-21 21:00:00,organicsearch,seo,Campaign_Promo_Brand,/promo-deals/page_2,Desktop,271
TP_001550,CUST_0389,7,SESS_189710,2026-04-16 15:00:00,affiliatenetwork,referral,Campaign_Promo_Retarget,/promo-deals/page_9,Desktop,550
TP_001551,CUST_0389,3,SESS_189710,2026-04-13 03:00:00,newsletter,email,Campaign_Promo_Winter,/promo-deals/page_5,Mobile,591
TP_001552,CUST_0389,2,SESS_189710,2026-04-19 19:00:00,facebookads,paidsocial,Campaign_Promo_Brand,/promo-deals/page_10,Desktop,511
TP_001553,CUST_0390,6,SESS_337493,2026-03-29 23:00:00,linkedinads,paidsocial,Campaign_Promo_Winter,/promo-deals/page_4,Desktop,105
TP_001554,CUST_0390,3,SESS_337493,2026-04-02 08:00:00,newsletter,email,Campaign_Promo_Brand,/promo-deals/page_2,Mobile,26
TP_001555,CUST_0391,6,SESS_493479,2026-03-29 21:00:00,linkedinads,paidsocial,Campaign_Promo_Brand,/promo-deals/page_9,Desktop,457
TP_001556,CUST_0391,2,SESS_493479,2026-03-21 16:00:00,facebookads,paidsocial,Campaign_Promo_Summer,/promo-deals/page_4,Mobile,491
TP_001557,CUST_0392,5,SESS_899626,2026-01-08 05:00:00,organicsearch,seo,Campaign_Promo_Brand,/promo-deals/page_4,Mobile,359
TP_001558,CUST_0392,7,SESS_899626,2026-01-16 11:00:00,affiliatenetwork,referral,Campaign_Promo_Summer,/promo-deals/page_5,Mobile,454
TP_001559,CUST_0392,6,SESS_899626,2026-01-10 13:00:00,linkedinads,paidsocial,Campaign_Promo_Winter,/promo-deals/page_4,Tablet,154
TP_001560,CUST_0392,4,SESS_416418,2026-02-24 16:00:00,directtraffic,direct,Campaign_Promo_Retarget,/promo-deals/page_2,Mobile,540
TP_001561,CUST_0392,2,SESS_416418,2026-03-10 21:00:00,facebookads,paidsocial,Campaign_Promo_Winter,/promo-deals/page_6,Desktop,213
TP_001562,CUST_0392,1,SESS_416418,2026-03-02 20:00:00,googleads,paidsearch,Campaign_Promo_Winter,/promo-deals/page_9,Tablet,69
TP_001563,CUST_0392,6,SESS_416418,2026-02-28 06:00:00,linkedinads,paidsocial,Campaign_Promo_Summer,/promo-deals/page_6,Desktop,465
TP_001564,CUST_0392,6,SESS_416418,2026-03-10 11:00:00,linkedinads,paidsocial,Campaign_Promo_Retarget,/promo-deals/page_9,Mobile,515
TP_001565,CUST_0392,4,SESS_863770,2026-04-04 11:00:00,directtraffic,direct,Campaign_Promo_Brand,/promo-deals/page_6,Desktop,147
TP_001566,CUST_0392,5,SESS_863770,2026-04-13 00:00:00,organicsearch,seo,Campaign_Promo_Summer,/promo-deals/page_4,Mobile,495
TP_001567,CUST_0392,2,SESS_863770,2026-04-14 22:00:00,facebookads,paidsocial,Campaign_Promo_Brand,/promo-deals/page_8,Mobile,527
TP_001568,CUST_0392,2,SESS_863770,2026-04-03 16:00:00,facebookads,paidsocial,Campaign_Promo_Retarget,/promo-deals/page_3,Mobile,320
TP_001569,CUST_0392,7,SESS_863770,2026-04-02 20:00:00,affiliatenetwork,referral,Campaign_Promo_Brand,/promo-deals/page_1,Desktop,167
TP_001570,CUST_0393,1,SESS_232470,2026-03-09 21:00:00,googleads,paidsearch,Campaign_Promo_Winter,/promo-deals/page_2,Desktop,566
TP_001571,CUST_0393,2,SESS_319895,2026-04-03 14:00:00,facebookads,paidsocial,Campaign_Promo_Retarget,/promo-deals/page_3,Mobile,316
TP_001572,CUST_0393,7,SESS_319895,2026-03-27 13:00:00,affiliatenetwork,referral,Campaign_Promo_Winter,/promo-deals/page_6,Mobile,478
TP_001573,CUST_0393,2,SESS_319895,2026-03-23 23:00:00,facebookads,paidsocial,Campaign_Promo_Retarget,/promo-deals/page_1,Mobile,195
TP_001574,CUST_0393,5,SESS_592388,2026-04-23 17:00:00,organicsearch,seo,Campaign_Promo_Summer,/promo-deals/page_7,Mobile,547
TP_001575,CUST_0396,2,SESS_565694,2026-01-24 12:00:00,facebookads,paidsocial,Campaign_Promo_Summer,/promo-deals/page_6,Desktop,53
TP_001576,CUST_0396,4,SESS_565694,2026-01-17 13:00:00,directtraffic,direct,Campaign_Promo_Winter,/promo-deals/page_8,Desktop,282
TP_001577,CUST_0396,6,SESS_565694,2026-01-14 18:00:00,linkedinads,paidsocial,Campaign_Promo_Summer,/promo-deals/page_5,Desktop,99
TP_001578,CUST_0396,3,SESS_565694,2026-01-16 03:00:00,newsletter,email,Campaign_Promo_Winter,/promo-deals/page_6,Desktop,29
TP_001579,CUST_0396,1,SESS_565694,2026-01-13 06:00:00,googleads,paidsearch,Campaign_Promo_Retarget,/promo-deals/page_5,Mobile,211
TP_001580,CUST_0396,1,SESS_744529,2026-02-08 09:00:00,googleads,paidsearch,Campaign_Promo_Summer,/promo-deals/page_3,Desktop,290
TP_001581,CUST_0396,5,SESS_744529,2026-02-07 16:00:00,organicsearch,seo,Campaign_Promo_Retarget,/promo-deals/page_4,Mobile,546
TP_001582,CUST_0396,7,SESS_744529,2026-02-09 02:00:00,affiliatenetwork,referral,Campaign_Promo_Retarget,/promo-deals/page_9,Mobile,338
TP_001583,CUST_0396,4,SESS_744529,2026-02-07 04:00:00,directtraffic,direct,Campaign_Promo_Brand,/promo-deals/page_3,Mobile,489
TP_001584,CUST_0396,6,SESS_826967,2026-03-26 11:00:00,linkedinads,paidsocial,Campaign_Promo_Retarget,/promo-deals/page_8,Desktop,70
TP_001585,CUST_0396,1,SESS_826967,2026-03-23 02:00:00,googleads,paidsearch,Campaign_Promo_Winter,/promo-deals/page_1,Mobile,59
TP_001586,CUST_0397,7,SESS_364703,2026-02-07 23:00:00,affiliatenetwork,referral,Campaign_Promo_Summer,/promo-deals/page_3,Mobile,330
TP_001587,CUST_0397,3,SESS_364703,2026-02-05 10:00:00,newsletter,email,Campaign_Promo_Summer,/promo-deals/page_6,Mobile,465
TP_001588,CUST_0397,1,SESS_364703,2026-02-08 22:00:00,googleads,paidsearch,Campaign_Promo_Retarget,/promo-deals/page_9,Desktop,538
TP_001589,CUST_0398,3,SESS_576863,2026-01-30 18:00:00,newsletter,email,Campaign_Promo_Winter,/promo-deals/page_5,Mobile,359
TP_001590,CUST_0398,6,SESS_576863,2026-02-03 06:00:00,linkedinads,paidsocial,Campaign_Promo_Winter,/promo-deals/page_5,Mobile,214
TP_001591,CUST_0398,3,SESS_576863,2026-02-05 19:00:00,newsletter,email,Campaign_Promo_Retarget,/promo-deals/page_4,Mobile,58
TP_001592,CUST_0398,3,SESS_576863,2026-02-04 14:00:00,newsletter,email,Campaign_Promo_Retarget,/promo-deals/page_10,Mobile,107
TP_001593,CUST_0398,4,SESS_511555,2026-03-09 16:00:00,directtraffic,direct,Campaign_Promo_Winter,/promo-deals/page_3,Tablet,592
TP_001594,CUST_0398,1,SESS_511555,2026-03-03 15:00:00,googleads,paidsearch,Campaign_Promo_Winter,/promo-deals/page_7,Mobile,354
TP_001595,CUST_0398,7,SESS_511555,2026-03-02 14:00:00,affiliatenetwork,referral,Campaign_Promo_Summer,/promo-deals/page_2,Mobile,447
TP_001596,CUST_0401,3,SESS_260365,2026-02-16 21:00:00,newsletter,email,Campaign_Promo_Winter,/promo-deals/page_3,Mobile,519
TP_001597,CUST_0401,6,SESS_353173,2026-04-01 23:00:00,linkedinads,paidsocial,Campaign_Promo_Brand,/promo-deals/page_8,Tablet,158
TP_001598,CUST_0401,2,SESS_269914,2026-04-25 18:00:00,facebookads,paidsocial,Campaign_Promo_Retarget,/promo-deals/page_5,Desktop,554
TP_001599,CUST_0401,1,SESS_269914,2026-04-25 09:00:00,googleads,paidsearch,Campaign_Promo_Retarget,/promo-deals/page_8,Mobile,390
TP_001600,CUST_0401,7,SESS_269914,2026-04-22 05:00:00,affiliatenetwork,referral,Campaign_Promo_Brand,/promo-deals/page_7,Desktop,107
TP_001601,CUST_0402,7,SESS_724845,2026-04-19 01:00:00,affiliatenetwork,referral,Campaign_Promo_Winter,/promo-deals/page_2,Desktop,20
TP_001602,CUST_0402,2,SESS_724845,2026-04-18 15:00:00,facebookads,paidsocial,Campaign_Promo_Retarget,/promo-deals/page_8,Mobile,550
TP_001603,CUST_0404,1,SESS_679603,2026-02-26 23:00:00,googleads,paidsearch,Campaign_Promo_Brand,/promo-deals/page_3,Mobile,419
TP_001604,CUST_0404,1,SESS_679603,2026-02-18 20:00:00,googleads,paidsearch,Campaign_Promo_Retarget,/promo-deals/page_2,Mobile,263
TP_001605,CUST_0404,6,SESS_581116,2026-03-08 10:00:00,linkedinads,paidsocial,Campaign_Promo_Retarget,/promo-deals/page_7,Mobile,115
TP_001606,CUST_0404,3,SESS_581116,2026-03-16 02:00:00,newsletter,email,Campaign_Promo_Brand,/promo-deals/page_3,Tablet,436
TP_001607,CUST_0404,3,SESS_109732,2026-04-27 10:00:00,newsletter,email,Campaign_Promo_Winter,/promo-deals/page_4,Mobile,325
TP_001608,CUST_0404,5,SESS_109732,2026-04-18 11:00:00,organicsearch,seo,Campaign_Promo_Summer,/promo-deals/page_4,Desktop,294
TP_001609,CUST_0404,3,SESS_109732,2026-04-17 06:00:00,newsletter,email,Campaign_Promo_Winter,/promo-deals/page_10,Mobile,151
TP_001610,CUST_0404,7,SESS_109732,2026-04-28 00:00:00,affiliatenetwork,referral,Campaign_Promo_Summer,/promo-deals/page_10,Desktop,424
TP_001611,CUST_0405,4,SESS_850380,2026-02-02 22:00:00,directtraffic,direct,Campaign_Promo_Brand,/promo-deals/page_7,Desktop,130
TP_001612,CUST_0405,7,SESS_850380,2026-02-10 01:00:00,affiliatenetwork,referral,Campaign_Promo_Winter,/promo-deals/page_6,Desktop,430
TP_001613,CUST_0406,1,SESS_634840,2026-04-05 08:00:00,googleads,paidsearch,Campaign_Promo_Summer,/promo-deals/page_6,Desktop,363
TP_001614,CUST_0406,6,SESS_634840,2026-04-13 12:00:00,linkedinads,paidsocial,Campaign_Promo_Retarget,/promo-deals/page_8,Desktop,477
TP_001615,CUST_0406,1,SESS_634840,2026-04-07 12:00:00,googleads,paidsearch,Campaign_Promo_Winter,/promo-deals/page_8,Mobile,26
TP_001616,CUST_0406,4,SESS_955423,2026-04-30 12:00:00,directtraffic,direct,Campaign_Promo_Retarget,/promo-deals/page_2,Mobile,326
TP_001617,CUST_0407,4,SESS_611850,2026-02-13 23:00:00,directtraffic,direct,Campaign_Promo_Retarget,/promo-deals/page_9,Desktop,58
TP_001618,CUST_0407,7,SESS_611850,2026-02-10 21:00:00,affiliatenetwork,referral,Campaign_Promo_Winter,/promo-deals/page_2,Desktop,168
TP_001619,CUST_0407,5,SESS_611850,2026-01-31 23:00:00,organicsearch,seo,Campaign_Promo_Brand,/promo-deals/page_7,Tablet,208
TP_001620,CUST_0407,4,SESS_611850,2026-02-01 14:00:00,directtraffic,direct,Campaign_Promo_Retarget,/promo-deals/page_7,Desktop,394
TP_001621,CUST_0407,4,SESS_611850,2026-02-12 11:00:00,directtraffic,direct,Campaign_Promo_Brand,/promo-deals/page_3,Tablet,595
TP_001622,CUST_0407,1,SESS_221228,2026-02-27 14:00:00,googleads,paidsearch,Campaign_Promo_Winter,/promo-deals/page_2,Mobile,42
TP_001623,CUST_0407,2,SESS_221228,2026-03-03 19:00:00,facebookads,paidsocial,Campaign_Promo_Brand,/promo-deals/page_1,Desktop,429
TP_001624,CUST_0407,1,SESS_221228,2026-02-26 03:00:00,googleads,paidsearch,Campaign_Promo_Retarget,/promo-deals/page_9,Desktop,135
TP_001625,CUST_0407,1,SESS_221228,2026-03-02 10:00:00,googleads,paidsearch,Campaign_Promo_Brand,/promo-deals/page_6,Mobile,464
TP_001626,CUST_0407,5,SESS_221228,2026-03-07 17:00:00,organicsearch,seo,Campaign_Promo_Summer,/promo-deals/page_2,Desktop,469
TP_001627,CUST_0408,1,SESS_920157,2026-03-11 12:00:00,googleads,paidsearch,Campaign_Promo_Summer,/promo-deals/page_10,Tablet,461
TP_001628,CUST_0408,6,SESS_920157,2026-03-15 15:00:00,linkedinads,paidsocial,Campaign_Promo_Brand,/promo-deals/page_8,Mobile,60
TP_001629,CUST_0408,3,SESS_919977,2026-05-11 23:00:00,newsletter,email,Campaign_Promo_Summer,/promo-deals/page_7,Mobile,523
TP_001630,CUST_0408,7,SESS_919977,2026-04-30 23:00:00,affiliatenetwork,referral,Campaign_Promo_Retarget,/promo-deals/page_2,Mobile,93
TP_001631,CUST_0409,6,SESS_565415,2026-03-04 14:00:00,linkedinads,paidsocial,Campaign_Promo_Brand,/promo-deals/page_8,Mobile,113
TP_001632,CUST_0410,2,SESS_861179,2026-03-20 11:00:00,facebookads,paidsocial,Campaign_Promo_Summer,/promo-deals/page_7,Mobile,578
TP_001633,CUST_0410,6,SESS_861179,2026-03-16 16:00:00,linkedinads,paidsocial,Campaign_Promo_Brand,/promo-deals/page_5,Mobile,196
TP_001634,CUST_0410,1,SESS_861179,2026-03-22 04:00:00,googleads,paidsearch,Campaign_Promo_Winter,/promo-deals/page_9,Mobile,475
TP_001635,CUST_0410,3,SESS_861179,2026-03-23 07:00:00,newsletter,email,Campaign_Promo_Brand,/promo-deals/page_3,Mobile,91
TP_001636,CUST_0412,6,SESS_931520,2026-03-27 01:00:00,linkedinads,paidsocial,Campaign_Promo_Summer,/promo-deals/page_6,Desktop,429
TP_001637,CUST_0413,1,SESS_215379,2026-02-21 18:00:00,googleads,paidsearch,Campaign_Promo_Brand,/promo-deals/page_2,Mobile,179
TP_001638,CUST_0413,7,SESS_215379,2026-02-27 17:00:00,affiliatenetwork,referral,Campaign_Promo_Summer,/promo-deals/page_10,Mobile,336
TP_001639,CUST_0413,2,SESS_215379,2026-02-26 23:00:00,facebookads,paidsocial,Campaign_Promo_Summer,/promo-deals/page_3,Mobile,190
TP_001640,CUST_0413,5,SESS_430131,2026-03-26 09:00:00,organicsearch,seo,Campaign_Promo_Brand,/promo-deals/page_8,Mobile,386
TP_001641,CUST_0413,6,SESS_430131,2026-03-21 00:00:00,linkedinads,paidsocial,Campaign_Promo_Brand,/promo-deals/page_8,Mobile,481
TP_001642,CUST_0413,2,SESS_410327,2026-04-17 00:00:00,facebookads,paidsocial,Campaign_Promo_Retarget,/promo-deals/page_6,Mobile,284
TP_001643,CUST_0413,3,SESS_410327,2026-04-14 07:00:00,newsletter,email,Campaign_Promo_Winter,/promo-deals/page_5,Mobile,141
TP_001644,CUST_0413,2,SESS_410327,2026-04-14 10:00:00,facebookads,paidsocial,Campaign_Promo_Summer,/promo-deals/page_7,Mobile,522
TP_001645,CUST_0413,1,SESS_410327,2026-04-20 10:00:00,googleads,paidsearch,Campaign_Promo_Summer,/promo-deals/page_10,Desktop,373
TP_001646,CUST_0413,7,SESS_410327,2026-04-13 09:00:00,affiliatenetwork,referral,Campaign_Promo_Retarget,/promo-deals/page_7,Mobile,240
TP_001647,CUST_0414,3,SESS_763571,2026-04-23 16:00:00,newsletter,email,Campaign_Promo_Brand,/promo-deals/page_9,Mobile,146
TP_001648,CUST_0414,2,SESS_763571,2026-04-22 09:00:00,facebookads,paidsocial,Campaign_Promo_Summer,/promo-deals/page_1,Mobile,275
TP_001649,CUST_0414,7,SESS_763571,2026-04-15 09:00:00,affiliatenetwork,referral,Campaign_Promo_Summer,/promo-deals/page_5,Desktop,436
TP_001650,CUST_0414,5,SESS_763571,2026-04-17 19:00:00,organicsearch,seo,Campaign_Promo_Winter,/promo-deals/page_8,Desktop,78
TP_001651,CUST_0415,7,SESS_422989,2026-04-14 16:00:00,affiliatenetwork,referral,Campaign_Promo_Brand,/promo-deals/page_2,Mobile,394
TP_001652,CUST_0415,2,SESS_422989,2026-04-01 19:00:00,facebookads,paidsocial,Campaign_Promo_Winter,/promo-deals/page_1,Tablet,274
TP_001653,CUST_0415,7,SESS_422989,2026-04-01 00:00:00,affiliatenetwork,referral,Campaign_Promo_Retarget,/promo-deals/page_6,Mobile,485
TP_001654,CUST_0415,2,SESS_422989,2026-04-02 05:00:00,facebookads,paidsocial,Campaign_Promo_Retarget,/promo-deals/page_1,Mobile,36
TP_001655,CUST_0416,5,SESS_898975,2026-02-20 16:00:00,organicsearch,seo,Campaign_Promo_Retarget,/promo-deals/page_9,Mobile,401
TP_001656,CUST_0416,2,SESS_902274,2026-04-04 01:00:00,facebookads,paidsocial,Campaign_Promo_Winter,/promo-deals/page_3,Tablet,597
TP_001657,CUST_0416,6,SESS_902274,2026-04-10 18:00:00,linkedinads,paidsocial,Campaign_Promo_Winter,/promo-deals/page_2,Mobile,244
TP_001658,CUST_0416,4,SESS_902274,2026-04-12 17:00:00,directtraffic,direct,Campaign_Promo_Summer,/promo-deals/page_4,Mobile,580
TP_001659,CUST_0416,5,SESS_902274,2026-04-13 04:00:00,organicsearch,seo,Campaign_Promo_Summer,/promo-deals/page_7,Desktop,213
TP_001660,CUST_0417,3,SESS_627937,2026-03-21 05:00:00,newsletter,email,Campaign_Promo_Summer,/promo-deals/page_6,Tablet,38
TP_001661,CUST_0417,1,SESS_627937,2026-03-16 18:00:00,googleads,paidsearch,Campaign_Promo_Retarget,/promo-deals/page_2,Desktop,84
TP_001662,CUST_0417,3,SESS_627937,2026-03-20 14:00:00,newsletter,email,Campaign_Promo_Winter,/promo-deals/page_8,Desktop,555
TP_001663,CUST_0418,1,SESS_453528,2026-02-22 21:00:00,googleads,paidsearch,Campaign_Promo_Winter,/promo-deals/page_8,Mobile,292
TP_001664,CUST_0418,4,SESS_453528,2026-03-01 19:00:00,directtraffic,direct,Campaign_Promo_Brand,/promo-deals/page_7,Desktop,507
TP_001665,CUST_0418,7,SESS_453528,2026-02-24 03:00:00,affiliatenetwork,referral,Campaign_Promo_Brand,/promo-deals/page_4,Mobile,376
TP_001666,CUST_0420,5,SESS_956300,2026-01-28 01:00:00,organicsearch,seo,Campaign_Promo_Brand,/promo-deals/page_10,Desktop,467
TP_001667,CUST_0420,2,SESS_956300,2026-01-21 22:00:00,facebookads,paidsocial,Campaign_Promo_Summer,/promo-deals/page_1,Desktop,190
TP_001668,CUST_0420,6,SESS_956300,2026-01-27 10:00:00,linkedinads,paidsocial,Campaign_Promo_Retarget,/promo-deals/page_3,Mobile,379
TP_001669,CUST_0420,1,SESS_846151,2026-03-16 16:00:00,googleads,paidsearch,Campaign_Promo_Summer,/promo-deals/page_6,Tablet,397
TP_001670,CUST_0420,4,SESS_846151,2026-03-10 18:00:00,directtraffic,direct,Campaign_Promo_Retarget,/promo-deals/page_6,Mobile,134
TP_001671,CUST_0420,2,SESS_846151,2026-03-07 05:00:00,facebookads,paidsocial,Campaign_Promo_Summer,/promo-deals/page_7,Mobile,193
TP_001672,CUST_0420,3,SESS_846151,2026-03-02 13:00:00,newsletter,email,Campaign_Promo_Retarget,/promo-deals/page_3,Desktop,256
TP_001673,CUST_0420,7,SESS_217875,2026-03-17 18:00:00,affiliatenetwork,referral,Campaign_Promo_Summer,/promo-deals/page_8,Mobile,495
TP_001674,CUST_0420,3,SESS_217875,2026-03-17 22:00:00,newsletter,email,Campaign_Promo_Summer,/promo-deals/page_9,Desktop,563
TP_001675,CUST_0421,4,SESS_340853,2026-04-27 23:00:00,directtraffic,direct,Campaign_Promo_Summer,/promo-deals/page_9,Desktop,481
TP_001676,CUST_0421,5,SESS_340853,2026-05-05 09:00:00,organicsearch,seo,Campaign_Promo_Retarget,/promo-deals/page_7,Tablet,524
TP_001677,CUST_0421,7,SESS_340853,2026-05-04 03:00:00,affiliatenetwork,referral,Campaign_Promo_Winter,/promo-deals/page_10,Mobile,158
TP_001678,CUST_0421,1,SESS_340853,2026-05-11 19:00:00,googleads,paidsearch,Campaign_Promo_Summer,/promo-deals/page_4,Mobile,415
TP_001679,CUST_0422,1,SESS_508787,2026-04-10 19:00:00,googleads,paidsearch,Campaign_Promo_Retarget,/promo-deals/page_6,Mobile,575
TP_001680,CUST_0422,5,SESS_508787,2026-04-09 11:00:00,organicsearch,seo,Campaign_Promo_Winter,/promo-deals/page_8,Desktop,46
TP_001681,CUST_0422,2,SESS_508787,2026-04-13 03:00:00,facebookads,paidsocial,Campaign_Promo_Winter,/promo-deals/page_8,Desktop,436
TP_001682,CUST_0422,2,SESS_508787,2026-04-09 19:00:00,facebookads,paidsocial,Campaign_Promo_Winter,/promo-deals/page_8,Desktop,550
TP_001683,CUST_0422,3,SESS_508787,2026-04-22 00:00:00,newsletter,email,Campaign_Promo_Summer,/promo-deals/page_6,Desktop,476
TP_001684,CUST_0423,3,SESS_833988,2026-04-06 14:00:00,newsletter,email,Campaign_Promo_Brand,/promo-deals/page_4,Mobile,153
TP_001685,CUST_0423,7,SESS_833988,2026-03-28 06:00:00,affiliatenetwork,referral,Campaign_Promo_Retarget,/promo-deals/page_10,Mobile,541
TP_001686,CUST_0423,7,SESS_371075,2026-04-30 03:00:00,affiliatenetwork,referral,Campaign_Promo_Brand,/promo-deals/page_5,Mobile,375
TP_001687,CUST_0423,5,SESS_371075,2026-04-28 11:00:00,organicsearch,seo,Campaign_Promo_Summer,/promo-deals/page_3,Mobile,410
TP_001688,CUST_0423,3,SESS_371075,2026-04-27 00:00:00,newsletter,email,Campaign_Promo_Summer,/promo-deals/page_7,Mobile,499
TP_001689,CUST_0423,5,SESS_371075,2026-04-27 12:00:00,organicsearch,seo,Campaign_Promo_Winter,/promo-deals/page_7,Desktop,354
TP_001690,CUST_0424,7,SESS_316151,2026-02-22 17:00:00,affiliatenetwork,referral,Campaign_Promo_Summer,/promo-deals/page_5,Desktop,137
TP_001691,CUST_0424,2,SESS_316151,2026-02-22 21:00:00,facebookads,paidsocial,Campaign_Promo_Brand,/promo-deals/page_2,Mobile,298
TP_001692,CUST_0424,3,SESS_316151,2026-02-09 14:00:00,newsletter,email,Campaign_Promo_Brand,/promo-deals/page_2,Mobile,284
TP_001693,CUST_0424,3,SESS_316151,2026-02-23 17:00:00,newsletter,email,Campaign_Promo_Retarget,/promo-deals/page_8,Desktop,57
TP_001694,CUST_0424,2,SESS_316151,2026-02-19 01:00:00,facebookads,paidsocial,Campaign_Promo_Winter,/promo-deals/page_4,Tablet,29
TP_001695,CUST_0424,7,SESS_615006,2026-02-25 07:00:00,affiliatenetwork,referral,Campaign_Promo_Winter,/promo-deals/page_8,Mobile,486
TP_001696,CUST_0425,3,SESS_731462,2026-04-14 22:00:00,newsletter,email,Campaign_Promo_Summer,/promo-deals/page_5,Desktop,242
TP_001697,CUST_0425,7,SESS_731462,2026-04-13 18:00:00,affiliatenetwork,referral,Campaign_Promo_Winter,/promo-deals/page_5,Desktop,361
TP_001698,CUST_0425,4,SESS_731462,2026-04-08 01:00:00,directtraffic,direct,Campaign_Promo_Winter,/promo-deals/page_9,Desktop,81
TP_001699,CUST_0425,3,SESS_731462,2026-04-14 08:00:00,newsletter,email,Campaign_Promo_Winter,/promo-deals/page_5,Desktop,343
TP_001700,CUST_0425,1,SESS_731462,2026-04-16 17:00:00,googleads,paidsearch,Campaign_Promo_Winter,/promo-deals/page_1,Mobile,242
TP_001701,CUST_0427,7,SESS_428273,2026-02-15 16:00:00,affiliatenetwork,referral,Campaign_Promo_Brand,/promo-deals/page_1,Desktop,22
TP_001702,CUST_0427,3,SESS_428273,2026-02-12 22:00:00,newsletter,email,Campaign_Promo_Retarget,/promo-deals/page_2,Mobile,388
TP_001703,CUST_0429,7,SESS_460631,2026-03-26 03:00:00,affiliatenetwork,referral,Campaign_Promo_Retarget,/promo-deals/page_4,Mobile,360
TP_001704,CUST_0429,7,SESS_706709,2026-04-02 15:00:00,affiliatenetwork,referral,Campaign_Promo_Summer,/promo-deals/page_8,Mobile,593
TP_001705,CUST_0430,2,SESS_634329,2026-03-05 11:00:00,facebookads,paidsocial,Campaign_Promo_Retarget,/promo-deals/page_9,Mobile,155
TP_001706,CUST_0430,1,SESS_634329,2026-03-05 14:00:00,googleads,paidsearch,Campaign_Promo_Summer,/promo-deals/page_4,Desktop,299
TP_001707,CUST_0431,4,SESS_190820,2026-02-07 02:00:00,directtraffic,direct,Campaign_Promo_Brand,/promo-deals/page_6,Desktop,561
TP_001708,CUST_0431,4,SESS_190820,2026-02-07 00:00:00,directtraffic,direct,Campaign_Promo_Winter,/promo-deals/page_4,Mobile,121
TP_001709,CUST_0431,4,SESS_190820,2026-02-07 10:00:00,directtraffic,direct,Campaign_Promo_Summer,/promo-deals/page_10,Mobile,181
TP_001710,CUST_0431,7,SESS_190820,2026-02-04 15:00:00,affiliatenetwork,referral,Campaign_Promo_Summer,/promo-deals/page_1,Mobile,36
TP_001711,CUST_0431,5,SESS_190820,2026-02-05 13:00:00,organicsearch,seo,Campaign_Promo_Winter,/promo-deals/page_4,Tablet,265
TP_001712,CUST_0431,5,SESS_149418,2026-02-11 12:00:00,organicsearch,seo,Campaign_Promo_Winter,/promo-deals/page_2,Desktop,13
TP_001713,CUST_0431,3,SESS_149418,2026-02-11 08:00:00,newsletter,email,Campaign_Promo_Retarget,/promo-deals/page_1,Desktop,371
TP_001714,CUST_0431,5,SESS_149418,2026-02-13 16:00:00,organicsearch,seo,Campaign_Promo_Brand,/promo-deals/page_1,Mobile,459
TP_001715,CUST_0431,5,SESS_149418,2026-02-23 22:00:00,organicsearch,seo,Campaign_Promo_Summer,/promo-deals/page_8,Mobile,238
TP_001716,CUST_0431,5,SESS_804815,2026-03-25 20:00:00,organicsearch,seo,Campaign_Promo_Winter,/promo-deals/page_2,Mobile,566
TP_001717,CUST_0431,7,SESS_804815,2026-03-27 09:00:00,affiliatenetwork,referral,Campaign_Promo_Brand,/promo-deals/page_8,Mobile,395
TP_001718,CUST_0431,3,SESS_804815,2026-03-29 02:00:00,newsletter,email,Campaign_Promo_Summer,/promo-deals/page_8,Mobile,53
TP_001719,CUST_0431,6,SESS_804815,2026-04-03 03:00:00,linkedinads,paidsocial,Campaign_Promo_Winter,/promo-deals/page_4,Desktop,432
TP_001720,CUST_0434,1,SESS_929230,2026-03-14 03:00:00,googleads,paidsearch,Campaign_Promo_Winter,/promo-deals/page_9,Mobile,586
TP_001721,CUST_0434,4,SESS_929230,2026-03-11 14:00:00,directtraffic,direct,Campaign_Promo_Brand,/promo-deals/page_4,Mobile,258
TP_001722,CUST_0435,3,SESS_109110,2026-02-08 18:00:00,newsletter,email,Campaign_Promo_Retarget,/promo-deals/page_3,Mobile,363
TP_001723,CUST_0435,7,SESS_109110,2026-02-13 10:00:00,affiliatenetwork,referral,Campaign_Promo_Brand,/promo-deals/page_9,Mobile,180
TP_001724,CUST_0435,4,SESS_109110,2026-02-12 22:00:00,directtraffic,direct,Campaign_Promo_Brand,/promo-deals/page_2,Mobile,102
TP_001725,CUST_0435,6,SESS_109110,2026-02-08 00:00:00,linkedinads,paidsocial,Campaign_Promo_Brand,/promo-deals/page_6,Desktop,154
TP_001726,CUST_0435,5,SESS_266440,2026-04-01 20:00:00,organicsearch,seo,Campaign_Promo_Brand,/promo-deals/page_7,Desktop,305
TP_001727,CUST_0435,3,SESS_266440,2026-04-02 23:00:00,newsletter,email,Campaign_Promo_Retarget,/promo-deals/page_7,Desktop,201
TP_001728,CUST_0435,4,SESS_266440,2026-04-03 01:00:00,directtraffic,direct,Campaign_Promo_Brand,/promo-deals/page_9,Mobile,22
TP_001729,CUST_0435,3,SESS_266440,2026-04-04 23:00:00,newsletter,email,Campaign_Promo_Winter,/promo-deals/page_10,Mobile,245
TP_001730,CUST_0436,5,SESS_439653,2026-02-19 06:00:00,organicsearch,seo,Campaign_Promo_Brand,/promo-deals/page_6,Mobile,360
TP_001731,CUST_0436,3,SESS_439653,2026-02-15 00:00:00,newsletter,email,Campaign_Promo_Summer,/promo-deals/page_2,Desktop,199
TP_001732,CUST_0436,5,SESS_439653,2026-02-15 23:00:00,organicsearch,seo,Campaign_Promo_Retarget,/promo-deals/page_1,Mobile,246
TP_001733,CUST_0436,5,SESS_449146,2026-03-10 22:00:00,organicsearch,seo,Campaign_Promo_Brand,/promo-deals/page_7,Mobile,190
TP_001734,CUST_0436,2,SESS_449146,2026-03-09 09:00:00,facebookads,paidsocial,Campaign_Promo_Brand,/promo-deals/page_8,Desktop,156
TP_001735,CUST_0436,6,SESS_449146,2026-03-21 23:00:00,linkedinads,paidsocial,Campaign_Promo_Summer,/promo-deals/page_4,Mobile,124
TP_001736,CUST_0437,5,SESS_504497,2026-04-29 06:00:00,organicsearch,seo,Campaign_Promo_Winter,/promo-deals/page_9,Desktop,264
TP_001737,CUST_0437,2,SESS_504497,2026-05-12 20:00:00,facebookads,paidsocial,Campaign_Promo_Winter,/promo-deals/page_2,Mobile,122
TP_001738,CUST_0438,2,SESS_915716,2025-12-30 07:00:00,facebookads,paidsocial,Campaign_Promo_Retarget,/promo-deals/page_7,Mobile,396
TP_001739,CUST_0438,2,SESS_915716,2026-01-01 21:00:00,facebookads,paidsocial,Campaign_Promo_Brand,/promo-deals/page_10,Desktop,141
TP_001740,CUST_0439,6,SESS_471733,2026-04-03 15:00:00,linkedinads,paidsocial,Campaign_Promo_Brand,/promo-deals/page_10,Desktop,425
TP_001741,CUST_0439,3,SESS_471733,2026-04-02 23:00:00,newsletter,email,Campaign_Promo_Brand,/promo-deals/page_10,Desktop,313
TP_001742,CUST_0440,5,SESS_697693,2026-02-02 02:00:00,organicsearch,seo,Campaign_Promo_Summer,/promo-deals/page_10,Mobile,325
TP_001743,CUST_0440,6,SESS_697693,2026-02-04 13:00:00,linkedinads,paidsocial,Campaign_Promo_Brand,/promo-deals/page_9,Mobile,306
TP_001744,CUST_0440,3,SESS_349479,2026-03-07 23:00:00,newsletter,email,Campaign_Promo_Retarget,/promo-deals/page_7,Desktop,536
TP_001745,CUST_0440,1,SESS_349479,2026-03-09 21:00:00,googleads,paidsearch,Campaign_Promo_Summer,/promo-deals/page_6,Mobile,448
TP_001746,CUST_0440,5,SESS_349479,2026-03-07 22:00:00,organicsearch,seo,Campaign_Promo_Retarget,/promo-deals/page_3,Tablet,57
TP_001747,CUST_0440,4,SESS_349479,2026-03-11 10:00:00,directtraffic,direct,Campaign_Promo_Retarget,/promo-deals/page_10,Mobile,218
TP_001748,CUST_0440,4,SESS_349479,2026-02-28 14:00:00,directtraffic,direct,Campaign_Promo_Summer,/promo-deals/page_3,Desktop,255
TP_001749,CUST_0441,6,SESS_383512,2026-02-11 20:00:00,linkedinads,paidsocial,Campaign_Promo_Winter,/promo-deals/page_3,Mobile,392
TP_001750,CUST_0442,7,SESS_493484,2026-02-24 05:00:00,affiliatenetwork,referral,Campaign_Promo_Winter,/promo-deals/page_3,Desktop,287
TP_001751,CUST_0442,5,SESS_493484,2026-02-28 22:00:00,organicsearch,seo,Campaign_Promo_Summer,/promo-deals/page_4,Mobile,19
TP_001752,CUST_0442,3,SESS_493484,2026-03-05 15:00:00,newsletter,email,Campaign_Promo_Retarget,/promo-deals/page_5,Desktop,533
TP_001753,CUST_0442,7,SESS_493484,2026-02-27 16:00:00,affiliatenetwork,referral,Campaign_Promo_Retarget,/promo-deals/page_3,Desktop,518
TP_001754,CUST_0442,3,SESS_648546,2026-04-13 21:00:00,newsletter,email,Campaign_Promo_Retarget,/promo-deals/page_9,Mobile,398
TP_001755,CUST_0442,5,SESS_648546,2026-04-08 23:00:00,organicsearch,seo,Campaign_Promo_Brand,/promo-deals/page_1,Desktop,54
TP_001756,CUST_0442,5,SESS_648546,2026-04-16 05:00:00,organicsearch,seo,Campaign_Promo_Retarget,/promo-deals/page_5,Desktop,250
TP_001757,CUST_0442,4,SESS_648546,2026-04-05 03:00:00,directtraffic,direct,Campaign_Promo_Brand,/promo-deals/page_1,Mobile,138
TP_001758,CUST_0442,3,SESS_648546,2026-04-16 16:00:00,newsletter,email,Campaign_Promo_Brand,/promo-deals/page_1,Desktop,51
TP_001759,CUST_0443,1,SESS_678718,2026-03-29 12:00:00,googleads,paidsearch,Campaign_Promo_Winter,/promo-deals/page_3,Mobile,561
TP_001760,CUST_0443,3,SESS_678718,2026-04-03 15:00:00,newsletter,email,Campaign_Promo_Winter,/promo-deals/page_4,Desktop,339
TP_001761,CUST_0443,4,SESS_678718,2026-03-31 19:00:00,directtraffic,direct,Campaign_Promo_Brand,/promo-deals/page_8,Mobile,76
TP_001762,CUST_0443,3,SESS_678718,2026-04-02 12:00:00,newsletter,email,Campaign_Promo_Summer,/promo-deals/page_9,Mobile,308
TP_001763,CUST_0443,3,SESS_977470,2026-04-21 11:00:00,newsletter,email,Campaign_Promo_Winter,/promo-deals/page_2,Tablet,335
TP_001764,CUST_0443,6,SESS_977470,2026-04-15 02:00:00,linkedinads,paidsocial,Campaign_Promo_Brand,/promo-deals/page_10,Desktop,238
TP_001765,CUST_0444,4,SESS_416021,2026-04-05 07:00:00,directtraffic,direct,Campaign_Promo_Brand,/promo-deals/page_2,Mobile,596
TP_001766,CUST_0444,4,SESS_416021,2026-04-04 19:00:00,directtraffic,direct,Campaign_Promo_Retarget,/promo-deals/page_8,Mobile,280
TP_001767,CUST_0444,6,SESS_416021,2026-04-11 14:00:00,linkedinads,paidsocial,Campaign_Promo_Winter,/promo-deals/page_1,Desktop,591
TP_001768,CUST_0444,3,SESS_416021,2026-04-15 23:00:00,newsletter,email,Campaign_Promo_Summer,/promo-deals/page_9,Mobile,97
TP_001769,CUST_0444,1,SESS_300109,2026-03-31 01:00:00,googleads,paidsearch,Campaign_Promo_Brand,/promo-deals/page_3,Tablet,61
TP_001770,CUST_0444,2,SESS_300109,2026-04-04 15:00:00,facebookads,paidsocial,Campaign_Promo_Brand,/promo-deals/page_5,Mobile,534
TP_001771,CUST_0444,2,SESS_300109,2026-03-29 02:00:00,facebookads,paidsocial,Campaign_Promo_Summer,/promo-deals/page_6,Mobile,586
TP_001772,CUST_0445,3,SESS_657166,2026-04-02 13:00:00,newsletter,email,Campaign_Promo_Retarget,/promo-deals/page_9,Desktop,24
TP_001773,CUST_0445,4,SESS_657166,2026-04-02 18:00:00,directtraffic,direct,Campaign_Promo_Winter,/promo-deals/page_1,Desktop,95
TP_001774,CUST_0445,5,SESS_831640,2026-04-24 21:00:00,organicsearch,seo,Campaign_Promo_Winter,/promo-deals/page_10,Mobile,362
TP_001775,CUST_0445,4,SESS_831640,2026-05-05 14:00:00,directtraffic,direct,Campaign_Promo_Brand,/promo-deals/page_10,Desktop,530
TP_001776,CUST_0446,2,SESS_598110,2026-01-08 13:00:00,facebookads,paidsocial,Campaign_Promo_Summer,/promo-deals/page_4,Mobile,520
TP_001777,CUST_0446,7,SESS_598110,2026-01-18 13:00:00,affiliatenetwork,referral,Campaign_Promo_Winter,/promo-deals/page_9,Mobile,221
TP_001778,CUST_0446,5,SESS_598110,2026-01-20 00:00:00,organicsearch,seo,Campaign_Promo_Summer,/promo-deals/page_2,Tablet,368
TP_001779,CUST_0446,1,SESS_602165,2026-02-27 22:00:00,googleads,paidsearch,Campaign_Promo_Retarget,/promo-deals/page_9,Mobile,562
TP_001780,CUST_0447,5,SESS_989368,2026-02-12 13:00:00,organicsearch,seo,Campaign_Promo_Retarget,/promo-deals/page_6,Mobile,589
TP_001781,CUST_0447,5,SESS_989368,2026-02-17 16:00:00,organicsearch,seo,Campaign_Promo_Winter,/promo-deals/page_9,Mobile,533
TP_001782,CUST_0447,4,SESS_989368,2026-02-18 09:00:00,directtraffic,direct,Campaign_Promo_Brand,/promo-deals/page_3,Mobile,88
TP_001783,CUST_0447,4,SESS_989368,2026-02-19 02:00:00,directtraffic,direct,Campaign_Promo_Retarget,/promo-deals/page_4,Mobile,141
TP_001784,CUST_0447,4,SESS_521308,2026-03-21 09:00:00,directtraffic,direct,Campaign_Promo_Winter,/promo-deals/page_9,Tablet,530
TP_001785,CUST_0447,3,SESS_521308,2026-03-23 11:00:00,newsletter,email,Campaign_Promo_Summer,/promo-deals/page_8,Mobile,277
TP_001786,CUST_0447,4,SESS_521308,2026-03-25 23:00:00,directtraffic,direct,Campaign_Promo_Brand,/promo-deals/page_7,Mobile,158
TP_001787,CUST_0447,6,SESS_905167,2026-04-15 15:00:00,linkedinads,paidsocial,Campaign_Promo_Retarget,/promo-deals/page_2,Mobile,264
TP_001788,CUST_0447,4,SESS_905167,2026-04-16 04:00:00,directtraffic,direct,Campaign_Promo_Brand,/promo-deals/page_8,Desktop,254
TP_001789,CUST_0447,3,SESS_905167,2026-04-08 18:00:00,newsletter,email,Campaign_Promo_Summer,/promo-deals/page_6,Desktop,516
TP_001790,CUST_0448,4,SESS_488663,2026-02-04 10:00:00,directtraffic,direct,Campaign_Promo_Summer,/promo-deals/page_8,Mobile,307
TP_001791,CUST_0448,1,SESS_360210,2026-04-01 11:00:00,googleads,paidsearch,Campaign_Promo_Brand,/promo-deals/page_10,Mobile,509
TP_001792,CUST_0448,1,SESS_360210,2026-04-03 14:00:00,googleads,paidsearch,Campaign_Promo_Brand,/promo-deals/page_2,Desktop,336
TP_001793,CUST_0448,6,SESS_894614,2026-04-14 19:00:00,linkedinads,paidsocial,Campaign_Promo_Brand,/promo-deals/page_5,Desktop,116
TP_001794,CUST_0448,6,SESS_894614,2026-04-13 08:00:00,linkedinads,paidsocial,Campaign_Promo_Winter,/promo-deals/page_9,Desktop,445
TP_001795,CUST_0448,1,SESS_894614,2026-04-11 01:00:00,googleads,paidsearch,Campaign_Promo_Summer,/promo-deals/page_2,Mobile,394
TP_001796,CUST_0449,7,SESS_174783,2026-04-24 15:00:00,affiliatenetwork,referral,Campaign_Promo_Retarget,/promo-deals/page_9,Desktop,555
TP_001797,CUST_0449,7,SESS_174783,2026-04-14 21:00:00,affiliatenetwork,referral,Campaign_Promo_Summer,/promo-deals/page_7,Desktop,427
TP_001798,CUST_0450,2,SESS_132172,2026-03-03 00:00:00,facebookads,paidsocial,Campaign_Promo_Retarget,/promo-deals/page_3,Mobile,39
TP_001799,CUST_0450,4,SESS_901737,2026-04-02 09:00:00,directtraffic,direct,Campaign_Promo_Retarget,/promo-deals/page_6,Tablet,453
TP_001800,CUST_0450,3,SESS_901737,2026-04-03 20:00:00,newsletter,email,Campaign_Promo_Retarget,/promo-deals/page_5,Mobile,234
TP_001801,CUST_0450,1,SESS_901737,2026-03-25 05:00:00,googleads,paidsearch,Campaign_Promo_Winter,/promo-deals/page_8,Mobile,174
TP_001802,CUST_0450,6,SESS_901737,2026-03-27 13:00:00,linkedinads,paidsocial,Campaign_Promo_Retarget,/promo-deals/page_5,Mobile,469
TP_001803,CUST_0450,2,SESS_901737,2026-03-25 04:00:00,facebookads,paidsocial,Campaign_Promo_Retarget,/promo-deals/page_7,Desktop,40
TP_001804,CUST_0450,5,SESS_396457,2026-04-23 02:00:00,organicsearch,seo,Campaign_Promo_Retarget,/promo-deals/page_10,Mobile,229
TP_001805,CUST_0450,3,SESS_396457,2026-04-25 12:00:00,newsletter,email,Campaign_Promo_Retarget,/promo-deals/page_2,Mobile,68
TP_001806,CUST_0452,4,SESS_187835,2026-02-09 22:00:00,directtraffic,direct,Campaign_Promo_Summer,/promo-deals/page_5,Mobile,254
TP_001807,CUST_0452,5,SESS_187835,2026-02-12 22:00:00,organicsearch,seo,Campaign_Promo_Brand,/promo-deals/page_8,Desktop,337
TP_001808,CUST_0452,1,SESS_138441,2026-02-21 12:00:00,googleads,paidsearch,Campaign_Promo_Winter,/promo-deals/page_5,Mobile,208
TP_001809,CUST_0452,7,SESS_138441,2026-02-26 20:00:00,affiliatenetwork,referral,Campaign_Promo_Retarget,/promo-deals/page_10,Desktop,299
TP_001810,CUST_0453,5,SESS_665526,2026-01-17 17:00:00,organicsearch,seo,Campaign_Promo_Winter,/promo-deals/page_6,Mobile,23
TP_001811,CUST_0453,6,SESS_665526,2026-01-24 23:00:00,linkedinads,paidsocial,Campaign_Promo_Retarget,/promo-deals/page_6,Tablet,13
TP_001812,CUST_0453,2,SESS_665526,2026-01-14 23:00:00,facebookads,paidsocial,Campaign_Promo_Retarget,/promo-deals/page_10,Desktop,154
TP_001813,CUST_0453,5,SESS_287851,2026-02-23 20:00:00,organicsearch,seo,Campaign_Promo_Retarget,/promo-deals/page_8,Desktop,238
TP_001814,CUST_0454,1,SESS_497112,2026-03-27 23:00:00,googleads,paidsearch,Campaign_Promo_Winter,/promo-deals/page_9,Mobile,30
TP_001815,CUST_0454,5,SESS_497112,2026-03-18 18:00:00,organicsearch,seo,Campaign_Promo_Brand,/promo-deals/page_7,Mobile,252
TP_001816,CUST_0454,5,SESS_497112,2026-03-28 09:00:00,organicsearch,seo,Campaign_Promo_Summer,/promo-deals/page_2,Mobile,78
TP_001817,CUST_0454,7,SESS_497112,2026-03-20 22:00:00,affiliatenetwork,referral,Campaign_Promo_Retarget,/promo-deals/page_8,Tablet,161
TP_001818,CUST_0454,3,SESS_497112,2026-03-31 14:00:00,newsletter,email,Campaign_Promo_Winter,/promo-deals/page_6,Mobile,436
TP_001819,CUST_0455,7,SESS_701821,2026-03-09 19:00:00,affiliatenetwork,referral,Campaign_Promo_Brand,/promo-deals/page_7,Mobile,266
TP_001820,CUST_0455,5,SESS_701821,2026-03-10 09:00:00,organicsearch,seo,Campaign_Promo_Summer,/promo-deals/page_2,Mobile,238
TP_001821,CUST_0455,4,SESS_701821,2026-02-26 14:00:00,directtraffic,direct,Campaign_Promo_Brand,/promo-deals/page_1,Desktop,86
TP_001822,CUST_0456,5,SESS_281778,2026-04-04 11:00:00,organicsearch,seo,Campaign_Promo_Retarget,/promo-deals/page_10,Desktop,295
TP_001823,CUST_0456,6,SESS_281778,2026-04-10 14:00:00,linkedinads,paidsocial,Campaign_Promo_Winter,/promo-deals/page_8,Desktop,228
TP_001824,CUST_0456,7,SESS_281778,2026-04-09 02:00:00,affiliatenetwork,referral,Campaign_Promo_Retarget,/promo-deals/page_6,Desktop,95
TP_001825,CUST_0456,5,SESS_281778,2026-04-09 17:00:00,organicsearch,seo,Campaign_Promo_Summer,/promo-deals/page_5,Tablet,88
TP_001826,CUST_0457,1,SESS_229126,2026-02-27 09:00:00,googleads,paidsearch,Campaign_Promo_Summer,/promo-deals/page_8,Mobile,404
TP_001827,CUST_0457,7,SESS_229126,2026-02-27 11:00:00,affiliatenetwork,referral,Campaign_Promo_Winter,/promo-deals/page_3,Mobile,438
TP_001828,CUST_0457,7,SESS_229126,2026-03-10 13:00:00,affiliatenetwork,referral,Campaign_Promo_Retarget,/promo-deals/page_8,Mobile,409
TP_001829,CUST_0457,1,SESS_748981,2026-04-02 11:00:00,googleads,paidsearch,Campaign_Promo_Summer,/promo-deals/page_6,Desktop,259
TP_001830,CUST_0457,4,SESS_748981,2026-03-24 04:00:00,directtraffic,direct,Campaign_Promo_Summer,/promo-deals/page_4,Mobile,17
TP_001831,CUST_0458,4,SESS_600400,2026-02-11 13:00:00,directtraffic,direct,Campaign_Promo_Brand,/promo-deals/page_1,Tablet,274
TP_001832,CUST_0458,7,SESS_600400,2026-02-08 08:00:00,affiliatenetwork,referral,Campaign_Promo_Winter,/promo-deals/page_3,Desktop,372
TP_001833,CUST_0458,2,SESS_600400,2026-02-15 12:00:00,facebookads,paidsocial,Campaign_Promo_Summer,/promo-deals/page_2,Mobile,369
TP_001834,CUST_0458,6,SESS_600400,2026-02-18 09:00:00,linkedinads,paidsocial,Campaign_Promo_Retarget,/promo-deals/page_5,Mobile,312
TP_001835,CUST_0458,7,SESS_600400,2026-02-08 20:00:00,affiliatenetwork,referral,Campaign_Promo_Brand,/promo-deals/page_7,Mobile,537
TP_001836,CUST_0458,5,SESS_206299,2026-03-10 21:00:00,organicsearch,seo,Campaign_Promo_Winter,/promo-deals/page_10,Mobile,559
TP_001837,CUST_0458,1,SESS_206299,2026-03-17 09:00:00,googleads,paidsearch,Campaign_Promo_Summer,/promo-deals/page_7,Desktop,245
TP_001838,CUST_0458,2,SESS_913939,2026-04-02 17:00:00,facebookads,paidsocial,Campaign_Promo_Summer,/promo-deals/page_9,Desktop,301
TP_001839,CUST_0459,4,SESS_267429,2026-01-28 07:00:00,directtraffic,direct,Campaign_Promo_Brand,/promo-deals/page_5,Mobile,165
TP_001840,CUST_0459,3,SESS_267429,2026-01-25 01:00:00,newsletter,email,Campaign_Promo_Brand,/promo-deals/page_9,Mobile,325
TP_001841,CUST_0459,3,SESS_267429,2026-01-30 05:00:00,newsletter,email,Campaign_Promo_Summer,/promo-deals/page_7,Desktop,41
TP_001842,CUST_0459,7,SESS_267429,2026-01-19 01:00:00,affiliatenetwork,referral,Campaign_Promo_Summer,/promo-deals/page_9,Desktop,143
TP_001843,CUST_0459,7,SESS_694532,2026-02-15 08:00:00,affiliatenetwork,referral,Campaign_Promo_Summer,/promo-deals/page_7,Mobile,451
TP_001844,CUST_0459,1,SESS_694532,2026-02-17 16:00:00,googleads,paidsearch,Campaign_Promo_Winter,/promo-deals/page_2,Desktop,91
TP_001845,CUST_0459,7,SESS_694532,2026-02-25 19:00:00,affiliatenetwork,referral,Campaign_Promo_Brand,/promo-deals/page_3,Tablet,176
TP_001846,CUST_0459,1,SESS_694532,2026-02-22 13:00:00,googleads,paidsearch,Campaign_Promo_Retarget,/promo-deals/page_4,Mobile,354
TP_001847,CUST_0459,5,SESS_790925,2026-04-06 21:00:00,organicsearch,seo,Campaign_Promo_Brand,/promo-deals/page_8,Desktop,150
TP_001848,CUST_0461,7,SESS_499720,2026-04-02 09:00:00,affiliatenetwork,referral,Campaign_Promo_Brand,/promo-deals/page_2,Mobile,207
TP_001849,CUST_0461,2,SESS_499720,2026-04-07 08:00:00,facebookads,paidsocial,Campaign_Promo_Retarget,/promo-deals/page_8,Mobile,75
TP_001850,CUST_0461,7,SESS_735040,2026-05-04 02:00:00,affiliatenetwork,referral,Campaign_Promo_Retarget,/promo-deals/page_1,Mobile,104
TP_001851,CUST_0461,3,SESS_735040,2026-04-30 19:00:00,newsletter,email,Campaign_Promo_Winter,/promo-deals/page_3,Mobile,67
TP_001852,CUST_0461,2,SESS_735040,2026-05-07 03:00:00,facebookads,paidsocial,Campaign_Promo_Brand,/promo-deals/page_4,Desktop,547
TP_001853,CUST_0461,1,SESS_735040,2026-05-11 14:00:00,googleads,paidsearch,Campaign_Promo_Summer,/promo-deals/page_1,Desktop,268
TP_001854,CUST_0462,5,SESS_377095,2026-04-04 09:00:00,organicsearch,seo,Campaign_Promo_Brand,/promo-deals/page_9,Mobile,458
TP_001855,CUST_0462,2,SESS_377095,2026-04-08 04:00:00,facebookads,paidsocial,Campaign_Promo_Retarget,/promo-deals/page_10,Mobile,97
TP_001856,CUST_0462,6,SESS_377095,2026-04-13 07:00:00,linkedinads,paidsocial,Campaign_Promo_Brand,/promo-deals/page_4,Desktop,45
TP_001857,CUST_0462,4,SESS_377095,2026-04-11 06:00:00,directtraffic,direct,Campaign_Promo_Retarget,/promo-deals/page_6,Mobile,385
TP_001858,CUST_0462,4,SESS_377095,2026-04-16 02:00:00,directtraffic,direct,Campaign_Promo_Brand,/promo-deals/page_3,Desktop,370
TP_001859,CUST_0462,7,SESS_432839,2026-05-08 21:00:00,affiliatenetwork,referral,Campaign_Promo_Summer,/promo-deals/page_5,Mobile,373
TP_001860,CUST_0462,2,SESS_432839,2026-05-04 00:00:00,facebookads,paidsocial,Campaign_Promo_Retarget,/promo-deals/page_2,Mobile,382
TP_001861,CUST_0462,2,SESS_432839,2026-05-03 01:00:00,facebookads,paidsocial,Campaign_Promo_Summer,/promo-deals/page_10,Mobile,81
TP_001862,CUST_0463,7,SESS_665817,2026-03-02 11:00:00,affiliatenetwork,referral,Campaign_Promo_Retarget,/promo-deals/page_6,Mobile,141
TP_001863,CUST_0463,1,SESS_665817,2026-03-06 02:00:00,googleads,paidsearch,Campaign_Promo_Summer,/promo-deals/page_10,Mobile,397
TP_001864,CUST_0463,4,SESS_665817,2026-03-05 06:00:00,directtraffic,direct,Campaign_Promo_Brand,/promo-deals/page_10,Tablet,167
TP_001865,CUST_0463,3,SESS_665817,2026-03-09 23:00:00,newsletter,email,Campaign_Promo_Retarget,/promo-deals/page_10,Mobile,16
TP_001866,CUST_0463,3,SESS_439672,2026-03-24 06:00:00,newsletter,email,Campaign_Promo_Winter,/promo-deals/page_8,Tablet,354
TP_001867,CUST_0463,2,SESS_439672,2026-03-30 01:00:00,facebookads,paidsocial,Campaign_Promo_Retarget,/promo-deals/page_8,Tablet,443
TP_001868,CUST_0463,3,SESS_439672,2026-03-24 12:00:00,newsletter,email,Campaign_Promo_Retarget,/promo-deals/page_10,Mobile,101
TP_001869,CUST_0463,7,SESS_439672,2026-03-21 05:00:00,affiliatenetwork,referral,Campaign_Promo_Brand,/promo-deals/page_10,Desktop,486
TP_001870,CUST_0464,2,SESS_511079,2026-02-12 11:00:00,facebookads,paidsocial,Campaign_Promo_Winter,/promo-deals/page_5,Mobile,557
TP_001871,CUST_0464,1,SESS_511079,2026-02-06 21:00:00,googleads,paidsearch,Campaign_Promo_Winter,/promo-deals/page_7,Desktop,381
TP_001872,CUST_0464,4,SESS_490137,2026-03-17 08:00:00,directtraffic,direct,Campaign_Promo_Winter,/promo-deals/page_5,Desktop,408
TP_001873,CUST_0464,4,SESS_490137,2026-03-09 13:00:00,directtraffic,direct,Campaign_Promo_Brand,/promo-deals/page_4,Mobile,443
TP_001874,CUST_0464,6,SESS_490137,2026-03-07 04:00:00,linkedinads,paidsocial,Campaign_Promo_Retarget,/promo-deals/page_9,Desktop,184
TP_001875,CUST_0464,6,SESS_490137,2026-03-08 23:00:00,linkedinads,paidsocial,Campaign_Promo_Brand,/promo-deals/page_1,Mobile,287
TP_001876,CUST_0464,5,SESS_981092,2026-05-06 17:00:00,organicsearch,seo,Campaign_Promo_Brand,/promo-deals/page_6,Desktop,555
TP_001877,CUST_0464,1,SESS_981092,2026-05-04 07:00:00,googleads,paidsearch,Campaign_Promo_Retarget,/promo-deals/page_4,Desktop,565
TP_001878,CUST_0464,6,SESS_981092,2026-05-01 19:00:00,linkedinads,paidsocial,Campaign_Promo_Winter,/promo-deals/page_10,Mobile,154
TP_001879,CUST_0464,7,SESS_981092,2026-04-25 12:00:00,affiliatenetwork,referral,Campaign_Promo_Winter,/promo-deals/page_8,Mobile,311
TP_001880,CUST_0465,6,SESS_855351,2026-04-12 20:00:00,linkedinads,paidsocial,Campaign_Promo_Winter,/promo-deals/page_6,Mobile,432
TP_001881,CUST_0465,1,SESS_855351,2026-04-22 20:00:00,googleads,paidsearch,Campaign_Promo_Winter,/promo-deals/page_1,Mobile,596
TP_001882,CUST_0465,5,SESS_855351,2026-04-18 01:00:00,organicsearch,seo,Campaign_Promo_Retarget,/promo-deals/page_4,Desktop,298
TP_001883,CUST_0465,6,SESS_855351,2026-04-24 04:00:00,linkedinads,paidsocial,Campaign_Promo_Winter,/promo-deals/page_9,Desktop,14
TP_001884,CUST_0466,2,SESS_682082,2026-01-21 07:00:00,facebookads,paidsocial,Campaign_Promo_Winter,/promo-deals/page_5,Mobile,121
TP_001885,CUST_0466,4,SESS_682082,2026-01-18 06:00:00,directtraffic,direct,Campaign_Promo_Summer,/promo-deals/page_5,Mobile,359
TP_001886,CUST_0466,2,SESS_682082,2026-01-24 20:00:00,facebookads,paidsocial,Campaign_Promo_Retarget,/promo-deals/page_3,Mobile,137
TP_001887,CUST_0467,3,SESS_344972,2026-02-13 10:00:00,newsletter,email,Campaign_Promo_Summer,/promo-deals/page_3,Mobile,358
TP_001888,CUST_0467,3,SESS_344972,2026-02-09 07:00:00,newsletter,email,Campaign_Promo_Winter,/promo-deals/page_3,Tablet,101
TP_001889,CUST_0467,7,SESS_229116,2026-04-12 18:00:00,affiliatenetwork,referral,Campaign_Promo_Brand,/promo-deals/page_10,Mobile,554
TP_001890,CUST_0467,2,SESS_229116,2026-04-16 16:00:00,facebookads,paidsocial,Campaign_Promo_Summer,/promo-deals/page_1,Mobile,554
TP_001891,CUST_0467,3,SESS_229116,2026-04-12 12:00:00,newsletter,email,Campaign_Promo_Summer,/promo-deals/page_5,Mobile,144
TP_001892,CUST_0468,6,SESS_873298,2026-03-11 17:00:00,linkedinads,paidsocial,Campaign_Promo_Brand,/promo-deals/page_9,Desktop,292
TP_001893,CUST_0468,1,SESS_873298,2026-03-06 02:00:00,googleads,paidsearch,Campaign_Promo_Summer,/promo-deals/page_6,Mobile,140
TP_001894,CUST_0468,6,SESS_873298,2026-03-06 06:00:00,linkedinads,paidsocial,Campaign_Promo_Brand,/promo-deals/page_1,Desktop,321
TP_001895,CUST_0468,7,SESS_873298,2026-03-17 10:00:00,affiliatenetwork,referral,Campaign_Promo_Summer,/promo-deals/page_1,Mobile,404
TP_001896,CUST_0468,5,SESS_170250,2026-03-22 12:00:00,organicsearch,seo,Campaign_Promo_Brand,/promo-deals/page_9,Desktop,183
TP_001897,CUST_0468,7,SESS_170250,2026-03-23 06:00:00,affiliatenetwork,referral,Campaign_Promo_Brand,/promo-deals/page_1,Tablet,341
TP_001898,CUST_0468,5,SESS_170250,2026-03-28 18:00:00,organicsearch,seo,Campaign_Promo_Retarget,/promo-deals/page_10,Mobile,151
TP_001899,CUST_0469,5,SESS_251396,2026-03-03 10:00:00,organicsearch,seo,Campaign_Promo_Brand,/promo-deals/page_3,Mobile,579
TP_001900,CUST_0469,7,SESS_251396,2026-03-10 07:00:00,affiliatenetwork,referral,Campaign_Promo_Brand,/promo-deals/page_4,Tablet,224
TP_001901,CUST_0469,5,SESS_251396,2026-03-11 14:00:00,organicsearch,seo,Campaign_Promo_Winter,/promo-deals/page_4,Mobile,208
TP_001902,CUST_0469,5,SESS_251396,2026-03-02 14:00:00,organicsearch,seo,Campaign_Promo_Winter,/promo-deals/page_4,Mobile,100
TP_001903,CUST_0469,3,SESS_251396,2026-03-16 03:00:00,newsletter,email,Campaign_Promo_Brand,/promo-deals/page_7,Mobile,326
TP_001904,CUST_0469,3,SESS_592335,2026-05-15 08:00:00,newsletter,email,Campaign_Promo_Retarget,/promo-deals/page_2,Mobile,504
TP_001905,CUST_0469,5,SESS_592335,2026-05-18 18:00:00,organicsearch,seo,Campaign_Promo_Retarget,/promo-deals/page_1,Desktop,511
TP_001906,CUST_0470,2,SESS_700462,2026-05-04 00:00:00,facebookads,paidsocial,Campaign_Promo_Winter,/promo-deals/page_9,Tablet,99
TP_001907,CUST_0470,1,SESS_700462,2026-04-30 18:00:00,googleads,paidsearch,Campaign_Promo_Winter,/promo-deals/page_2,Mobile,364
TP_001908,CUST_0470,4,SESS_700462,2026-05-04 10:00:00,directtraffic,direct,Campaign_Promo_Brand,/promo-deals/page_9,Mobile,369
TP_001909,CUST_0472,4,SESS_612120,2026-03-13 10:00:00,directtraffic,direct,Campaign_Promo_Retarget,/promo-deals/page_6,Desktop,179
TP_001910,CUST_0472,2,SESS_612120,2026-03-20 22:00:00,facebookads,paidsocial,Campaign_Promo_Winter,/promo-deals/page_3,Desktop,417
TP_001911,CUST_0472,6,SESS_612120,2026-03-13 16:00:00,linkedinads,paidsocial,Campaign_Promo_Retarget,/promo-deals/page_8,Desktop,81
TP_001912,CUST_0473,5,SESS_151413,2026-01-29 06:00:00,organicsearch,seo,Campaign_Promo_Winter,/promo-deals/page_9,Mobile,560
TP_001913,CUST_0473,4,SESS_151413,2026-02-09 06:00:00,directtraffic,direct,Campaign_Promo_Retarget,/promo-deals/page_3,Desktop,249
TP_001914,CUST_0473,1,SESS_151413,2026-02-03 05:00:00,googleads,paidsearch,Campaign_Promo_Brand,/promo-deals/page_10,Mobile,318
TP_001915,CUST_0473,5,SESS_151413,2026-02-07 07:00:00,organicsearch,seo,Campaign_Promo_Brand,/promo-deals/page_10,Mobile,41
TP_001916,CUST_0473,4,SESS_515056,2026-04-09 15:00:00,directtraffic,direct,Campaign_Promo_Retarget,/promo-deals/page_8,Desktop,404
TP_001917,CUST_0473,3,SESS_515056,2026-04-12 22:00:00,newsletter,email,Campaign_Promo_Summer,/promo-deals/page_7,Mobile,19
TP_001918,CUST_0473,6,SESS_515056,2026-04-14 23:00:00,linkedinads,paidsocial,Campaign_Promo_Summer,/promo-deals/page_7,Mobile,549
TP_001919,CUST_0473,4,SESS_515056,2026-04-03 08:00:00,directtraffic,direct,Campaign_Promo_Brand,/promo-deals/page_1,Mobile,305
TP_001920,CUST_0473,5,SESS_515056,2026-04-02 12:00:00,organicsearch,seo,Campaign_Promo_Retarget,/promo-deals/page_10,Mobile,394
TP_001921,CUST_0473,7,SESS_281833,2026-04-10 13:00:00,affiliatenetwork,referral,Campaign_Promo_Retarget,/promo-deals/page_3,Mobile,343
TP_001922,CUST_0473,7,SESS_281833,2026-04-06 14:00:00,affiliatenetwork,referral,Campaign_Promo_Retarget,/promo-deals/page_10,Desktop,58
TP_001923,CUST_0474,5,SESS_709000,2026-04-01 18:00:00,organicsearch,seo,Campaign_Promo_Brand,/promo-deals/page_4,Mobile,18
TP_001924,CUST_0474,3,SESS_709000,2026-03-31 06:00:00,newsletter,email,Campaign_Promo_Brand,/promo-deals/page_9,Tablet,377
TP_001925,CUST_0474,4,SESS_324730,2026-03-29 06:00:00,directtraffic,direct,Campaign_Promo_Brand,/promo-deals/page_2,Desktop,482
TP_001926,CUST_0474,5,SESS_324730,2026-03-27 20:00:00,organicsearch,seo,Campaign_Promo_Winter,/promo-deals/page_10,Desktop,206
TP_001927,CUST_0474,4,SESS_324730,2026-04-04 02:00:00,directtraffic,direct,Campaign_Promo_Winter,/promo-deals/page_6,Mobile,547
TP_001928,CUST_0475,2,SESS_512716,2025-12-31 10:00:00,facebookads,paidsocial,Campaign_Promo_Brand,/promo-deals/page_10,Desktop,500
TP_001929,CUST_0475,1,SESS_512716,2026-01-05 20:00:00,googleads,paidsearch,Campaign_Promo_Winter,/promo-deals/page_4,Mobile,139
TP_001930,CUST_0475,4,SESS_512716,2026-01-06 10:00:00,directtraffic,direct,Campaign_Promo_Winter,/promo-deals/page_6,Tablet,121
TP_001931,CUST_0475,3,SESS_950399,2026-02-14 11:00:00,newsletter,email,Campaign_Promo_Retarget,/promo-deals/page_1,Desktop,328
TP_001932,CUST_0475,4,SESS_227946,2026-03-23 06:00:00,directtraffic,direct,Campaign_Promo_Winter,/promo-deals/page_7,Mobile,115
TP_001933,CUST_0475,3,SESS_227946,2026-03-16 21:00:00,newsletter,email,Campaign_Promo_Brand,/promo-deals/page_3,Desktop,42
TP_001934,CUST_0476,6,SESS_384103,2026-01-19 03:00:00,linkedinads,paidsocial,Campaign_Promo_Brand,/promo-deals/page_6,Tablet,131
TP_001935,CUST_0476,7,SESS_384103,2026-01-18 02:00:00,affiliatenetwork,referral,Campaign_Promo_Retarget,/promo-deals/page_5,Tablet,104
TP_001936,CUST_0476,2,SESS_384103,2026-01-10 02:00:00,facebookads,paidsocial,Campaign_Promo_Brand,/promo-deals/page_8,Desktop,473
TP_001937,CUST_0476,2,SESS_744637,2026-03-24 09:00:00,facebookads,paidsocial,Campaign_Promo_Summer,/promo-deals/page_3,Desktop,467
TP_001938,CUST_0476,5,SESS_744637,2026-03-12 11:00:00,organicsearch,seo,Campaign_Promo_Winter,/promo-deals/page_4,Mobile,576
TP_001939,CUST_0476,7,SESS_744637,2026-03-19 12:00:00,affiliatenetwork,referral,Campaign_Promo_Retarget,/promo-deals/page_9,Mobile,169
TP_001940,CUST_0476,3,SESS_744637,2026-03-25 00:00:00,newsletter,email,Campaign_Promo_Summer,/promo-deals/page_6,Mobile,79
TP_001941,CUST_0476,2,SESS_744637,2026-03-21 11:00:00,facebookads,paidsocial,Campaign_Promo_Summer,/promo-deals/page_3,Mobile,556
TP_001942,CUST_0476,3,SESS_616750,2026-04-13 15:00:00,newsletter,email,Campaign_Promo_Summer,/promo-deals/page_6,Desktop,587
TP_001943,CUST_0476,3,SESS_616750,2026-04-02 16:00:00,newsletter,email,Campaign_Promo_Summer,/promo-deals/page_2,Desktop,403
TP_001944,CUST_0476,5,SESS_616750,2026-04-13 01:00:00,organicsearch,seo,Campaign_Promo_Summer,/promo-deals/page_7,Tablet,166
TP_001945,CUST_0476,5,SESS_616750,2026-04-04 22:00:00,organicsearch,seo,Campaign_Promo_Summer,/promo-deals/page_9,Mobile,303
TP_001946,CUST_0477,4,SESS_714102,2026-02-13 03:00:00,directtraffic,direct,Campaign_Promo_Summer,/promo-deals/page_1,Desktop,325
TP_001947,CUST_0477,7,SESS_714102,2026-02-16 14:00:00,affiliatenetwork,referral,Campaign_Promo_Retarget,/promo-deals/page_6,Desktop,595
TP_001948,CUST_0477,3,SESS_714102,2026-02-05 05:00:00,newsletter,email,Campaign_Promo_Brand,/promo-deals/page_9,Mobile,261
TP_001949,CUST_0477,5,SESS_714102,2026-02-14 20:00:00,organicsearch,seo,Campaign_Promo_Summer,/promo-deals/page_9,Tablet,186
TP_001950,CUST_0477,3,SESS_714102,2026-02-11 10:00:00,newsletter,email,Campaign_Promo_Winter,/promo-deals/page_9,Desktop,157
TP_001951,CUST_0478,3,SESS_920097,2026-02-14 17:00:00,newsletter,email,Campaign_Promo_Retarget,/promo-deals/page_6,Tablet,110
TP_001952,CUST_0479,2,SESS_744497,2026-01-15 19:00:00,facebookads,paidsocial,Campaign_Promo_Winter,/promo-deals/page_4,Mobile,417
TP_001953,CUST_0479,3,SESS_744497,2026-01-20 12:00:00,newsletter,email,Campaign_Promo_Brand,/promo-deals/page_6,Mobile,572
TP_001954,CUST_0479,3,SESS_744497,2026-01-23 16:00:00,newsletter,email,Campaign_Promo_Summer,/promo-deals/page_6,Mobile,522
TP_001955,CUST_0479,2,SESS_744497,2026-01-18 02:00:00,facebookads,paidsocial,Campaign_Promo_Summer,/promo-deals/page_8,Desktop,294
TP_001956,CUST_0479,3,SESS_744497,2026-01-26 13:00:00,newsletter,email,Campaign_Promo_Retarget,/promo-deals/page_8,Mobile,435
TP_001957,CUST_0479,7,SESS_155899,2026-02-18 06:00:00,affiliatenetwork,referral,Campaign_Promo_Brand,/promo-deals/page_8,Desktop,308
TP_001958,CUST_0479,5,SESS_155899,2026-02-18 03:00:00,organicsearch,seo,Campaign_Promo_Winter,/promo-deals/page_5,Tablet,480
TP_001959,CUST_0479,2,SESS_155899,2026-02-23 08:00:00,facebookads,paidsocial,Campaign_Promo_Brand,/promo-deals/page_1,Mobile,147
TP_001960,CUST_0479,6,SESS_155899,2026-02-17 20:00:00,linkedinads,paidsocial,Campaign_Promo_Summer,/promo-deals/page_1,Mobile,512
TP_001961,CUST_0479,6,SESS_155899,2026-02-22 14:00:00,linkedinads,paidsocial,Campaign_Promo_Retarget,/promo-deals/page_2,Desktop,540
TP_001962,CUST_0479,5,SESS_453452,2026-03-31 08:00:00,organicsearch,seo,Campaign_Promo_Summer,/promo-deals/page_10,Desktop,583
TP_001963,CUST_0480,7,SESS_298328,2026-03-18 14:00:00,affiliatenetwork,referral,Campaign_Promo_Retarget,/promo-deals/page_3,Tablet,79
TP_001964,CUST_0480,6,SESS_298328,2026-03-10 19:00:00,linkedinads,paidsocial,Campaign_Promo_Winter,/promo-deals/page_3,Mobile,208
TP_001965,CUST_0480,1,SESS_298328,2026-03-15 01:00:00,googleads,paidsearch,Campaign_Promo_Retarget,/promo-deals/page_9,Mobile,101
TP_001966,CUST_0480,4,SESS_298328,2026-03-06 04:00:00,directtraffic,direct,Campaign_Promo_Brand,/promo-deals/page_1,Mobile,33
TP_001967,CUST_0480,4,SESS_891411,2026-05-02 18:00:00,directtraffic,direct,Campaign_Promo_Summer,/promo-deals/page_8,Desktop,240
TP_001968,CUST_0480,2,SESS_891411,2026-04-20 04:00:00,facebookads,paidsocial,Campaign_Promo_Retarget,/promo-deals/page_8,Mobile,584
TP_001969,CUST_0482,6,SESS_403061,2026-03-29 17:00:00,linkedinads,paidsocial,Campaign_Promo_Winter,/promo-deals/page_6,Mobile,524
TP_001970,CUST_0482,1,SESS_403061,2026-04-01 08:00:00,googleads,paidsearch,Campaign_Promo_Retarget,/promo-deals/page_7,Mobile,190
TP_001971,CUST_0482,6,SESS_403061,2026-03-27 09:00:00,linkedinads,paidsocial,Campaign_Promo_Winter,/promo-deals/page_10,Desktop,73
TP_001972,CUST_0482,3,SESS_403061,2026-04-06 17:00:00,newsletter,email,Campaign_Promo_Brand,/promo-deals/page_7,Tablet,506
TP_001973,CUST_0482,2,SESS_403061,2026-03-30 13:00:00,facebookads,paidsocial,Campaign_Promo_Brand,/promo-deals/page_2,Desktop,62
TP_001974,CUST_0484,3,SESS_442420,2026-05-07 20:00:00,newsletter,email,Campaign_Promo_Winter,/promo-deals/page_4,Mobile,489
TP_001975,CUST_0484,1,SESS_442420,2026-05-02 00:00:00,googleads,paidsearch,Campaign_Promo_Retarget,/promo-deals/page_3,Mobile,492
TP_001976,CUST_0484,2,SESS_442420,2026-04-28 16:00:00,facebookads,paidsocial,Campaign_Promo_Brand,/promo-deals/page_7,Mobile,293
TP_001977,CUST_0484,7,SESS_442420,2026-04-27 13:00:00,affiliatenetwork,referral,Campaign_Promo_Winter,/promo-deals/page_5,Mobile,37
TP_001978,CUST_0485,1,SESS_727402,2026-04-16 23:00:00,googleads,paidsearch,Campaign_Promo_Winter,/promo-deals/page_7,Mobile,348
TP_001979,CUST_0485,3,SESS_727402,2026-04-18 22:00:00,newsletter,email,Campaign_Promo_Retarget,/promo-deals/page_6,Desktop,578
TP_001980,CUST_0486,5,SESS_183118,2026-03-21 15:00:00,organicsearch,seo,Campaign_Promo_Summer,/promo-deals/page_7,Mobile,253
TP_001981,CUST_0486,6,SESS_183118,2026-03-23 10:00:00,linkedinads,paidsocial,Campaign_Promo_Retarget,/promo-deals/page_6,Mobile,274
TP_001982,CUST_0486,1,SESS_183118,2026-03-09 13:00:00,googleads,paidsearch,Campaign_Promo_Summer,/promo-deals/page_1,Desktop,183
TP_001983,CUST_0486,4,SESS_183118,2026-03-09 14:00:00,directtraffic,direct,Campaign_Promo_Retarget,/promo-deals/page_10,Mobile,35
TP_001984,CUST_0486,1,SESS_787739,2026-04-04 18:00:00,googleads,paidsearch,Campaign_Promo_Retarget,/promo-deals/page_7,Mobile,305
TP_001985,CUST_0486,3,SESS_787739,2026-03-30 07:00:00,newsletter,email,Campaign_Promo_Summer,/promo-deals/page_1,Mobile,143
TP_001986,CUST_0486,3,SESS_787739,2026-04-03 14:00:00,newsletter,email,Campaign_Promo_Winter,/promo-deals/page_8,Mobile,288
TP_001987,CUST_0487,4,SESS_634787,2026-02-26 08:00:00,directtraffic,direct,Campaign_Promo_Summer,/promo-deals/page_5,Mobile,165
TP_001988,CUST_0487,3,SESS_634787,2026-02-20 04:00:00,newsletter,email,Campaign_Promo_Retarget,/promo-deals/page_5,Desktop,582
TP_001989,CUST_0487,6,SESS_634787,2026-02-27 17:00:00,linkedinads,paidsocial,Campaign_Promo_Summer,/promo-deals/page_9,Mobile,66
TP_001990,CUST_0487,7,SESS_634787,2026-02-19 21:00:00,affiliatenetwork,referral,Campaign_Promo_Retarget,/promo-deals/page_7,Mobile,57
TP_001991,CUST_0487,1,SESS_634787,2026-02-20 15:00:00,googleads,paidsearch,Campaign_Promo_Retarget,/promo-deals/page_2,Mobile,579
TP_001992,CUST_0488,2,SESS_220210,2026-01-13 17:00:00,facebookads,paidsocial,Campaign_Promo_Summer,/promo-deals/page_8,Tablet,302
TP_001993,CUST_0488,1,SESS_336061,2026-02-27 20:00:00,googleads,paidsearch,Campaign_Promo_Retarget,/promo-deals/page_10,Mobile,82
TP_001994,CUST_0488,3,SESS_336061,2026-02-20 13:00:00,newsletter,email,Campaign_Promo_Summer,/promo-deals/page_10,Mobile,335
TP_001995,CUST_0488,4,SESS_517794,2026-03-18 06:00:00,directtraffic,direct,Campaign_Promo_Summer,/promo-deals/page_6,Mobile,590
TP_001996,CUST_0488,2,SESS_517794,2026-03-22 07:00:00,facebookads,paidsocial,Campaign_Promo_Retarget,/promo-deals/page_3,Mobile,488
TP_001997,CUST_0488,6,SESS_517794,2026-03-12 19:00:00,linkedinads,paidsocial,Campaign_Promo_Retarget,/promo-deals/page_9,Mobile,150
TP_001998,CUST_0488,3,SESS_517794,2026-03-14 17:00:00,newsletter,email,Campaign_Promo_Summer,/promo-deals/page_1,Mobile,287
TP_001999,CUST_0488,6,SESS_517794,2026-03-17 13:00:00,linkedinads,paidsocial,Campaign_Promo_Summer,/promo-deals/page_6,Mobile,229
TP_002000,CUST_0490,6,SESS_868564,2026-03-27 10:00:00,linkedinads,paidsocial,Campaign_Promo_Retarget,/promo-deals/page_2,Mobile,359
TP_002001,CUST_0490,3,SESS_868564,2026-03-29 12:00:00,newsletter,email,Campaign_Promo_Brand,/promo-deals/page_8,Mobile,597
TP_002002,CUST_0490,5,SESS_868564,2026-03-22 16:00:00,organicsearch,seo,Campaign_Promo_Winter,/promo-deals/page_10,Desktop,155
TP_002003,CUST_0490,2,SESS_868564,2026-03-31 19:00:00,facebookads,paidsocial,Campaign_Promo_Retarget,/promo-deals/page_2,Desktop,183
TP_002004,CUST_0491,7,SESS_643625,2026-01-06 09:00:00,affiliatenetwork,referral,Campaign_Promo_Winter,/promo-deals/page_8,Mobile,176
TP_002005,CUST_0491,5,SESS_643625,2025-12-28 22:00:00,organicsearch,seo,Campaign_Promo_Retarget,/promo-deals/page_9,Desktop,378
TP_002006,CUST_0491,2,SESS_643625,2025-12-29 08:00:00,facebookads,paidsocial,Campaign_Promo_Summer,/promo-deals/page_10,Desktop,284
TP_002007,CUST_0491,4,SESS_538070,2026-03-08 08:00:00,directtraffic,direct,Campaign_Promo_Summer,/promo-deals/page_3,Desktop,415
TP_002008,CUST_0491,5,SESS_538070,2026-02-27 18:00:00,organicsearch,seo,Campaign_Promo_Brand,/promo-deals/page_3,Mobile,466
TP_002009,CUST_0491,2,SESS_538070,2026-03-08 08:00:00,facebookads,paidsocial,Campaign_Promo_Summer,/promo-deals/page_10,Desktop,438
TP_002010,CUST_0491,7,SESS_450765,2026-04-05 13:00:00,affiliatenetwork,referral,Campaign_Promo_Summer,/promo-deals/page_5,Mobile,114
TP_002011,CUST_0491,1,SESS_450765,2026-04-07 00:00:00,googleads,paidsearch,Campaign_Promo_Retarget,/promo-deals/page_3,Tablet,343
TP_002012,CUST_0491,2,SESS_450765,2026-04-07 10:00:00,facebookads,paidsocial,Campaign_Promo_Winter,/promo-deals/page_3,Mobile,128
TP_002013,CUST_0491,1,SESS_450765,2026-04-06 00:00:00,googleads,paidsearch,Campaign_Promo_Summer,/promo-deals/page_10,Mobile,77
TP_002014,CUST_0491,3,SESS_450765,2026-04-01 23:00:00,newsletter,email,Campaign_Promo_Winter,/promo-deals/page_4,Mobile,67
TP_002015,CUST_0492,2,SESS_175823,2026-04-26 00:00:00,facebookads,paidsocial,Campaign_Promo_Winter,/promo-deals/page_5,Desktop,589
TP_002016,CUST_0492,5,SESS_175823,2026-04-27 11:00:00,organicsearch,seo,Campaign_Promo_Brand,/promo-deals/page_8,Mobile,173
TP_002017,CUST_0492,7,SESS_200344,2026-05-02 02:00:00,affiliatenetwork,referral,Campaign_Promo_Summer,/promo-deals/page_10,Mobile,252
TP_002018,CUST_0492,5,SESS_200344,2026-04-23 03:00:00,organicsearch,seo,Campaign_Promo_Retarget,/promo-deals/page_10,Mobile,335
TP_002019,CUST_0493,4,SESS_986873,2026-01-24 02:00:00,directtraffic,direct,Campaign_Promo_Winter,/promo-deals/page_9,Tablet,456
TP_002020,CUST_0493,1,SESS_986873,2026-01-21 03:00:00,googleads,paidsearch,Campaign_Promo_Retarget,/promo-deals/page_3,Desktop,529
TP_002021,CUST_0493,3,SESS_986873,2026-01-29 03:00:00,newsletter,email,Campaign_Promo_Brand,/promo-deals/page_7,Mobile,90
TP_002022,CUST_0493,6,SESS_986873,2026-01-31 08:00:00,linkedinads,paidsocial,Campaign_Promo_Retarget,/promo-deals/page_10,Mobile,22
TP_002023,CUST_0493,6,SESS_879892,2026-03-09 05:00:00,linkedinads,paidsocial,Campaign_Promo_Summer,/promo-deals/page_9,Mobile,56
TP_002024,CUST_0494,1,SESS_836180,2026-02-15 14:00:00,googleads,paidsearch,Campaign_Promo_Brand,/promo-deals/page_10,Mobile,277
TP_002025,CUST_0494,1,SESS_836180,2026-02-12 17:00:00,googleads,paidsearch,Campaign_Promo_Brand,/promo-deals/page_4,Mobile,346
TP_002026,CUST_0495,7,SESS_801314,2026-04-02 18:00:00,affiliatenetwork,referral,Campaign_Promo_Brand,/promo-deals/page_6,Desktop,389
TP_002027,CUST_0495,6,SESS_801314,2026-03-28 05:00:00,linkedinads,paidsocial,Campaign_Promo_Brand,/promo-deals/page_3,Desktop,149
TP_002028,CUST_0495,3,SESS_801314,2026-03-20 17:00:00,newsletter,email,Campaign_Promo_Brand,/promo-deals/page_7,Mobile,375
TP_002029,CUST_0495,6,SESS_801314,2026-03-22 22:00:00,linkedinads,paidsocial,Campaign_Promo_Brand,/promo-deals/page_9,Mobile,293
TP_002030,CUST_0495,7,SESS_801314,2026-03-21 13:00:00,affiliatenetwork,referral,Campaign_Promo_Winter,/promo-deals/page_5,Desktop,385
TP_002031,CUST_0495,6,SESS_784218,2026-04-26 04:00:00,linkedinads,paidsocial,Campaign_Promo_Summer,/promo-deals/page_10,Mobile,287
TP_002032,CUST_0497,4,SESS_458664,2026-01-13 14:00:00,directtraffic,direct,Campaign_Promo_Summer,/promo-deals/page_7,Mobile,417
TP_002033,CUST_0497,5,SESS_458664,2026-01-02 21:00:00,organicsearch,seo,Campaign_Promo_Retarget,/promo-deals/page_7,Desktop,505
TP_002034,CUST_0497,2,SESS_458664,2026-01-06 19:00:00,facebookads,paidsocial,Campaign_Promo_Winter,/promo-deals/page_6,Mobile,269
TP_002035,CUST_0497,7,SESS_458664,2026-01-14 10:00:00,affiliatenetwork,referral,Campaign_Promo_Summer,/promo-deals/page_4,Tablet,261
TP_002036,CUST_0497,1,SESS_180928,2026-03-02 04:00:00,googleads,paidsearch,Campaign_Promo_Summer,/promo-deals/page_2,Mobile,319
TP_002037,CUST_0497,2,SESS_180928,2026-03-01 03:00:00,facebookads,paidsocial,Campaign_Promo_Winter,/promo-deals/page_1,Mobile,449
TP_002038,CUST_0497,7,SESS_180928,2026-02-19 02:00:00,affiliatenetwork,referral,Campaign_Promo_Brand,/promo-deals/page_4,Mobile,388
TP_002039,CUST_0498,3,SESS_723234,2026-02-24 07:00:00,newsletter,email,Campaign_Promo_Brand,/promo-deals/page_9,Mobile,22
TP_002040,CUST_0498,7,SESS_337708,2026-03-13 22:00:00,affiliatenetwork,referral,Campaign_Promo_Retarget,/promo-deals/page_8,Mobile,31
TP_002041,CUST_0498,7,SESS_337708,2026-03-18 06:00:00,affiliatenetwork,referral,Campaign_Promo_Summer,/promo-deals/page_7,Desktop,63
TP_002042,CUST_0498,1,SESS_337708,2026-03-25 00:00:00,googleads,paidsearch,Campaign_Promo_Brand,/promo-deals/page_6,Desktop,412
TP_002043,CUST_0498,3,SESS_337708,2026-03-19 22:00:00,newsletter,email,Campaign_Promo_Winter,/promo-deals/page_6,Desktop,413
TP_002044,CUST_0499,4,SESS_517337,2026-04-30 16:00:00,directtraffic,direct,Campaign_Promo_Retarget,/promo-deals/page_7,Mobile,137
TP_002045,CUST_0499,6,SESS_517337,2026-05-04 13:00:00,linkedinads,paidsocial,Campaign_Promo_Brand,/promo-deals/page_10,Desktop,125
TP_002046,CUST_0499,7,SESS_517337,2026-05-03 05:00:00,affiliatenetwork,referral,Campaign_Promo_Retarget,/promo-deals/page_5,Mobile,12
TP_002047,CUST_0499,3,SESS_517337,2026-05-02 10:00:00,newsletter,email,Campaign_Promo_Brand,/promo-deals/page_3,Desktop,444
TP_002048,CUST_0499,4,SESS_929339,2026-05-21 14:00:00,directtraffic,direct,Campaign_Promo_Winter,/promo-deals/page_4,Desktop,463
TP_002049,CUST_0499,6,SESS_929339,2026-05-21 09:00:00,linkedinads,paidsocial,Campaign_Promo_Summer,/promo-deals/page_5,Mobile,502
TP_002050,CUST_0501,4,SESS_731335,2026-03-03 03:00:00,directtraffic,direct,Campaign_Promo_Summer,/promo-deals/page_2,Desktop,227
TP_002051,CUST_0501,4,SESS_731335,2026-02-25 03:00:00,directtraffic,direct,Campaign_Promo_Summer,/promo-deals/page_2,Mobile,246
TP_002052,CUST_0501,1,SESS_731335,2026-02-26 16:00:00,googleads,paidsearch,Campaign_Promo_Brand,/promo-deals/page_4,Tablet,320
TP_002053,CUST_0501,3,SESS_731335,2026-03-02 09:00:00,newsletter,email,Campaign_Promo_Winter,/promo-deals/page_5,Desktop,229
TP_002054,CUST_0501,6,SESS_731335,2026-03-06 06:00:00,linkedinads,paidsocial,Campaign_Promo_Brand,/promo-deals/page_1,Mobile,213
TP_002055,CUST_0501,4,SESS_525445,2026-04-09 12:00:00,directtraffic,direct,Campaign_Promo_Winter,/promo-deals/page_6,Mobile,314
TP_002056,CUST_0501,7,SESS_525445,2026-04-03 23:00:00,affiliatenetwork,referral,Campaign_Promo_Brand,/promo-deals/page_10,Mobile,519
TP_002057,CUST_0501,4,SESS_525445,2026-03-29 14:00:00,directtraffic,direct,Campaign_Promo_Brand,/promo-deals/page_3,Desktop,88
TP_002058,CUST_0501,2,SESS_525445,2026-04-03 18:00:00,facebookads,paidsocial,Campaign_Promo_Summer,/promo-deals/page_3,Mobile,35
TP_002059,CUST_0501,2,SESS_525445,2026-04-10 20:00:00,facebookads,paidsocial,Campaign_Promo_Brand,/promo-deals/page_8,Desktop,600
TP_002060,CUST_0502,1,SESS_117482,2026-02-05 02:00:00,googleads,paidsearch,Campaign_Promo_Winter,/promo-deals/page_9,Mobile,311
TP_002061,CUST_0502,2,SESS_389701,2026-03-10 10:00:00,facebookads,paidsocial,Campaign_Promo_Summer,/promo-deals/page_1,Mobile,182
TP_002062,CUST_0502,2,SESS_389701,2026-03-17 16:00:00,facebookads,paidsocial,Campaign_Promo_Summer,/promo-deals/page_6,Desktop,135
TP_002063,CUST_0502,5,SESS_389701,2026-03-09 13:00:00,organicsearch,seo,Campaign_Promo_Brand,/promo-deals/page_10,Desktop,406
TP_002064,CUST_0502,5,SESS_389701,2026-03-19 10:00:00,organicsearch,seo,Campaign_Promo_Retarget,/promo-deals/page_10,Desktop,325
TP_002065,CUST_0503,7,SESS_743143,2026-02-17 08:00:00,affiliatenetwork,referral,Campaign_Promo_Brand,/promo-deals/page_8,Mobile,69
TP_002066,CUST_0503,1,SESS_438307,2026-03-12 15:00:00,googleads,paidsearch,Campaign_Promo_Summer,/promo-deals/page_7,Desktop,150
TP_002067,CUST_0503,2,SESS_438307,2026-03-08 15:00:00,facebookads,paidsocial,Campaign_Promo_Summer,/promo-deals/page_2,Mobile,25
TP_002068,CUST_0503,4,SESS_438307,2026-03-18 03:00:00,directtraffic,direct,Campaign_Promo_Brand,/promo-deals/page_2,Mobile,170
TP_002069,CUST_0503,4,SESS_438307,2026-03-09 18:00:00,directtraffic,direct,Campaign_Promo_Retarget,/promo-deals/page_7,Mobile,260
TP_002070,CUST_0503,7,SESS_108301,2026-05-07 19:00:00,affiliatenetwork,referral,Campaign_Promo_Retarget,/promo-deals/page_2,Desktop,498
TP_002071,CUST_0504,6,SESS_541656,2026-02-12 03:00:00,linkedinads,paidsocial,Campaign_Promo_Retarget,/promo-deals/page_8,Mobile,322
TP_002072,CUST_0504,2,SESS_541656,2026-02-11 22:00:00,facebookads,paidsocial,Campaign_Promo_Summer,/promo-deals/page_4,Tablet,16
TP_002073,CUST_0504,4,SESS_669817,2026-03-18 16:00:00,directtraffic,direct,Campaign_Promo_Summer,/promo-deals/page_6,Mobile,557
TP_002074,CUST_0504,7,SESS_669817,2026-03-12 06:00:00,affiliatenetwork,referral,Campaign_Promo_Summer,/promo-deals/page_9,Desktop,357
TP_002075,CUST_0506,2,SESS_964252,2026-03-31 00:00:00,facebookads,paidsocial,Campaign_Promo_Summer,/promo-deals/page_6,Mobile,387
TP_002076,CUST_0506,7,SESS_964252,2026-04-09 06:00:00,affiliatenetwork,referral,Campaign_Promo_Winter,/promo-deals/page_9,Desktop,140
TP_002077,CUST_0506,7,SESS_964252,2026-04-08 16:00:00,affiliatenetwork,referral,Campaign_Promo_Brand,/promo-deals/page_2,Mobile,290
TP_002078,CUST_0506,7,SESS_964252,2026-04-11 01:00:00,affiliatenetwork,referral,Campaign_Promo_Retarget,/promo-deals/page_1,Mobile,564
TP_002079,CUST_0506,2,SESS_964252,2026-03-29 17:00:00,facebookads,paidsocial,Campaign_Promo_Summer,/promo-deals/page_4,Tablet,53
TP_002080,CUST_0506,7,SESS_350535,2026-05-09 08:00:00,affiliatenetwork,referral,Campaign_Promo_Retarget,/promo-deals/page_10,Desktop,439
TP_002081,CUST_0506,2,SESS_350535,2026-05-07 15:00:00,facebookads,paidsocial,Campaign_Promo_Retarget,/promo-deals/page_8,Desktop,263
TP_002082,CUST_0506,7,SESS_350535,2026-05-11 20:00:00,affiliatenetwork,referral,Campaign_Promo_Brand,/promo-deals/page_5,Mobile,132
TP_002083,CUST_0507,3,SESS_511720,2026-01-27 04:00:00,newsletter,email,Campaign_Promo_Brand,/promo-deals/page_10,Mobile,27
TP_002084,CUST_0507,3,SESS_250624,2026-03-08 17:00:00,newsletter,email,Campaign_Promo_Winter,/promo-deals/page_3,Desktop,566
TP_002085,CUST_0507,3,SESS_250624,2026-03-11 01:00:00,newsletter,email,Campaign_Promo_Summer,/promo-deals/page_3,Mobile,84
TP_002086,CUST_0507,7,SESS_250624,2026-02-27 01:00:00,affiliatenetwork,referral,Campaign_Promo_Winter,/promo-deals/page_7,Mobile,125
TP_002087,CUST_0507,6,SESS_798894,2026-04-05 07:00:00,linkedinads,paidsocial,Campaign_Promo_Brand,/promo-deals/page_4,Tablet,531
TP_002088,CUST_0507,6,SESS_798894,2026-04-03 00:00:00,linkedinads,paidsocial,Campaign_Promo_Winter,/promo-deals/page_3,Mobile,416
TP_002089,CUST_0507,6,SESS_798894,2026-03-31 20:00:00,linkedinads,paidsocial,Campaign_Promo_Winter,/promo-deals/page_9,Mobile,452
TP_002090,CUST_0507,4,SESS_798894,2026-04-07 08:00:00,directtraffic,direct,Campaign_Promo_Winter,/promo-deals/page_8,Mobile,531
TP_002091,CUST_0508,5,SESS_104405,2026-03-15 11:00:00,organicsearch,seo,Campaign_Promo_Retarget,/promo-deals/page_2,Mobile,428
TP_002092,CUST_0509,3,SESS_865032,2026-03-07 01:00:00,newsletter,email,Campaign_Promo_Retarget,/promo-deals/page_10,Mobile,297
TP_002093,CUST_0509,4,SESS_865032,2026-03-13 22:00:00,directtraffic,direct,Campaign_Promo_Summer,/promo-deals/page_8,Desktop,308
TP_002094,CUST_0509,4,SESS_865032,2026-03-10 06:00:00,directtraffic,direct,Campaign_Promo_Summer,/promo-deals/page_7,Mobile,419
TP_002095,CUST_0509,3,SESS_865032,2026-03-11 19:00:00,newsletter,email,Campaign_Promo_Summer,/promo-deals/page_5,Mobile,247
TP_002096,CUST_0509,6,SESS_878947,2026-04-17 16:00:00,linkedinads,paidsocial,Campaign_Promo_Summer,/promo-deals/page_9,Mobile,411
TP_002097,CUST_0509,3,SESS_705242,2026-05-16 03:00:00,newsletter,email,Campaign_Promo_Brand,/promo-deals/page_9,Mobile,81
TP_002098,CUST_0510,2,SESS_392005,2026-03-29 01:00:00,facebookads,paidsocial,Campaign_Promo_Retarget,/promo-deals/page_10,Mobile,447
TP_002099,CUST_0510,4,SESS_663421,2026-04-20 02:00:00,directtraffic,direct,Campaign_Promo_Winter,/promo-deals/page_1,Tablet,251
TP_002100,CUST_0510,7,SESS_663421,2026-04-21 15:00:00,affiliatenetwork,referral,Campaign_Promo_Retarget,/promo-deals/page_2,Desktop,289
TP_002101,CUST_0510,1,SESS_663421,2026-04-29 03:00:00,googleads,paidsearch,Campaign_Promo_Winter,/promo-deals/page_10,Desktop,590
TP_002102,CUST_0510,2,SESS_663421,2026-05-03 00:00:00,facebookads,paidsocial,Campaign_Promo_Brand,/promo-deals/page_2,Mobile,300
TP_002103,CUST_0512,1,SESS_785766,2026-04-06 08:00:00,googleads,paidsearch,Campaign_Promo_Brand,/promo-deals/page_8,Desktop,102
TP_002104,CUST_0513,2,SESS_408215,2026-01-21 00:00:00,facebookads,paidsocial,Campaign_Promo_Brand,/promo-deals/page_3,Mobile,304
TP_002105,CUST_0513,4,SESS_426199,2026-02-10 04:00:00,directtraffic,direct,Campaign_Promo_Summer,/promo-deals/page_8,Desktop,187
TP_002106,CUST_0513,4,SESS_426199,2026-02-05 07:00:00,directtraffic,direct,Campaign_Promo_Summer,/promo-deals/page_1,Mobile,77
TP_002107,CUST_0513,7,SESS_426199,2026-02-15 21:00:00,affiliatenetwork,referral,Campaign_Promo_Winter,/promo-deals/page_7,Mobile,570
TP_002108,CUST_0513,7,SESS_426199,2026-02-14 20:00:00,affiliatenetwork,referral,Campaign_Promo_Winter,/promo-deals/page_1,Desktop,180
TP_002109,CUST_0513,6,SESS_426199,2026-02-09 03:00:00,linkedinads,paidsocial,Campaign_Promo_Brand,/promo-deals/page_10,Mobile,228
TP_002110,CUST_0513,5,SESS_998088,2026-04-03 22:00:00,organicsearch,seo,Campaign_Promo_Winter,/promo-deals/page_7,Tablet,52
TP_002111,CUST_0513,3,SESS_998088,2026-03-21 09:00:00,newsletter,email,Campaign_Promo_Brand,/promo-deals/page_3,Mobile,585
TP_002112,CUST_0513,2,SESS_998088,2026-03-22 15:00:00,facebookads,paidsocial,Campaign_Promo_Summer,/promo-deals/page_9,Mobile,343
TP_002113,CUST_0514,4,SESS_699714,2026-04-16 11:00:00,directtraffic,direct,Campaign_Promo_Summer,/promo-deals/page_2,Tablet,390
TP_002114,CUST_0517,3,SESS_407381,2026-03-24 21:00:00,newsletter,email,Campaign_Promo_Brand,/promo-deals/page_1,Desktop,376
TP_002115,CUST_0517,4,SESS_407381,2026-03-23 15:00:00,directtraffic,direct,Campaign_Promo_Summer,/promo-deals/page_1,Desktop,414
TP_002116,CUST_0517,3,SESS_407381,2026-03-22 13:00:00,newsletter,email,Campaign_Promo_Winter,/promo-deals/page_9,Mobile,543
TP_002117,CUST_0517,6,SESS_407381,2026-03-11 16:00:00,linkedinads,paidsocial,Campaign_Promo_Retarget,/promo-deals/page_9,Desktop,398
TP_002118,CUST_0517,7,SESS_989801,2026-04-27 14:00:00,affiliatenetwork,referral,Campaign_Promo_Winter,/promo-deals/page_8,Mobile,197
TP_002119,CUST_0517,7,SESS_989801,2026-04-24 11:00:00,affiliatenetwork,referral,Campaign_Promo_Winter,/promo-deals/page_7,Mobile,472
TP_002120,CUST_0517,7,SESS_989801,2026-05-03 10:00:00,affiliatenetwork,referral,Campaign_Promo_Brand,/promo-deals/page_5,Mobile,217
TP_002121,CUST_0517,6,SESS_989801,2026-04-23 23:00:00,linkedinads,paidsocial,Campaign_Promo_Brand,/promo-deals/page_6,Desktop,310
TP_002122,CUST_0518,7,SESS_399062,2026-03-14 20:00:00,affiliatenetwork,referral,Campaign_Promo_Winter,/promo-deals/page_3,Tablet,589
TP_002123,CUST_0518,1,SESS_399062,2026-03-12 20:00:00,googleads,paidsearch,Campaign_Promo_Retarget,/promo-deals/page_2,Mobile,340
TP_002124,CUST_0518,3,SESS_399062,2026-03-13 19:00:00,newsletter,email,Campaign_Promo_Summer,/promo-deals/page_4,Mobile,323
TP_002125,CUST_0518,6,SESS_399062,2026-03-06 15:00:00,linkedinads,paidsocial,Campaign_Promo_Summer,/promo-deals/page_9,Mobile,78
TP_002126,CUST_0519,4,SESS_364183,2026-03-07 12:00:00,directtraffic,direct,Campaign_Promo_Retarget,/promo-deals/page_2,Mobile,130
TP_002127,CUST_0519,5,SESS_364183,2026-03-17 07:00:00,organicsearch,seo,Campaign_Promo_Winter,/promo-deals/page_3,Desktop,336
TP_002128,CUST_0519,1,SESS_364183,2026-03-19 00:00:00,googleads,paidsearch,Campaign_Promo_Retarget,/promo-deals/page_2,Mobile,149
TP_002129,CUST_0519,5,SESS_364183,2026-03-14 12:00:00,organicsearch,seo,Campaign_Promo_Brand,/promo-deals/page_1,Tablet,78
TP_002130,CUST_0519,2,SESS_646769,2026-03-25 00:00:00,facebookads,paidsocial,Campaign_Promo_Retarget,/promo-deals/page_9,Mobile,454
TP_002131,CUST_0519,2,SESS_596501,2026-04-24 06:00:00,facebookads,paidsocial,Campaign_Promo_Brand,/promo-deals/page_7,Mobile,85
TP_002132,CUST_0519,1,SESS_596501,2026-04-10 22:00:00,googleads,paidsearch,Campaign_Promo_Brand,/promo-deals/page_4,Mobile,124
TP_002133,CUST_0520,3,SESS_528403,2026-03-04 07:00:00,newsletter,email,Campaign_Promo_Brand,/promo-deals/page_9,Desktop,422
TP_002134,CUST_0520,4,SESS_262475,2026-05-03 22:00:00,directtraffic,direct,Campaign_Promo_Summer,/promo-deals/page_1,Tablet,73
TP_002135,CUST_0521,4,SESS_648118,2026-01-29 00:00:00,directtraffic,direct,Campaign_Promo_Retarget,/promo-deals/page_1,Mobile,181
TP_002136,CUST_0521,3,SESS_648118,2026-01-28 18:00:00,newsletter,email,Campaign_Promo_Brand,/promo-deals/page_7,Mobile,564
TP_002137,CUST_0523,1,SESS_191341,2026-05-11 06:00:00,googleads,paidsearch,Campaign_Promo_Summer,/promo-deals/page_1,Desktop,291
TP_002138,CUST_0523,4,SESS_191341,2026-05-04 14:00:00,directtraffic,direct,Campaign_Promo_Brand,/promo-deals/page_6,Tablet,21
TP_002139,CUST_0523,7,SESS_901344,2026-05-12 23:00:00,affiliatenetwork,referral,Campaign_Promo_Brand,/promo-deals/page_9,Tablet,273
TP_002140,CUST_0523,4,SESS_901344,2026-05-08 22:00:00,directtraffic,direct,Campaign_Promo_Brand,/promo-deals/page_3,Desktop,29
TP_002141,CUST_0524,2,SESS_130731,2026-01-31 21:00:00,facebookads,paidsocial,Campaign_Promo_Brand,/promo-deals/page_7,Desktop,170
TP_002142,CUST_0524,6,SESS_130731,2026-01-29 09:00:00,linkedinads,paidsocial,Campaign_Promo_Winter,/promo-deals/page_9,Mobile,521
TP_002143,CUST_0524,2,SESS_130731,2026-02-03 12:00:00,facebookads,paidsocial,Campaign_Promo_Winter,/promo-deals/page_6,Tablet,94
TP_002144,CUST_0524,5,SESS_130731,2026-01-24 11:00:00,organicsearch,seo,Campaign_Promo_Brand,/promo-deals/page_9,Desktop,139
TP_002145,CUST_0524,6,SESS_476717,2026-02-28 11:00:00,linkedinads,paidsocial,Campaign_Promo_Brand,/promo-deals/page_10,Desktop,502
TP_002146,CUST_0524,4,SESS_476717,2026-03-04 00:00:00,directtraffic,direct,Campaign_Promo_Summer,/promo-deals/page_10,Mobile,544
TP_002147,CUST_0524,2,SESS_476717,2026-03-02 18:00:00,facebookads,paidsocial,Campaign_Promo_Summer,/promo-deals/page_6,Mobile,169
TP_002148,CUST_0524,5,SESS_465719,2026-03-28 20:00:00,organicsearch,seo,Campaign_Promo_Retarget,/promo-deals/page_9,Mobile,97
TP_002149,CUST_0524,7,SESS_465719,2026-03-28 21:00:00,affiliatenetwork,referral,Campaign_Promo_Winter,/promo-deals/page_9,Mobile,190
TP_002150,CUST_0524,7,SESS_465719,2026-03-16 23:00:00,affiliatenetwork,referral,Campaign_Promo_Summer,/promo-deals/page_7,Mobile,421
TP_002151,CUST_0525,3,SESS_916565,2026-02-24 07:00:00,newsletter,email,Campaign_Promo_Summer,/promo-deals/page_1,Mobile,491
TP_002152,CUST_0525,7,SESS_916565,2026-02-28 11:00:00,affiliatenetwork,referral,Campaign_Promo_Retarget,/promo-deals/page_2,Desktop,460
TP_002153,CUST_0526,6,SESS_427331,2026-01-13 16:00:00,linkedinads,paidsocial,Campaign_Promo_Winter,/promo-deals/page_5,Mobile,531
TP_002154,CUST_0526,3,SESS_427331,2026-01-18 07:00:00,newsletter,email,Campaign_Promo_Brand,/promo-deals/page_9,Mobile,499
TP_002155,CUST_0526,3,SESS_427331,2026-01-21 13:00:00,newsletter,email,Campaign_Promo_Summer,/promo-deals/page_7,Desktop,407
TP_002156,CUST_0526,2,SESS_427331,2026-01-09 06:00:00,facebookads,paidsocial,Campaign_Promo_Winter,/promo-deals/page_7,Tablet,414
TP_002157,CUST_0527,4,SESS_589242,2026-03-29 00:00:00,directtraffic,direct,Campaign_Promo_Summer,/promo-deals/page_8,Mobile,460
TP_002158,CUST_0527,7,SESS_589242,2026-03-24 15:00:00,affiliatenetwork,referral,Campaign_Promo_Retarget,/promo-deals/page_4,Desktop,421
TP_002159,CUST_0527,3,SESS_589242,2026-03-29 20:00:00,newsletter,email,Campaign_Promo_Retarget,/promo-deals/page_2,Mobile,562
TP_002160,CUST_0528,3,SESS_988418,2026-02-02 06:00:00,newsletter,email,Campaign_Promo_Winter,/promo-deals/page_5,Mobile,505
TP_002161,CUST_0528,7,SESS_988418,2026-02-01 12:00:00,affiliatenetwork,referral,Campaign_Promo_Retarget,/promo-deals/page_3,Mobile,320
TP_002162,CUST_0528,7,SESS_837862,2026-03-13 22:00:00,affiliatenetwork,referral,Campaign_Promo_Winter,/promo-deals/page_10,Mobile,263
TP_002163,CUST_0528,5,SESS_837862,2026-03-24 23:00:00,organicsearch,seo,Campaign_Promo_Retarget,/promo-deals/page_5,Mobile,549
TP_002164,CUST_0528,6,SESS_837862,2026-03-13 18:00:00,linkedinads,paidsocial,Campaign_Promo_Summer,/promo-deals/page_4,Mobile,365
TP_002165,CUST_0528,4,SESS_837862,2026-03-16 13:00:00,directtraffic,direct,Campaign_Promo_Winter,/promo-deals/page_2,Desktop,229
TP_002166,CUST_0528,4,SESS_837862,2026-03-20 22:00:00,directtraffic,direct,Campaign_Promo_Summer,/promo-deals/page_6,Mobile,458
TP_002167,CUST_0530,6,SESS_604880,2026-03-01 17:00:00,linkedinads,paidsocial,Campaign_Promo_Brand,/promo-deals/page_7,Mobile,591
TP_002168,CUST_0530,3,SESS_604880,2026-03-07 09:00:00,newsletter,email,Campaign_Promo_Winter,/promo-deals/page_1,Mobile,314
TP_002169,CUST_0530,3,SESS_604880,2026-03-01 19:00:00,newsletter,email,Campaign_Promo_Retarget,/promo-deals/page_3,Desktop,122
TP_002170,CUST_0530,3,SESS_604880,2026-03-08 02:00:00,newsletter,email,Campaign_Promo_Retarget,/promo-deals/page_6,Mobile,41
TP_002171,CUST_0530,5,SESS_604880,2026-03-04 22:00:00,organicsearch,seo,Campaign_Promo_Winter,/promo-deals/page_10,Desktop,396
TP_002172,CUST_0531,4,SESS_710121,2026-04-30 16:00:00,directtraffic,direct,Campaign_Promo_Winter,/promo-deals/page_5,Mobile,155
TP_002173,CUST_0531,1,SESS_710121,2026-04-30 09:00:00,googleads,paidsearch,Campaign_Promo_Winter,/promo-deals/page_9,Mobile,292
TP_002174,CUST_0533,5,SESS_919494,2026-03-23 14:00:00,organicsearch,seo,Campaign_Promo_Retarget,/promo-deals/page_5,Mobile,188
TP_002175,CUST_0534,7,SESS_900885,2026-02-22 08:00:00,affiliatenetwork,referral,Campaign_Promo_Summer,/promo-deals/page_10,Desktop,562
TP_002176,CUST_0534,1,SESS_900885,2026-02-18 01:00:00,googleads,paidsearch,Campaign_Promo_Brand,/promo-deals/page_5,Mobile,591
TP_002177,CUST_0534,3,SESS_900885,2026-02-25 16:00:00,newsletter,email,Campaign_Promo_Retarget,/promo-deals/page_9,Mobile,255
TP_002178,CUST_0534,2,SESS_900885,2026-02-27 00:00:00,facebookads,paidsocial,Campaign_Promo_Brand,/promo-deals/page_4,Mobile,41
TP_002179,CUST_0534,5,SESS_900885,2026-02-21 17:00:00,organicsearch,seo,Campaign_Promo_Retarget,/promo-deals/page_9,Tablet,24
TP_002180,CUST_0534,4,SESS_891476,2026-04-01 06:00:00,directtraffic,direct,Campaign_Promo_Summer,/promo-deals/page_5,Mobile,371
TP_002181,CUST_0534,1,SESS_891476,2026-03-23 23:00:00,googleads,paidsearch,Campaign_Promo_Summer,/promo-deals/page_7,Mobile,200
TP_002182,CUST_0535,2,SESS_198337,2026-03-17 16:00:00,facebookads,paidsocial,Campaign_Promo_Summer,/promo-deals/page_7,Mobile,113
TP_002183,CUST_0535,4,SESS_198337,2026-03-09 09:00:00,directtraffic,direct,Campaign_Promo_Retarget,/promo-deals/page_1,Desktop,312
TP_002184,CUST_0536,5,SESS_514683,2026-03-29 10:00:00,organicsearch,seo,Campaign_Promo_Retarget,/promo-deals/page_5,Mobile,583
TP_002185,CUST_0536,1,SESS_514683,2026-03-28 04:00:00,googleads,paidsearch,Campaign_Promo_Brand,/promo-deals/page_10,Desktop,14
TP_002186,CUST_0536,5,SESS_514683,2026-04-06 05:00:00,organicsearch,seo,Campaign_Promo_Summer,/promo-deals/page_8,Tablet,296
TP_002187,CUST_0536,1,SESS_514683,2026-03-30 05:00:00,googleads,paidsearch,Campaign_Promo_Summer,/promo-deals/page_5,Desktop,93
TP_002188,CUST_0536,2,SESS_888175,2026-05-07 20:00:00,facebookads,paidsocial,Campaign_Promo_Retarget,/promo-deals/page_6,Desktop,89
TP_002189,CUST_0536,6,SESS_888175,2026-04-30 19:00:00,linkedinads,paidsocial,Campaign_Promo_Brand,/promo-deals/page_2,Mobile,307
TP_002190,CUST_0536,2,SESS_888175,2026-05-06 07:00:00,facebookads,paidsocial,Campaign_Promo_Summer,/promo-deals/page_6,Mobile,54
TP_002191,CUST_0536,3,SESS_526580,2026-05-07 04:00:00,newsletter,email,Campaign_Promo_Brand,/promo-deals/page_7,Mobile,554
TP_002192,CUST_0536,5,SESS_526580,2026-05-05 10:00:00,organicsearch,seo,Campaign_Promo_Summer,/promo-deals/page_10,Mobile,296
TP_002193,CUST_0537,7,SESS_263844,2026-01-31 06:00:00,affiliatenetwork,referral,Campaign_Promo_Retarget,/promo-deals/page_9,Mobile,176
TP_002194,CUST_0537,3,SESS_263844,2026-02-08 22:00:00,newsletter,email,Campaign_Promo_Brand,/promo-deals/page_9,Mobile,418
TP_002195,CUST_0537,4,SESS_263844,2026-02-05 23:00:00,directtraffic,direct,Campaign_Promo_Winter,/promo-deals/page_5,Desktop,382
TP_002196,CUST_0537,2,SESS_263844,2026-02-07 10:00:00,facebookads,paidsocial,Campaign_Promo_Summer,/promo-deals/page_3,Tablet,203
TP_002197,CUST_0539,1,SESS_963432,2026-04-15 20:00:00,googleads,paidsearch,Campaign_Promo_Retarget,/promo-deals/page_2,Mobile,46
TP_002198,CUST_0539,2,SESS_963432,2026-04-24 02:00:00,facebookads,paidsocial,Campaign_Promo_Winter,/promo-deals/page_4,Mobile,516
TP_002199,CUST_0540,6,SESS_786580,2026-02-10 21:00:00,linkedinads,paidsocial,Campaign_Promo_Retarget,/promo-deals/page_2,Desktop,69
TP_002200,CUST_0540,6,SESS_786580,2026-02-15 16:00:00,linkedinads,paidsocial,Campaign_Promo_Winter,/promo-deals/page_6,Mobile,256
TP_002201,CUST_0540,6,SESS_303974,2026-02-25 10:00:00,linkedinads,paidsocial,Campaign_Promo_Brand,/promo-deals/page_7,Mobile,553
TP_002202,CUST_0540,6,SESS_303974,2026-02-18 22:00:00,linkedinads,paidsocial,Campaign_Promo_Brand,/promo-deals/page_2,Desktop,269
TP_002203,CUST_0540,6,SESS_303974,2026-02-13 17:00:00,linkedinads,paidsocial,Campaign_Promo_Brand,/promo-deals/page_3,Mobile,127
TP_002204,CUST_0540,1,SESS_806246,2026-04-09 00:00:00,googleads,paidsearch,Campaign_Promo_Brand,/promo-deals/page_1,Mobile,548
TP_002205,CUST_0540,7,SESS_806246,2026-04-11 18:00:00,affiliatenetwork,referral,Campaign_Promo_Retarget,/promo-deals/page_2,Desktop,323
TP_002206,CUST_0540,2,SESS_806246,2026-04-15 11:00:00,facebookads,paidsocial,Campaign_Promo_Winter,/promo-deals/page_4,Mobile,254
TP_002207,CUST_0540,3,SESS_806246,2026-04-11 00:00:00,newsletter,email,Campaign_Promo_Winter,/promo-deals/page_3,Mobile,204
TP_002208,CUST_0541,5,SESS_352727,2026-01-15 14:00:00,organicsearch,seo,Campaign_Promo_Retarget,/promo-deals/page_5,Mobile,67
TP_002209,CUST_0541,7,SESS_639088,2026-02-20 23:00:00,affiliatenetwork,referral,Campaign_Promo_Summer,/promo-deals/page_9,Mobile,415
TP_002210,CUST_0541,1,SESS_639088,2026-03-04 04:00:00,googleads,paidsearch,Campaign_Promo_Brand,/promo-deals/page_4,Mobile,215
TP_002211,CUST_0541,1,SESS_639088,2026-03-02 09:00:00,googleads,paidsearch,Campaign_Promo_Brand,/promo-deals/page_6,Mobile,552
TP_002212,CUST_0541,6,SESS_639088,2026-02-25 07:00:00,linkedinads,paidsocial,Campaign_Promo_Retarget,/promo-deals/page_4,Mobile,475
TP_002213,CUST_0542,2,SESS_409804,2026-01-27 20:00:00,facebookads,paidsocial,Campaign_Promo_Retarget,/promo-deals/page_3,Desktop,118
TP_002214,CUST_0542,3,SESS_409804,2026-01-16 19:00:00,newsletter,email,Campaign_Promo_Winter,/promo-deals/page_10,Mobile,598
TP_002215,CUST_0542,5,SESS_409804,2026-01-22 20:00:00,organicsearch,seo,Campaign_Promo_Winter,/promo-deals/page_6,Desktop,170
TP_002216,CUST_0542,6,SESS_409804,2026-01-25 17:00:00,linkedinads,paidsocial,Campaign_Promo_Summer,/promo-deals/page_1,Mobile,126
TP_002217,CUST_0542,2,SESS_409804,2026-01-28 18:00:00,facebookads,paidsocial,Campaign_Promo_Brand,/promo-deals/page_2,Desktop,20
TP_002218,CUST_0543,2,SESS_734730,2026-04-06 22:00:00,facebookads,paidsocial,Campaign_Promo_Winter,/promo-deals/page_2,Desktop,249
TP_002219,CUST_0543,4,SESS_734730,2026-04-06 16:00:00,directtraffic,direct,Campaign_Promo_Summer,/promo-deals/page_8,Desktop,519
TP_002220,CUST_0543,5,SESS_734730,2026-04-08 04:00:00,organicsearch,seo,Campaign_Promo_Summer,/promo-deals/page_5,Mobile,55
TP_002221,CUST_0543,7,SESS_958416,2026-05-02 18:00:00,affiliatenetwork,referral,Campaign_Promo_Winter,/promo-deals/page_3,Desktop,57
TP_002222,CUST_0543,6,SESS_958416,2026-05-10 14:00:00,linkedinads,paidsocial,Campaign_Promo_Brand,/promo-deals/page_9,Desktop,479
TP_002223,CUST_0543,1,SESS_958416,2026-05-04 12:00:00,googleads,paidsearch,Campaign_Promo_Brand,/promo-deals/page_3,Mobile,335
TP_002224,CUST_0544,2,SESS_201131,2026-02-03 03:00:00,facebookads,paidsocial,Campaign_Promo_Summer,/promo-deals/page_4,Mobile,360
TP_002225,CUST_0544,1,SESS_201131,2026-02-05 22:00:00,googleads,paidsearch,Campaign_Promo_Summer,/promo-deals/page_9,Mobile,566
TP_002226,CUST_0545,4,SESS_682809,2026-02-21 17:00:00,directtraffic,direct,Campaign_Promo_Retarget,/promo-deals/page_8,Mobile,262
TP_002227,CUST_0547,5,SESS_243618,2026-01-30 08:00:00,organicsearch,seo,Campaign_Promo_Brand,/promo-deals/page_5,Mobile,493
TP_002228,CUST_0547,3,SESS_243618,2026-01-21 13:00:00,newsletter,email,Campaign_Promo_Brand,/promo-deals/page_8,Mobile,389
TP_002229,CUST_0547,3,SESS_243618,2026-01-27 02:00:00,newsletter,email,Campaign_Promo_Winter,/promo-deals/page_2,Desktop,593
TP_002230,CUST_0547,2,SESS_243618,2026-01-26 06:00:00,facebookads,paidsocial,Campaign_Promo_Summer,/promo-deals/page_2,Mobile,362
TP_002231,CUST_0547,7,SESS_738720,2026-02-28 02:00:00,affiliatenetwork,referral,Campaign_Promo_Summer,/promo-deals/page_9,Mobile,348
TP_002232,CUST_0547,3,SESS_738720,2026-02-24 13:00:00,newsletter,email,Campaign_Promo_Brand,/promo-deals/page_5,Mobile,599
TP_002233,CUST_0548,6,SESS_708798,2026-03-22 20:00:00,linkedinads,paidsocial,Campaign_Promo_Summer,/promo-deals/page_8,Desktop,394
TP_002234,CUST_0548,2,SESS_708798,2026-03-31 08:00:00,facebookads,paidsocial,Campaign_Promo_Summer,/promo-deals/page_3,Mobile,143
TP_002235,CUST_0548,5,SESS_322576,2026-05-02 06:00:00,organicsearch,seo,Campaign_Promo_Winter,/promo-deals/page_7,Desktop,272
TP_002236,CUST_0549,2,SESS_683716,2026-02-12 16:00:00,facebookads,paidsocial,Campaign_Promo_Retarget,/promo-deals/page_7,Mobile,574
TP_002237,CUST_0549,6,SESS_567608,2026-03-30 13:00:00,linkedinads,paidsocial,Campaign_Promo_Summer,/promo-deals/page_10,Mobile,108
TP_002238,CUST_0549,2,SESS_567608,2026-03-31 19:00:00,facebookads,paidsocial,Campaign_Promo_Brand,/promo-deals/page_8,Mobile,227
TP_002239,CUST_0549,5,SESS_567608,2026-03-23 03:00:00,organicsearch,seo,Campaign_Promo_Summer,/promo-deals/page_5,Desktop,460
TP_002240,CUST_0549,5,SESS_567608,2026-03-24 23:00:00,organicsearch,seo,Campaign_Promo_Summer,/promo-deals/page_2,Mobile,202
TP_002241,CUST_0549,5,SESS_767283,2026-04-26 14:00:00,organicsearch,seo,Campaign_Promo_Brand,/promo-deals/page_1,Desktop,485
TP_002242,CUST_0549,1,SESS_767283,2026-04-26 10:00:00,googleads,paidsearch,Campaign_Promo_Brand,/promo-deals/page_2,Mobile,464
TP_002243,CUST_0549,4,SESS_767283,2026-04-23 12:00:00,directtraffic,direct,Campaign_Promo_Summer,/promo-deals/page_1,Desktop,332
TP_002244,CUST_0549,3,SESS_767283,2026-04-19 17:00:00,newsletter,email,Campaign_Promo_Brand,/promo-deals/page_8,Mobile,540
TP_002245,CUST_0552,1,SESS_430892,2026-02-18 03:00:00,googleads,paidsearch,Campaign_Promo_Summer,/promo-deals/page_1,Desktop,167
TP_002246,CUST_0552,2,SESS_430892,2026-02-22 05:00:00,facebookads,paidsocial,Campaign_Promo_Retarget,/promo-deals/page_5,Mobile,395
TP_002247,CUST_0552,3,SESS_430892,2026-02-21 14:00:00,newsletter,email,Campaign_Promo_Summer,/promo-deals/page_6,Desktop,449
TP_002248,CUST_0552,1,SESS_430892,2026-02-26 22:00:00,googleads,paidsearch,Campaign_Promo_Winter,/promo-deals/page_7,Mobile,277
TP_002249,CUST_0552,6,SESS_153356,2026-03-16 02:00:00,linkedinads,paidsocial,Campaign_Promo_Brand,/promo-deals/page_10,Desktop,117
TP_002250,CUST_0552,3,SESS_153356,2026-03-03 18:00:00,newsletter,email,Campaign_Promo_Brand,/promo-deals/page_3,Desktop,460
TP_002251,CUST_0552,5,SESS_153356,2026-03-14 13:00:00,organicsearch,seo,Campaign_Promo_Retarget,/promo-deals/page_7,Mobile,216
TP_002252,CUST_0552,6,SESS_153356,2026-03-03 18:00:00,linkedinads,paidsocial,Campaign_Promo_Winter,/promo-deals/page_8,Desktop,342
TP_002253,CUST_0552,3,SESS_367970,2026-03-17 22:00:00,newsletter,email,Campaign_Promo_Retarget,/promo-deals/page_2,Mobile,380
TP_002254,CUST_0553,1,SESS_199422,2026-02-28 00:00:00,googleads,paidsearch,Campaign_Promo_Brand,/promo-deals/page_10,Mobile,227
TP_002255,CUST_0553,6,SESS_199422,2026-02-25 11:00:00,linkedinads,paidsocial,Campaign_Promo_Summer,/promo-deals/page_2,Mobile,545
TP_002256,CUST_0553,7,SESS_199422,2026-02-24 10:00:00,affiliatenetwork,referral,Campaign_Promo_Summer,/promo-deals/page_6,Mobile,18
TP_002257,CUST_0553,4,SESS_772415,2026-03-31 19:00:00,directtraffic,direct,Campaign_Promo_Brand,/promo-deals/page_5,Mobile,465
TP_002258,CUST_0553,2,SESS_772415,2026-03-26 19:00:00,facebookads,paidsocial,Campaign_Promo_Brand,/promo-deals/page_10,Desktop,375
TP_002259,CUST_0553,3,SESS_772415,2026-03-27 20:00:00,newsletter,email,Campaign_Promo_Summer,/promo-deals/page_9,Desktop,34
TP_002260,CUST_0553,4,SESS_772415,2026-03-30 00:00:00,directtraffic,direct,Campaign_Promo_Retarget,/promo-deals/page_4,Mobile,431
TP_002261,CUST_0553,5,SESS_772415,2026-04-04 16:00:00,organicsearch,seo,Campaign_Promo_Winter,/promo-deals/page_1,Desktop,564
TP_002262,CUST_0554,1,SESS_265728,2026-03-05 07:00:00,googleads,paidsearch,Campaign_Promo_Retarget,/promo-deals/page_5,Mobile,364
TP_002263,CUST_0554,2,SESS_265728,2026-03-06 15:00:00,facebookads,paidsocial,Campaign_Promo_Summer,/promo-deals/page_9,Mobile,460
TP_002264,CUST_0554,6,SESS_265728,2026-03-12 18:00:00,linkedinads,paidsocial,Campaign_Promo_Winter,/promo-deals/page_8,Desktop,96
TP_002265,CUST_0554,4,SESS_265728,2026-03-05 16:00:00,directtraffic,direct,Campaign_Promo_Summer,/promo-deals/page_7,Mobile,417
TP_002266,CUST_0554,6,SESS_430920,2026-04-19 11:00:00,linkedinads,paidsocial,Campaign_Promo_Brand,/promo-deals/page_4,Desktop,109
TP_002267,CUST_0554,4,SESS_430920,2026-04-11 03:00:00,directtraffic,direct,Campaign_Promo_Summer,/promo-deals/page_7,Desktop,161
TP_002268,CUST_0554,2,SESS_297819,2026-05-08 07:00:00,facebookads,paidsocial,Campaign_Promo_Brand,/promo-deals/page_8,Mobile,335
TP_002269,CUST_0555,4,SESS_882596,2026-03-24 17:00:00,directtraffic,direct,Campaign_Promo_Summer,/promo-deals/page_9,Mobile,213
TP_002270,CUST_0556,4,SESS_134210,2026-04-07 19:00:00,directtraffic,direct,Campaign_Promo_Winter,/promo-deals/page_1,Desktop,149
TP_002271,CUST_0556,5,SESS_134210,2026-04-14 06:00:00,organicsearch,seo,Campaign_Promo_Retarget,/promo-deals/page_6,Tablet,154
TP_002272,CUST_0556,5,SESS_134210,2026-04-20 08:00:00,organicsearch,seo,Campaign_Promo_Summer,/promo-deals/page_5,Desktop,454
TP_002273,CUST_0556,1,SESS_134210,2026-04-11 12:00:00,googleads,paidsearch,Campaign_Promo_Winter,/promo-deals/page_2,Tablet,152
TP_002274,CUST_0556,1,SESS_134210,2026-04-19 10:00:00,googleads,paidsearch,Campaign_Promo_Retarget,/promo-deals/page_6,Desktop,456
TP_002275,CUST_0556,5,SESS_122560,2026-05-15 19:00:00,organicsearch,seo,Campaign_Promo_Summer,/promo-deals/page_1,Mobile,302
TP_002276,CUST_0556,5,SESS_122560,2026-05-20 01:00:00,organicsearch,seo,Campaign_Promo_Retarget,/promo-deals/page_1,Mobile,513
TP_002277,CUST_0556,3,SESS_122560,2026-05-06 03:00:00,newsletter,email,Campaign_Promo_Summer,/promo-deals/page_6,Mobile,567
TP_002278,CUST_0557,3,SESS_911518,2026-01-19 08:00:00,newsletter,email,Campaign_Promo_Winter,/promo-deals/page_1,Desktop,535
TP_002279,CUST_0557,7,SESS_911518,2026-01-20 15:00:00,affiliatenetwork,referral,Campaign_Promo_Retarget,/promo-deals/page_5,Mobile,418
TP_002280,CUST_0557,1,SESS_911518,2026-01-25 20:00:00,googleads,paidsearch,Campaign_Promo_Retarget,/promo-deals/page_5,Desktop,418
TP_002281,CUST_0557,2,SESS_911518,2026-01-20 16:00:00,facebookads,paidsocial,Campaign_Promo_Winter,/promo-deals/page_5,Mobile,27
TP_002282,CUST_0557,4,SESS_911518,2026-01-25 02:00:00,directtraffic,direct,Campaign_Promo_Winter,/promo-deals/page_4,Mobile,404
TP_002283,CUST_0558,2,SESS_757719,2026-04-15 18:00:00,facebookads,paidsocial,Campaign_Promo_Retarget,/promo-deals/page_3,Mobile,478
TP_002284,CUST_0558,1,SESS_431419,2026-04-08 14:00:00,googleads,paidsearch,Campaign_Promo_Retarget,/promo-deals/page_6,Desktop,227
TP_002285,CUST_0558,7,SESS_431419,2026-04-15 17:00:00,affiliatenetwork,referral,Campaign_Promo_Winter,/promo-deals/page_9,Mobile,39
TP_002286,CUST_0558,6,SESS_431419,2026-04-19 15:00:00,linkedinads,paidsocial,Campaign_Promo_Winter,/promo-deals/page_9,Mobile,469
TP_002287,CUST_0561,7,SESS_725065,2026-04-02 23:00:00,affiliatenetwork,referral,Campaign_Promo_Retarget,/promo-deals/page_5,Mobile,533
TP_002288,CUST_0561,1,SESS_725065,2026-04-02 07:00:00,googleads,paidsearch,Campaign_Promo_Summer,/promo-deals/page_4,Mobile,99
TP_002289,CUST_0561,1,SESS_725065,2026-03-21 19:00:00,googleads,paidsearch,Campaign_Promo_Summer,/promo-deals/page_5,Desktop,478
TP_002290,CUST_0563,5,SESS_684910,2026-03-28 18:00:00,organicsearch,seo,Campaign_Promo_Brand,/promo-deals/page_8,Desktop,131
TP_002291,CUST_0563,7,SESS_684910,2026-03-25 13:00:00,affiliatenetwork,referral,Campaign_Promo_Winter,/promo-deals/page_7,Mobile,445
TP_002292,CUST_0563,4,SESS_684910,2026-03-21 18:00:00,directtraffic,direct,Campaign_Promo_Summer,/promo-deals/page_3,Mobile,480
TP_002293,CUST_0563,4,SESS_684910,2026-03-21 12:00:00,directtraffic,direct,Campaign_Promo_Summer,/promo-deals/page_10,Mobile,344
TP_002294,CUST_0563,4,SESS_684910,2026-03-25 13:00:00,directtraffic,direct,Campaign_Promo_Winter,/promo-deals/page_7,Mobile,22
TP_002295,CUST_0565,1,SESS_125313,2026-02-12 21:00:00,googleads,paidsearch,Campaign_Promo_Brand,/promo-deals/page_6,Tablet,320
TP_002296,CUST_0565,1,SESS_291531,2026-04-23 18:00:00,googleads,paidsearch,Campaign_Promo_Retarget,/promo-deals/page_10,Mobile,303
TP_002297,CUST_0566,1,SESS_164644,2026-04-02 18:00:00,googleads,paidsearch,Campaign_Promo_Brand,/promo-deals/page_6,Mobile,505
TP_002298,CUST_0566,4,SESS_164644,2026-04-05 14:00:00,directtraffic,direct,Campaign_Promo_Summer,/promo-deals/page_1,Desktop,248
TP_002299,CUST_0566,3,SESS_164644,2026-03-27 06:00:00,newsletter,email,Campaign_Promo_Summer,/promo-deals/page_6,Mobile,477
TP_002300,CUST_0566,4,SESS_164644,2026-03-30 12:00:00,directtraffic,direct,Campaign_Promo_Retarget,/promo-deals/page_8,Desktop,453
TP_002301,CUST_0566,3,SESS_164644,2026-03-26 17:00:00,newsletter,email,Campaign_Promo_Retarget,/promo-deals/page_10,Mobile,287
TP_002302,CUST_0566,7,SESS_732488,2026-04-30 11:00:00,affiliatenetwork,referral,Campaign_Promo_Winter,/promo-deals/page_8,Desktop,281
TP_002303,CUST_0566,5,SESS_732488,2026-05-01 09:00:00,organicsearch,seo,Campaign_Promo_Brand,/promo-deals/page_2,Desktop,341
TP_002304,CUST_0566,1,SESS_732488,2026-05-04 22:00:00,googleads,paidsearch,Campaign_Promo_Retarget,/promo-deals/page_6,Mobile,400
TP_002305,CUST_0566,7,SESS_732488,2026-04-30 11:00:00,affiliatenetwork,referral,Campaign_Promo_Winter,/promo-deals/page_9,Mobile,300
TP_002306,CUST_0568,1,SESS_212303,2026-03-04 07:00:00,googleads,paidsearch,Campaign_Promo_Winter,/promo-deals/page_1,Tablet,87
TP_002307,CUST_0568,4,SESS_956968,2026-03-27 03:00:00,directtraffic,direct,Campaign_Promo_Retarget,/promo-deals/page_2,Mobile,413
TP_002308,CUST_0568,2,SESS_956968,2026-04-02 14:00:00,facebookads,paidsocial,Campaign_Promo_Winter,/promo-deals/page_10,Mobile,429
TP_002309,CUST_0568,6,SESS_956968,2026-03-28 00:00:00,linkedinads,paidsocial,Campaign_Promo_Summer,/promo-deals/page_10,Mobile,356
TP_002310,CUST_0568,7,SESS_956968,2026-03-30 23:00:00,affiliatenetwork,referral,Campaign_Promo_Brand,/promo-deals/page_7,Mobile,587
TP_002311,CUST_0568,1,SESS_962397,2026-04-04 06:00:00,googleads,paidsearch,Campaign_Promo_Brand,/promo-deals/page_8,Mobile,399
TP_002312,CUST_0568,3,SESS_962397,2026-04-03 14:00:00,newsletter,email,Campaign_Promo_Retarget,/promo-deals/page_6,Mobile,537
TP_002313,CUST_0568,1,SESS_962397,2026-04-09 13:00:00,googleads,paidsearch,Campaign_Promo_Summer,/promo-deals/page_10,Mobile,46
TP_002314,CUST_0568,6,SESS_962397,2026-04-13 02:00:00,linkedinads,paidsocial,Campaign_Promo_Winter,/promo-deals/page_7,Mobile,572
TP_002315,CUST_0569,6,SESS_157821,2026-04-19 12:00:00,linkedinads,paidsocial,Campaign_Promo_Retarget,/promo-deals/page_5,Desktop,423
TP_002316,CUST_0569,3,SESS_157821,2026-04-10 01:00:00,newsletter,email,Campaign_Promo_Winter,/promo-deals/page_6,Desktop,174
TP_002317,CUST_0569,2,SESS_157821,2026-04-11 19:00:00,facebookads,paidsocial,Campaign_Promo_Brand,/promo-deals/page_4,Mobile,360
TP_002318,CUST_0569,1,SESS_157821,2026-04-15 01:00:00,googleads,paidsearch,Campaign_Promo_Retarget,/promo-deals/page_4,Mobile,374
TP_002319,CUST_0569,2,SESS_157821,2026-04-20 07:00:00,facebookads,paidsocial,Campaign_Promo_Winter,/promo-deals/page_3,Mobile,244
TP_002320,CUST_0569,4,SESS_386102,2026-04-26 09:00:00,directtraffic,direct,Campaign_Promo_Brand,/promo-deals/page_3,Mobile,246
TP_002321,CUST_0569,4,SESS_386102,2026-04-25 11:00:00,directtraffic,direct,Campaign_Promo_Summer,/promo-deals/page_3,Tablet,448
TP_002322,CUST_0569,6,SESS_386102,2026-04-27 13:00:00,linkedinads,paidsocial,Campaign_Promo_Brand,/promo-deals/page_3,Tablet,231
TP_002323,CUST_0569,2,SESS_386102,2026-04-24 22:00:00,facebookads,paidsocial,Campaign_Promo_Winter,/promo-deals/page_5,Desktop,555
TP_002324,CUST_0571,7,SESS_932428,2026-01-13 07:00:00,affiliatenetwork,referral,Campaign_Promo_Brand,/promo-deals/page_1,Desktop,518
TP_002325,CUST_0571,3,SESS_932428,2026-01-12 16:00:00,newsletter,email,Campaign_Promo_Summer,/promo-deals/page_9,Desktop,107
TP_002326,CUST_0571,5,SESS_932428,2026-01-18 15:00:00,organicsearch,seo,Campaign_Promo_Summer,/promo-deals/page_8,Desktop,169
TP_002327,CUST_0571,3,SESS_932428,2026-01-07 16:00:00,newsletter,email,Campaign_Promo_Brand,/promo-deals/page_5,Tablet,460
TP_002328,CUST_0571,5,SESS_932428,2026-01-11 23:00:00,organicsearch,seo,Campaign_Promo_Retarget,/promo-deals/page_7,Mobile,166
TP_002329,CUST_0571,6,SESS_196303,2026-02-12 20:00:00,linkedinads,paidsocial,Campaign_Promo_Brand,/promo-deals/page_3,Desktop,113
TP_002330,CUST_0571,3,SESS_604744,2026-04-09 23:00:00,newsletter,email,Campaign_Promo_Brand,/promo-deals/page_5,Mobile,201
TP_002331,CUST_0571,5,SESS_604744,2026-04-11 11:00:00,organicsearch,seo,Campaign_Promo_Summer,/promo-deals/page_10,Mobile,422
TP_002332,CUST_0571,2,SESS_604744,2026-04-04 09:00:00,facebookads,paidsocial,Campaign_Promo_Brand,/promo-deals/page_1,Mobile,583
TP_002333,CUST_0571,5,SESS_604744,2026-04-10 16:00:00,organicsearch,seo,Campaign_Promo_Winter,/promo-deals/page_4,Tablet,253
TP_002334,CUST_0572,2,SESS_171139,2026-02-19 20:00:00,facebookads,paidsocial,Campaign_Promo_Retarget,/promo-deals/page_5,Desktop,187
TP_002335,CUST_0572,7,SESS_171139,2026-02-11 07:00:00,affiliatenetwork,referral,Campaign_Promo_Summer,/promo-deals/page_8,Desktop,472
TP_002336,CUST_0572,3,SESS_171139,2026-02-10 02:00:00,newsletter,email,Campaign_Promo_Brand,/promo-deals/page_2,Mobile,446
TP_002337,CUST_0572,7,SESS_171139,2026-02-19 12:00:00,affiliatenetwork,referral,Campaign_Promo_Winter,/promo-deals/page_3,Mobile,370
TP_002338,CUST_0572,4,SESS_817971,2026-03-16 15:00:00,directtraffic,direct,Campaign_Promo_Retarget,/promo-deals/page_6,Mobile,47
TP_002339,CUST_0572,7,SESS_817971,2026-03-10 19:00:00,affiliatenetwork,referral,Campaign_Promo_Retarget,/promo-deals/page_1,Desktop,123
TP_002340,CUST_0572,2,SESS_467826,2026-03-29 21:00:00,facebookads,paidsocial,Campaign_Promo_Brand,/promo-deals/page_1,Mobile,195
TP_002341,CUST_0572,4,SESS_467826,2026-03-28 15:00:00,directtraffic,direct,Campaign_Promo_Retarget,/promo-deals/page_1,Mobile,385
TP_002342,CUST_0572,5,SESS_467826,2026-03-30 02:00:00,organicsearch,seo,Campaign_Promo_Retarget,/promo-deals/page_5,Desktop,330
TP_002343,CUST_0572,5,SESS_467826,2026-03-25 06:00:00,organicsearch,seo,Campaign_Promo_Summer,/promo-deals/page_6,Mobile,173
TP_002344,CUST_0574,4,SESS_910147,2026-02-18 14:00:00,directtraffic,direct,Campaign_Promo_Summer,/promo-deals/page_1,Mobile,299
TP_002345,CUST_0574,4,SESS_910147,2026-02-16 08:00:00,directtraffic,direct,Campaign_Promo_Summer,/promo-deals/page_4,Mobile,40
TP_002346,CUST_0575,6,SESS_471801,2026-02-17 05:00:00,linkedinads,paidsocial,Campaign_Promo_Winter,/promo-deals/page_1,Mobile,46
TP_002347,CUST_0575,3,SESS_471801,2026-02-10 03:00:00,newsletter,email,Campaign_Promo_Summer,/promo-deals/page_5,Mobile,479
TP_002348,CUST_0576,7,SESS_571476,2026-01-24 18:00:00,affiliatenetwork,referral,Campaign_Promo_Summer,/promo-deals/page_7,Mobile,248
TP_002349,CUST_0577,6,SESS_619711,2026-02-03 02:00:00,linkedinads,paidsocial,Campaign_Promo_Retarget,/promo-deals/page_3,Desktop,577
TP_002350,CUST_0579,5,SESS_361486,2026-03-07 12:00:00,organicsearch,seo,Campaign_Promo_Winter,/promo-deals/page_3,Mobile,449
TP_002351,CUST_0580,1,SESS_465668,2026-04-20 15:00:00,googleads,paidsearch,Campaign_Promo_Summer,/promo-deals/page_3,Mobile,94
TP_002352,CUST_0580,3,SESS_465668,2026-04-19 22:00:00,newsletter,email,Campaign_Promo_Brand,/promo-deals/page_6,Mobile,140
TP_002353,CUST_0580,4,SESS_465668,2026-04-19 12:00:00,directtraffic,direct,Campaign_Promo_Brand,/promo-deals/page_7,Desktop,421
TP_002354,CUST_0580,4,SESS_465668,2026-04-15 06:00:00,directtraffic,direct,Campaign_Promo_Summer,/promo-deals/page_9,Desktop,487
TP_002355,CUST_0580,3,SESS_465668,2026-04-06 02:00:00,newsletter,email,Campaign_Promo_Summer,/promo-deals/page_9,Mobile,114
TP_002356,CUST_0581,4,SESS_394500,2026-02-25 20:00:00,directtraffic,direct,Campaign_Promo_Summer,/promo-deals/page_7,Mobile,197
TP_002357,CUST_0581,7,SESS_394500,2026-03-09 02:00:00,affiliatenetwork,referral,Campaign_Promo_Retarget,/promo-deals/page_4,Tablet,290
TP_002358,CUST_0581,2,SESS_394500,2026-03-01 21:00:00,facebookads,paidsocial,Campaign_Promo_Brand,/promo-deals/page_1,Tablet,571
TP_002359,CUST_0581,2,SESS_394500,2026-03-04 02:00:00,facebookads,paidsocial,Campaign_Promo_Summer,/promo-deals/page_3,Desktop,556
TP_002360,CUST_0581,1,SESS_593214,2026-03-24 03:00:00,googleads,paidsearch,Campaign_Promo_Summer,/promo-deals/page_9,Desktop,71
TP_002361,CUST_0581,3,SESS_901243,2026-04-19 14:00:00,newsletter,email,Campaign_Promo_Winter,/promo-deals/page_10,Desktop,315
TP_002362,CUST_0581,7,SESS_901243,2026-04-14 10:00:00,affiliatenetwork,referral,Campaign_Promo_Brand,/promo-deals/page_10,Mobile,128
TP_002363,CUST_0582,3,SESS_560463,2026-02-14 03:00:00,newsletter,email,Campaign_Promo_Retarget,/promo-deals/page_2,Mobile,525
TP_002364,CUST_0582,5,SESS_800422,2026-03-31 22:00:00,organicsearch,seo,Campaign_Promo_Retarget,/promo-deals/page_3,Desktop,592
TP_002365,CUST_0582,6,SESS_800422,2026-04-04 19:00:00,linkedinads,paidsocial,Campaign_Promo_Retarget,/promo-deals/page_10,Tablet,318
TP_002366,CUST_0582,2,SESS_800422,2026-04-04 18:00:00,facebookads,paidsocial,Campaign_Promo_Summer,/promo-deals/page_8,Mobile,412
TP_002367,CUST_0582,7,SESS_800422,2026-03-26 01:00:00,affiliatenetwork,referral,Campaign_Promo_Brand,/promo-deals/page_5,Mobile,522
TP_002368,CUST_0582,7,SESS_800422,2026-03-30 01:00:00,affiliatenetwork,referral,Campaign_Promo_Brand,/promo-deals/page_4,Mobile,255
TP_002369,CUST_0582,1,SESS_447664,2026-04-24 06:00:00,googleads,paidsearch,Campaign_Promo_Winter,/promo-deals/page_7,Mobile,500
TP_002370,CUST_0582,6,SESS_447664,2026-04-21 11:00:00,linkedinads,paidsocial,Campaign_Promo_Brand,/promo-deals/page_9,Tablet,43
TP_002371,CUST_0582,7,SESS_447664,2026-04-21 07:00:00,affiliatenetwork,referral,Campaign_Promo_Retarget,/promo-deals/page_1,Desktop,229
TP_002372,CUST_0582,6,SESS_447664,2026-04-26 08:00:00,linkedinads,paidsocial,Campaign_Promo_Summer,/promo-deals/page_9,Mobile,155
TP_002373,CUST_0583,1,SESS_576901,2026-02-03 14:00:00,googleads,paidsearch,Campaign_Promo_Retarget,/promo-deals/page_2,Mobile,224
TP_002374,CUST_0583,2,SESS_576901,2026-02-14 14:00:00,facebookads,paidsocial,Campaign_Promo_Brand,/promo-deals/page_8,Desktop,118
TP_002375,CUST_0583,3,SESS_576901,2026-02-15 19:00:00,newsletter,email,Campaign_Promo_Summer,/promo-deals/page_10,Mobile,312
TP_002376,CUST_0583,2,SESS_576901,2026-02-15 22:00:00,facebookads,paidsocial,Campaign_Promo_Retarget,/promo-deals/page_9,Mobile,213
TP_002377,CUST_0583,1,SESS_149349,2026-02-22 17:00:00,googleads,paidsearch,Campaign_Promo_Brand,/promo-deals/page_5,Desktop,523
TP_002378,CUST_0583,4,SESS_149349,2026-03-01 07:00:00,directtraffic,direct,Campaign_Promo_Winter,/promo-deals/page_9,Mobile,96
TP_002379,CUST_0583,4,SESS_149349,2026-03-05 01:00:00,directtraffic,direct,Campaign_Promo_Winter,/promo-deals/page_9,Desktop,547
TP_002380,CUST_0584,2,SESS_366033,2026-02-17 18:00:00,facebookads,paidsocial,Campaign_Promo_Winter,/promo-deals/page_9,Mobile,240
TP_002381,CUST_0584,5,SESS_366033,2026-02-17 04:00:00,organicsearch,seo,Campaign_Promo_Brand,/promo-deals/page_9,Desktop,407
TP_002382,CUST_0584,7,SESS_572114,2026-03-09 13:00:00,affiliatenetwork,referral,Campaign_Promo_Retarget,/promo-deals/page_7,Mobile,181
TP_002383,CUST_0584,4,SESS_572114,2026-03-10 13:00:00,directtraffic,direct,Campaign_Promo_Winter,/promo-deals/page_7,Mobile,24
TP_002384,CUST_0584,6,SESS_572114,2026-03-07 13:00:00,linkedinads,paidsocial,Campaign_Promo_Summer,/promo-deals/page_6,Mobile,402
TP_002385,CUST_0584,6,SESS_572114,2026-03-01 16:00:00,linkedinads,paidsocial,Campaign_Promo_Winter,/promo-deals/page_10,Desktop,152
TP_002386,CUST_0584,7,SESS_450227,2026-04-07 05:00:00,affiliatenetwork,referral,Campaign_Promo_Summer,/promo-deals/page_2,Desktop,114
TP_002387,CUST_0584,5,SESS_450227,2026-04-13 19:00:00,organicsearch,seo,Campaign_Promo_Brand,/promo-deals/page_3,Mobile,247
TP_002388,CUST_0584,3,SESS_450227,2026-04-05 16:00:00,newsletter,email,Campaign_Promo_Summer,/promo-deals/page_10,Mobile,572
TP_002389,CUST_0585,6,SESS_210527,2026-03-06 22:00:00,linkedinads,paidsocial,Campaign_Promo_Retarget,/promo-deals/page_3,Mobile,298
TP_002390,CUST_0585,1,SESS_293076,2026-04-25 09:00:00,googleads,paidsearch,Campaign_Promo_Brand,/promo-deals/page_7,Mobile,278
TP_002391,CUST_0585,7,SESS_293076,2026-04-23 07:00:00,affiliatenetwork,referral,Campaign_Promo_Summer,/promo-deals/page_10,Mobile,266
TP_002392,CUST_0585,1,SESS_293076,2026-04-19 02:00:00,googleads,paidsearch,Campaign_Promo_Winter,/promo-deals/page_9,Mobile,409
TP_002393,CUST_0587,7,SESS_973575,2026-04-13 05:00:00,affiliatenetwork,referral,Campaign_Promo_Brand,/promo-deals/page_1,Mobile,577
TP_002394,CUST_0587,4,SESS_973575,2026-03-31 02:00:00,directtraffic,direct,Campaign_Promo_Winter,/promo-deals/page_8,Mobile,131
TP_002395,CUST_0587,2,SESS_973575,2026-04-03 08:00:00,facebookads,paidsocial,Campaign_Promo_Winter,/promo-deals/page_1,Desktop,403
TP_002396,CUST_0587,2,SESS_973575,2026-04-04 07:00:00,facebookads,paidsocial,Campaign_Promo_Retarget,/promo-deals/page_3,Desktop,526
TP_002397,CUST_0587,4,SESS_792177,2026-04-20 19:00:00,directtraffic,direct,Campaign_Promo_Brand,/promo-deals/page_9,Mobile,60
TP_002398,CUST_0587,4,SESS_792177,2026-04-18 03:00:00,directtraffic,direct,Campaign_Promo_Retarget,/promo-deals/page_10,Desktop,558
TP_002399,CUST_0589,1,SESS_403768,2026-03-24 20:00:00,googleads,paidsearch,Campaign_Promo_Brand,/promo-deals/page_3,Mobile,333
TP_002400,CUST_0589,7,SESS_403768,2026-03-28 07:00:00,affiliatenetwork,referral,Campaign_Promo_Brand,/promo-deals/page_2,Mobile,551
TP_002401,CUST_0589,2,SESS_528744,2026-04-22 16:00:00,facebookads,paidsocial,Campaign_Promo_Retarget,/promo-deals/page_4,Mobile,190
TP_002402,CUST_0589,3,SESS_528744,2026-05-01 10:00:00,newsletter,email,Campaign_Promo_Retarget,/promo-deals/page_5,Desktop,93
TP_002403,CUST_0589,6,SESS_528744,2026-04-25 16:00:00,linkedinads,paidsocial,Campaign_Promo_Winter,/promo-deals/page_10,Mobile,138
TP_002404,CUST_0592,1,SESS_394313,2026-03-23 06:00:00,googleads,paidsearch,Campaign_Promo_Brand,/promo-deals/page_5,Desktop,97
TP_002405,CUST_0592,6,SESS_394313,2026-03-10 06:00:00,linkedinads,paidsocial,Campaign_Promo_Brand,/promo-deals/page_4,Mobile,499
TP_002406,CUST_0592,7,SESS_394313,2026-03-14 22:00:00,affiliatenetwork,referral,Campaign_Promo_Winter,/promo-deals/page_7,Mobile,103
TP_002407,CUST_0592,5,SESS_559844,2026-04-04 19:00:00,organicsearch,seo,Campaign_Promo_Brand,/promo-deals/page_10,Mobile,161
TP_002408,CUST_0592,3,SESS_559844,2026-04-06 19:00:00,newsletter,email,Campaign_Promo_Summer,/promo-deals/page_6,Tablet,446
TP_002409,CUST_0593,4,SESS_151148,2026-02-06 04:00:00,directtraffic,direct,Campaign_Promo_Winter,/promo-deals/page_8,Mobile,197
TP_002410,CUST_0593,1,SESS_393937,2026-03-13 10:00:00,googleads,paidsearch,Campaign_Promo_Retarget,/promo-deals/page_9,Mobile,161
TP_002411,CUST_0593,1,SESS_393937,2026-03-22 22:00:00,googleads,paidsearch,Campaign_Promo_Retarget,/promo-deals/page_8,Mobile,160
TP_002412,CUST_0593,3,SESS_393937,2026-03-15 14:00:00,newsletter,email,Campaign_Promo_Brand,/promo-deals/page_2,Tablet,228
TP_002413,CUST_0594,3,SESS_141367,2026-03-31 18:00:00,newsletter,email,Campaign_Promo_Retarget,/promo-deals/page_5,Mobile,362
TP_002414,CUST_0595,5,SESS_596535,2026-02-27 08:00:00,organicsearch,seo,Campaign_Promo_Brand,/promo-deals/page_3,Mobile,30
TP_002415,CUST_0595,5,SESS_596535,2026-02-25 07:00:00,organicsearch,seo,Campaign_Promo_Retarget,/promo-deals/page_5,Mobile,543
TP_002416,CUST_0595,4,SESS_596535,2026-03-06 09:00:00,directtraffic,direct,Campaign_Promo_Brand,/promo-deals/page_6,Mobile,99
TP_002417,CUST_0595,1,SESS_596535,2026-02-28 01:00:00,googleads,paidsearch,Campaign_Promo_Brand,/promo-deals/page_10,Mobile,293
TP_002418,CUST_0595,6,SESS_876687,2026-03-21 13:00:00,linkedinads,paidsocial,Campaign_Promo_Retarget,/promo-deals/page_8,Mobile,69
TP_002419,CUST_0595,3,SESS_876687,2026-03-14 16:00:00,newsletter,email,Campaign_Promo_Summer,/promo-deals/page_8,Desktop,575
TP_002420,CUST_0595,3,SESS_876687,2026-03-18 00:00:00,newsletter,email,Campaign_Promo_Brand,/promo-deals/page_1,Mobile,160
TP_002421,CUST_0595,1,SESS_876687,2026-03-15 09:00:00,googleads,paidsearch,Campaign_Promo_Retarget,/promo-deals/page_2,Mobile,101
TP_002422,CUST_0595,1,SESS_876687,2026-03-19 19:00:00,googleads,paidsearch,Campaign_Promo_Winter,/promo-deals/page_4,Mobile,507
TP_002423,CUST_0595,7,SESS_165580,2026-04-22 13:00:00,affiliatenetwork,referral,Campaign_Promo_Retarget,/promo-deals/page_10,Desktop,495
TP_002424,CUST_0595,3,SESS_165580,2026-04-25 05:00:00,newsletter,email,Campaign_Promo_Summer,/promo-deals/page_10,Mobile,110
TP_002425,CUST_0595,4,SESS_165580,2026-04-27 05:00:00,directtraffic,direct,Campaign_Promo_Brand,/promo-deals/page_2,Mobile,484
TP_002426,CUST_0596,1,SESS_327885,2026-03-20 01:00:00,googleads,paidsearch,Campaign_Promo_Brand,/promo-deals/page_4,Tablet,298
TP_002427,CUST_0596,2,SESS_952548,2026-04-08 22:00:00,facebookads,paidsocial,Campaign_Promo_Brand,/promo-deals/page_7,Mobile,412
TP_002428,CUST_0596,3,SESS_952548,2026-04-12 17:00:00,newsletter,email,Campaign_Promo_Summer,/promo-deals/page_9,Mobile,519
TP_002429,CUST_0596,2,SESS_952548,2026-04-11 08:00:00,facebookads,paidsocial,Campaign_Promo_Winter,/promo-deals/page_3,Mobile,564
TP_002430,CUST_0596,1,SESS_952548,2026-04-17 00:00:00,googleads,paidsearch,Campaign_Promo_Brand,/promo-deals/page_8,Mobile,40
TP_002431,CUST_0596,3,SESS_952548,2026-04-08 12:00:00,newsletter,email,Campaign_Promo_Winter,/promo-deals/page_9,Tablet,416
TP_002432,CUST_0597,4,SESS_494087,2026-02-01 09:00:00,directtraffic,direct,Campaign_Promo_Summer,/promo-deals/page_3,Mobile,371
TP_002433,CUST_0597,4,SESS_494087,2026-02-12 09:00:00,directtraffic,direct,Campaign_Promo_Summer,/promo-deals/page_10,Mobile,476
TP_002434,CUST_0597,6,SESS_494087,2026-02-07 03:00:00,linkedinads,paidsocial,Campaign_Promo_Brand,/promo-deals/page_2,Mobile,24
TP_002435,CUST_0597,3,SESS_778352,2026-02-16 09:00:00,newsletter,email,Campaign_Promo_Retarget,/promo-deals/page_10,Mobile,156
TP_002436,CUST_0597,7,SESS_778352,2026-02-16 06:00:00,affiliatenetwork,referral,Campaign_Promo_Retarget,/promo-deals/page_1,Desktop,217
TP_002437,CUST_0597,7,SESS_778352,2026-02-15 23:00:00,affiliatenetwork,referral,Campaign_Promo_Winter,/promo-deals/page_1,Desktop,561
TP_002438,CUST_0597,5,SESS_778352,2026-02-20 05:00:00,organicsearch,seo,Campaign_Promo_Winter,/promo-deals/page_3,Desktop,544
TP_002439,CUST_0597,4,SESS_798300,2026-04-19 03:00:00,directtraffic,direct,Campaign_Promo_Summer,/promo-deals/page_7,Mobile,177
TP_002440,CUST_0597,2,SESS_798300,2026-04-14 21:00:00,facebookads,paidsocial,Campaign_Promo_Retarget,/promo-deals/page_10,Mobile,544
TP_002441,CUST_0597,3,SESS_798300,2026-04-17 09:00:00,newsletter,email,Campaign_Promo_Winter,/promo-deals/page_10,Mobile,253
TP_002442,CUST_0598,2,SESS_244493,2026-03-08 11:00:00,facebookads,paidsocial,Campaign_Promo_Brand,/promo-deals/page_2,Mobile,28
TP_002443,CUST_0598,3,SESS_244493,2026-02-24 08:00:00,newsletter,email,Campaign_Promo_Retarget,/promo-deals/page_10,Desktop,318
TP_002444,CUST_0598,4,SESS_373486,2026-04-05 10:00:00,directtraffic,direct,Campaign_Promo_Brand,/promo-deals/page_2,Mobile,79
TP_002445,CUST_0598,5,SESS_373486,2026-04-04 14:00:00,organicsearch,seo,Campaign_Promo_Summer,/promo-deals/page_1,Desktop,458
TP_002446,CUST_0598,1,SESS_373486,2026-04-13 10:00:00,googleads,paidsearch,Campaign_Promo_Summer,/promo-deals/page_3,Mobile,255
TP_002447,CUST_0599,4,SESS_746932,2026-01-25 16:00:00,directtraffic,direct,Campaign_Promo_Retarget,/promo-deals/page_1,Mobile,96
TP_002448,CUST_0599,6,SESS_746932,2026-01-18 17:00:00,linkedinads,paidsocial,Campaign_Promo_Brand,/promo-deals/page_9,Mobile,226
TP_002449,CUST_0599,2,SESS_746932,2026-01-14 15:00:00,facebookads,paidsocial,Campaign_Promo_Retarget,/promo-deals/page_1,Tablet,151
TP_002450,CUST_0599,7,SESS_746932,2026-01-17 10:00:00,affiliatenetwork,referral,Campaign_Promo_Summer,/promo-deals/page_8,Mobile,577
TP_002451,CUST_0599,5,SESS_546781,2026-03-04 10:00:00,organicsearch,seo,Campaign_Promo_Brand,/promo-deals/page_9,Mobile,596
TP_002452,CUST_0599,2,SESS_546781,2026-03-01 14:00:00,facebookads,paidsocial,Campaign_Promo_Retarget,/promo-deals/page_6,Desktop,473
TP_002453,CUST_0599,2,SESS_546781,2026-03-02 10:00:00,facebookads,paidsocial,Campaign_Promo_Summer,/promo-deals/page_6,Desktop,215
TP_002454,CUST_0599,1,SESS_546781,2026-03-06 19:00:00,googleads,paidsearch,Campaign_Promo_Brand,/promo-deals/page_1,Mobile,195
TP_002455,CUST_0599,5,SESS_546781,2026-03-02 19:00:00,organicsearch,seo,Campaign_Promo_Summer,/promo-deals/page_3,Mobile,451
TP_002456,CUST_0599,2,SESS_215881,2026-04-17 20:00:00,facebookads,paidsocial,Campaign_Promo_Retarget,/promo-deals/page_7,Mobile,475
TP_002457,CUST_0600,7,SESS_203964,2026-05-12 05:00:00,affiliatenetwork,referral,Campaign_Promo_Retarget,/promo-deals/page_4,Desktop,380
TP_002458,CUST_0600,6,SESS_203964,2026-05-06 08:00:00,linkedinads,paidsocial,Campaign_Promo_Brand,/promo-deals/page_9,Desktop,585
TP_002459,CUST_0600,3,SESS_203964,2026-05-06 23:00:00,newsletter,email,Campaign_Promo_Winter,/promo-deals/page_10,Mobile,208
TP_002460,CUST_0600,7,SESS_203964,2026-05-14 04:00:00,affiliatenetwork,referral,Campaign_Promo_Summer,/promo-deals/page_8,Mobile,564
TP_002461,CUST_0600,5,SESS_441767,2026-05-15 19:00:00,organicsearch,seo,Campaign_Promo_Retarget,/promo-deals/page_6,Mobile,11
TP_002462,CUST_0600,4,SESS_441767,2026-05-09 12:00:00,directtraffic,direct,Campaign_Promo_Retarget,/promo-deals/page_7,Tablet,32
TP_002463,CUST_0600,4,SESS_441767,2026-05-14 04:00:00,directtraffic,direct,Campaign_Promo_Retarget,/promo-deals/page_3,Mobile,377
TP_002464,CUST_0601,2,SESS_516069,2026-04-01 14:00:00,facebookads,paidsocial,Campaign_Promo_Retarget,/promo-deals/page_4,Mobile,351
TP_002465,CUST_0601,2,SESS_516069,2026-04-01 05:00:00,facebookads,paidsocial,Campaign_Promo_Summer,/promo-deals/page_5,Desktop,186
TP_002466,CUST_0601,1,SESS_516069,2026-04-04 22:00:00,googleads,paidsearch,Campaign_Promo_Summer,/promo-deals/page_10,Desktop,221
TP_002467,CUST_0601,7,SESS_516069,2026-04-06 12:00:00,affiliatenetwork,referral,Campaign_Promo_Brand,/promo-deals/page_8,Mobile,171
TP_002468,CUST_0601,3,SESS_516069,2026-03-29 18:00:00,newsletter,email,Campaign_Promo_Retarget,/promo-deals/page_8,Desktop,577
TP_002469,CUST_0601,7,SESS_236228,2026-05-10 04:00:00,affiliatenetwork,referral,Campaign_Promo_Brand,/promo-deals/page_2,Mobile,22
TP_002470,CUST_0601,1,SESS_236228,2026-04-30 21:00:00,googleads,paidsearch,Campaign_Promo_Summer,/promo-deals/page_8,Mobile,519
TP_002471,CUST_0601,6,SESS_236228,2026-05-06 04:00:00,linkedinads,paidsocial,Campaign_Promo_Winter,/promo-deals/page_6,Desktop,143
TP_002472,CUST_0601,3,SESS_236228,2026-05-14 02:00:00,newsletter,email,Campaign_Promo_Summer,/promo-deals/page_10,Tablet,91
TP_002473,CUST_0602,1,SESS_397466,2026-02-04 14:00:00,googleads,paidsearch,Campaign_Promo_Summer,/promo-deals/page_3,Mobile,472
TP_002474,CUST_0602,7,SESS_397466,2026-02-15 00:00:00,affiliatenetwork,referral,Campaign_Promo_Summer,/promo-deals/page_4,Mobile,396
TP_002475,CUST_0602,7,SESS_397466,2026-02-13 11:00:00,affiliatenetwork,referral,Campaign_Promo_Brand,/promo-deals/page_6,Desktop,291
TP_002476,CUST_0602,6,SESS_397466,2026-02-14 02:00:00,linkedinads,paidsocial,Campaign_Promo_Brand,/promo-deals/page_10,Mobile,338
TP_002477,CUST_0602,5,SESS_397466,2026-02-09 03:00:00,organicsearch,seo,Campaign_Promo_Retarget,/promo-deals/page_9,Desktop,147
TP_002478,CUST_0602,6,SESS_582940,2026-03-02 20:00:00,linkedinads,paidsocial,Campaign_Promo_Retarget,/promo-deals/page_6,Mobile,222
TP_002479,CUST_0603,4,SESS_133420,2026-04-17 13:00:00,directtraffic,direct,Campaign_Promo_Brand,/promo-deals/page_5,Tablet,99
TP_002480,CUST_0603,4,SESS_133420,2026-04-04 13:00:00,directtraffic,direct,Campaign_Promo_Summer,/promo-deals/page_3,Desktop,252
TP_002481,CUST_0603,1,SESS_133420,2026-04-06 09:00:00,googleads,paidsearch,Campaign_Promo_Summer,/promo-deals/page_5,Mobile,576
TP_002482,CUST_0603,2,SESS_180025,2026-05-04 07:00:00,facebookads,paidsocial,Campaign_Promo_Summer,/promo-deals/page_8,Mobile,60
TP_002483,CUST_0603,4,SESS_180025,2026-05-04 22:00:00,directtraffic,direct,Campaign_Promo_Summer,/promo-deals/page_2,Mobile,78
TP_002484,CUST_0604,4,SESS_710667,2026-03-23 21:00:00,directtraffic,direct,Campaign_Promo_Brand,/promo-deals/page_7,Desktop,103
TP_002485,CUST_0604,7,SESS_710667,2026-03-25 00:00:00,affiliatenetwork,referral,Campaign_Promo_Retarget,/promo-deals/page_8,Tablet,264
TP_002486,CUST_0604,4,SESS_710667,2026-03-23 04:00:00,directtraffic,direct,Campaign_Promo_Retarget,/promo-deals/page_6,Desktop,307
TP_002487,CUST_0604,6,SESS_710667,2026-03-23 22:00:00,linkedinads,paidsocial,Campaign_Promo_Brand,/promo-deals/page_1,Mobile,499
TP_002488,CUST_0605,7,SESS_334890,2026-01-21 15:00:00,affiliatenetwork,referral,Campaign_Promo_Brand,/promo-deals/page_6,Mobile,218
TP_002489,CUST_0605,4,SESS_334890,2026-01-14 19:00:00,directtraffic,direct,Campaign_Promo_Summer,/promo-deals/page_7,Mobile,118
TP_002490,CUST_0605,3,SESS_515504,2026-02-27 08:00:00,newsletter,email,Campaign_Promo_Retarget,/promo-deals/page_7,Desktop,507
TP_002491,CUST_0605,3,SESS_515504,2026-03-13 14:00:00,newsletter,email,Campaign_Promo_Summer,/promo-deals/page_3,Mobile,158
TP_002492,CUST_0605,4,SESS_515504,2026-03-08 08:00:00,directtraffic,direct,Campaign_Promo_Winter,/promo-deals/page_4,Desktop,216
TP_002493,CUST_0605,2,SESS_515504,2026-03-13 15:00:00,facebookads,paidsocial,Campaign_Promo_Winter,/promo-deals/page_6,Mobile,79
TP_002494,CUST_0605,7,SESS_515504,2026-03-08 11:00:00,affiliatenetwork,referral,Campaign_Promo_Retarget,/promo-deals/page_1,Mobile,148
TP_002495,CUST_0606,7,SESS_341384,2026-02-11 12:00:00,affiliatenetwork,referral,Campaign_Promo_Winter,/promo-deals/page_5,Tablet,155
TP_002496,CUST_0606,3,SESS_341384,2026-02-10 07:00:00,newsletter,email,Campaign_Promo_Winter,/promo-deals/page_1,Desktop,118
TP_002497,CUST_0606,1,SESS_341384,2026-02-21 10:00:00,googleads,paidsearch,Campaign_Promo_Summer,/promo-deals/page_5,Mobile,517
TP_002498,CUST_0606,6,SESS_551612,2026-03-22 10:00:00,linkedinads,paidsocial,Campaign_Promo_Winter,/promo-deals/page_3,Mobile,31
TP_002499,CUST_0606,7,SESS_551612,2026-03-16 01:00:00,affiliatenetwork,referral,Campaign_Promo_Retarget,/promo-deals/page_1,Mobile,250
TP_002500,CUST_0606,1,SESS_551612,2026-03-19 16:00:00,googleads,paidsearch,Campaign_Promo_Winter,/promo-deals/page_6,Mobile,497
TP_002501,CUST_0606,2,SESS_551612,2026-03-11 10:00:00,facebookads,paidsocial,Campaign_Promo_Winter,/promo-deals/page_1,Mobile,274
TP_002502,CUST_0606,5,SESS_808557,2026-05-13 12:00:00,organicsearch,seo,Campaign_Promo_Retarget,/promo-deals/page_6,Mobile,303
TP_002503,CUST_0606,6,SESS_808557,2026-05-07 20:00:00,linkedinads,paidsocial,Campaign_Promo_Winter,/promo-deals/page_10,Mobile,150
TP_002504,CUST_0606,1,SESS_808557,2026-05-03 17:00:00,googleads,paidsearch,Campaign_Promo_Summer,/promo-deals/page_8,Tablet,297
TP_002505,CUST_0606,3,SESS_808557,2026-05-01 18:00:00,newsletter,email,Campaign_Promo_Winter,/promo-deals/page_8,Mobile,29
TP_002506,CUST_0607,3,SESS_791774,2026-04-11 13:00:00,newsletter,email,Campaign_Promo_Retarget,/promo-deals/page_7,Tablet,415
TP_002507,CUST_0607,7,SESS_791774,2026-04-24 22:00:00,affiliatenetwork,referral,Campaign_Promo_Winter,/promo-deals/page_5,Mobile,54
TP_002508,CUST_0607,1,SESS_791774,2026-04-12 11:00:00,googleads,paidsearch,Campaign_Promo_Brand,/promo-deals/page_3,Mobile,371
TP_002509,CUST_0610,7,SESS_153957,2026-02-07 04:00:00,affiliatenetwork,referral,Campaign_Promo_Brand,/promo-deals/page_2,Tablet,158
TP_002510,CUST_0610,4,SESS_153957,2026-02-11 15:00:00,directtraffic,direct,Campaign_Promo_Retarget,/promo-deals/page_1,Desktop,438
TP_002511,CUST_0610,5,SESS_153957,2026-02-02 22:00:00,organicsearch,seo,Campaign_Promo_Retarget,/promo-deals/page_2,Mobile,278
TP_002512,CUST_0610,2,SESS_153957,2026-02-05 22:00:00,facebookads,paidsocial,Campaign_Promo_Winter,/promo-deals/page_7,Mobile,567
TP_002513,CUST_0610,5,SESS_105556,2026-02-21 14:00:00,organicsearch,seo,Campaign_Promo_Brand,/promo-deals/page_4,Mobile,580
TP_002514,CUST_0611,4,SESS_558733,2026-01-26 16:00:00,directtraffic,direct,Campaign_Promo_Summer,/promo-deals/page_1,Mobile,554
TP_002515,CUST_0611,5,SESS_558733,2026-01-31 12:00:00,organicsearch,seo,Campaign_Promo_Brand,/promo-deals/page_8,Mobile,509
TP_002516,CUST_0611,6,SESS_558733,2026-01-24 08:00:00,linkedinads,paidsocial,Campaign_Promo_Retarget,/promo-deals/page_2,Mobile,31
TP_002517,CUST_0611,5,SESS_558733,2026-01-22 20:00:00,organicsearch,seo,Campaign_Promo_Winter,/promo-deals/page_6,Mobile,119
TP_002518,CUST_0611,3,SESS_558733,2026-02-02 12:00:00,newsletter,email,Campaign_Promo_Summer,/promo-deals/page_4,Desktop,306
TP_002519,CUST_0611,3,SESS_860071,2026-02-17 02:00:00,newsletter,email,Campaign_Promo_Brand,/promo-deals/page_1,Mobile,206
TP_002520,CUST_0611,7,SESS_860071,2026-02-25 10:00:00,affiliatenetwork,referral,Campaign_Promo_Summer,/promo-deals/page_5,Tablet,279
TP_002521,CUST_0611,7,SESS_659657,2026-03-18 22:00:00,affiliatenetwork,referral,Campaign_Promo_Winter,/promo-deals/page_3,Mobile,326
TP_002522,CUST_0612,6,SESS_991861,2026-03-10 23:00:00,linkedinads,paidsocial,Campaign_Promo_Retarget,/promo-deals/page_1,Mobile,116
TP_002523,CUST_0612,6,SESS_991861,2026-03-17 15:00:00,linkedinads,paidsocial,Campaign_Promo_Summer,/promo-deals/page_10,Mobile,180
TP_002524,CUST_0612,2,SESS_991861,2026-03-11 15:00:00,facebookads,paidsocial,Campaign_Promo_Brand,/promo-deals/page_9,Desktop,277
TP_002525,CUST_0612,7,SESS_991861,2026-03-12 01:00:00,affiliatenetwork,referral,Campaign_Promo_Brand,/promo-deals/page_9,Desktop,491
TP_002526,CUST_0612,6,SESS_991861,2026-03-08 03:00:00,linkedinads,paidsocial,Campaign_Promo_Retarget,/promo-deals/page_7,Mobile,120
TP_002527,CUST_0612,5,SESS_638295,2026-03-24 17:00:00,organicsearch,seo,Campaign_Promo_Winter,/promo-deals/page_2,Mobile,270
TP_002528,CUST_0612,7,SESS_638295,2026-03-23 12:00:00,affiliatenetwork,referral,Campaign_Promo_Winter,/promo-deals/page_8,Mobile,130
TP_002529,CUST_0612,7,SESS_638295,2026-03-24 01:00:00,affiliatenetwork,referral,Campaign_Promo_Brand,/promo-deals/page_7,Desktop,117
TP_002530,CUST_0613,5,SESS_134810,2026-01-30 04:00:00,organicsearch,seo,Campaign_Promo_Winter,/promo-deals/page_4,Tablet,229
TP_002531,CUST_0613,2,SESS_134810,2026-02-02 14:00:00,facebookads,paidsocial,Campaign_Promo_Summer,/promo-deals/page_9,Tablet,280
TP_002532,CUST_0614,4,SESS_102856,2026-03-04 22:00:00,directtraffic,direct,Campaign_Promo_Retarget,/promo-deals/page_4,Desktop,361
TP_002533,CUST_0614,2,SESS_102856,2026-02-19 00:00:00,facebookads,paidsocial,Campaign_Promo_Brand,/promo-deals/page_9,Desktop,433
TP_002534,CUST_0614,1,SESS_102856,2026-02-21 12:00:00,googleads,paidsearch,Campaign_Promo_Summer,/promo-deals/page_9,Desktop,84
TP_002535,CUST_0614,7,SESS_102856,2026-02-21 17:00:00,affiliatenetwork,referral,Campaign_Promo_Retarget,/promo-deals/page_3,Mobile,152
TP_002536,CUST_0614,7,SESS_883614,2026-04-09 23:00:00,affiliatenetwork,referral,Campaign_Promo_Winter,/promo-deals/page_6,Mobile,539
TP_002537,CUST_0614,5,SESS_883614,2026-04-08 07:00:00,organicsearch,seo,Campaign_Promo_Brand,/promo-deals/page_5,Mobile,280
TP_002538,CUST_0614,1,SESS_883614,2026-04-08 21:00:00,googleads,paidsearch,Campaign_Promo_Summer,/promo-deals/page_6,Mobile,536
TP_002539,CUST_0614,3,SESS_883614,2026-04-09 07:00:00,newsletter,email,Campaign_Promo_Summer,/promo-deals/page_10,Desktop,64
TP_002540,CUST_0616,7,SESS_563976,2026-03-02 00:00:00,affiliatenetwork,referral,Campaign_Promo_Brand,/promo-deals/page_6,Mobile,113
TP_002541,CUST_0616,5,SESS_563976,2026-03-05 07:00:00,organicsearch,seo,Campaign_Promo_Summer,/promo-deals/page_7,Desktop,84
TP_002542,CUST_0616,5,SESS_563976,2026-03-04 19:00:00,organicsearch,seo,Campaign_Promo_Retarget,/promo-deals/page_2,Mobile,171
TP_002543,CUST_0616,5,SESS_563976,2026-02-25 01:00:00,organicsearch,seo,Campaign_Promo_Retarget,/promo-deals/page_6,Desktop,222
TP_002544,CUST_0616,4,SESS_563976,2026-03-03 04:00:00,directtraffic,direct,Campaign_Promo_Winter,/promo-deals/page_3,Desktop,400
TP_002545,CUST_0617,1,SESS_551477,2026-04-03 21:00:00,googleads,paidsearch,Campaign_Promo_Brand,/promo-deals/page_1,Desktop,443
TP_002546,CUST_0617,2,SESS_551477,2026-03-27 14:00:00,facebookads,paidsocial,Campaign_Promo_Summer,/promo-deals/page_7,Mobile,541
TP_002547,CUST_0617,4,SESS_551477,2026-03-24 13:00:00,directtraffic,direct,Campaign_Promo_Summer,/promo-deals/page_5,Desktop,395
TP_002548,CUST_0617,5,SESS_299203,2026-04-07 22:00:00,organicsearch,seo,Campaign_Promo_Retarget,/promo-deals/page_3,Desktop,425
TP_002549,CUST_0617,7,SESS_299203,2026-04-06 02:00:00,affiliatenetwork,referral,Campaign_Promo_Winter,/promo-deals/page_5,Desktop,232
TP_002550,CUST_0617,4,SESS_299203,2026-04-06 10:00:00,directtraffic,direct,Campaign_Promo_Winter,/promo-deals/page_7,Mobile,109
TP_002551,CUST_0617,6,SESS_299203,2026-04-13 06:00:00,linkedinads,paidsocial,Campaign_Promo_Winter,/promo-deals/page_5,Desktop,505
TP_002552,CUST_0618,5,SESS_849327,2026-02-26 21:00:00,organicsearch,seo,Campaign_Promo_Winter,/promo-deals/page_1,Tablet,550
TP_002553,CUST_0619,5,SESS_741540,2026-04-13 00:00:00,organicsearch,seo,Campaign_Promo_Winter,/promo-deals/page_5,Mobile,481
TP_002554,CUST_0619,6,SESS_741540,2026-04-06 07:00:00,linkedinads,paidsocial,Campaign_Promo_Retarget,/promo-deals/page_8,Mobile,215
TP_002555,CUST_0619,5,SESS_741540,2026-04-05 21:00:00,organicsearch,seo,Campaign_Promo_Brand,/promo-deals/page_2,Mobile,205
TP_002556,CUST_0619,1,SESS_741540,2026-04-12 05:00:00,googleads,paidsearch,Campaign_Promo_Brand,/promo-deals/page_6,Desktop,300
TP_002557,CUST_0619,5,SESS_741540,2026-04-14 06:00:00,organicsearch,seo,Campaign_Promo_Brand,/promo-deals/page_7,Tablet,40
TP_002558,CUST_0620,3,SESS_757851,2026-01-02 11:00:00,newsletter,email,Campaign_Promo_Brand,/promo-deals/page_10,Mobile,70
TP_002559,CUST_0620,2,SESS_757851,2026-01-01 20:00:00,facebookads,paidsocial,Campaign_Promo_Winter,/promo-deals/page_9,Desktop,109
TP_002560,CUST_0620,2,SESS_757851,2026-01-11 22:00:00,facebookads,paidsocial,Campaign_Promo_Retarget,/promo-deals/page_2,Mobile,105
TP_002561,CUST_0620,5,SESS_757851,2025-12-31 07:00:00,organicsearch,seo,Campaign_Promo_Brand,/promo-deals/page_3,Desktop,447
TP_002562,CUST_0620,6,SESS_757851,2026-01-12 06:00:00,linkedinads,paidsocial,Campaign_Promo_Retarget,/promo-deals/page_3,Desktop,225
TP_002563,CUST_0621,6,SESS_147660,2026-02-05 05:00:00,linkedinads,paidsocial,Campaign_Promo_Retarget,/promo-deals/page_10,Tablet,329
TP_002564,CUST_0621,2,SESS_343399,2026-03-19 20:00:00,facebookads,paidsocial,Campaign_Promo_Summer,/promo-deals/page_1,Mobile,563
TP_002565,CUST_0621,7,SESS_343399,2026-03-15 07:00:00,affiliatenetwork,referral,Campaign_Promo_Retarget,/promo-deals/page_10,Mobile,236
TP_002566,CUST_0622,2,SESS_604799,2026-01-03 18:00:00,facebookads,paidsocial,Campaign_Promo_Brand,/promo-deals/page_7,Mobile,399
TP_002567,CUST_0622,5,SESS_350698,2026-03-03 02:00:00,organicsearch,seo,Campaign_Promo_Retarget,/promo-deals/page_3,Mobile,180
TP_002568,CUST_0622,7,SESS_350698,2026-03-06 09:00:00,affiliatenetwork,referral,Campaign_Promo_Winter,/promo-deals/page_6,Mobile,566
TP_002569,CUST_0622,7,SESS_350698,2026-03-03 10:00:00,affiliatenetwork,referral,Campaign_Promo_Summer,/promo-deals/page_6,Mobile,528
TP_002570,CUST_0622,1,SESS_350698,2026-03-02 11:00:00,googleads,paidsearch,Campaign_Promo_Brand,/promo-deals/page_1,Desktop,297
TP_002571,CUST_0622,6,SESS_350698,2026-03-02 14:00:00,linkedinads,paidsocial,Campaign_Promo_Summer,/promo-deals/page_8,Mobile,265
TP_002572,CUST_0622,2,SESS_891964,2026-04-08 23:00:00,facebookads,paidsocial,Campaign_Promo_Retarget,/promo-deals/page_1,Mobile,119
TP_002573,CUST_0623,5,SESS_488305,2026-02-11 16:00:00,organicsearch,seo,Campaign_Promo_Winter,/promo-deals/page_7,Mobile,530
TP_002574,CUST_0623,4,SESS_488305,2026-02-09 15:00:00,directtraffic,direct,Campaign_Promo_Brand,/promo-deals/page_5,Mobile,207
TP_002575,CUST_0623,6,SESS_488305,2026-02-10 20:00:00,linkedinads,paidsocial,Campaign_Promo_Retarget,/promo-deals/page_4,Mobile,224
TP_002576,CUST_0623,2,SESS_488305,2026-02-11 10:00:00,facebookads,paidsocial,Campaign_Promo_Brand,/promo-deals/page_7,Mobile,11
TP_002577,CUST_0623,4,SESS_488305,2026-02-04 20:00:00,directtraffic,direct,Campaign_Promo_Retarget,/promo-deals/page_8,Mobile,180
TP_002578,CUST_0623,2,SESS_950330,2026-03-22 15:00:00,facebookads,paidsocial,Campaign_Promo_Summer,/promo-deals/page_5,Desktop,184
TP_002579,CUST_0623,4,SESS_950330,2026-03-24 05:00:00,directtraffic,direct,Campaign_Promo_Winter,/promo-deals/page_7,Tablet,97
TP_002580,CUST_0623,3,SESS_950330,2026-04-03 08:00:00,newsletter,email,Campaign_Promo_Summer,/promo-deals/page_3,Desktop,527
TP_002581,CUST_0623,7,SESS_473753,2026-04-19 17:00:00,affiliatenetwork,referral,Campaign_Promo_Winter,/promo-deals/page_8,Mobile,218
TP_002582,CUST_0623,4,SESS_473753,2026-04-17 09:00:00,directtraffic,direct,Campaign_Promo_Brand,/promo-deals/page_7,Mobile,332
TP_002583,CUST_0623,7,SESS_473753,2026-04-20 10:00:00,affiliatenetwork,referral,Campaign_Promo_Summer,/promo-deals/page_5,Mobile,487
TP_002584,CUST_0624,7,SESS_825869,2026-03-29 09:00:00,affiliatenetwork,referral,Campaign_Promo_Summer,/promo-deals/page_4,Mobile,214
TP_002585,CUST_0624,7,SESS_825869,2026-03-19 19:00:00,affiliatenetwork,referral,Campaign_Promo_Summer,/promo-deals/page_9,Mobile,429
TP_002586,CUST_0624,2,SESS_825869,2026-03-21 20:00:00,facebookads,paidsocial,Campaign_Promo_Summer,/promo-deals/page_5,Desktop,177
TP_002587,CUST_0624,4,SESS_825869,2026-03-25 19:00:00,directtraffic,direct,Campaign_Promo_Brand,/promo-deals/page_6,Mobile,470
TP_002588,CUST_0624,7,SESS_169998,2026-05-06 01:00:00,affiliatenetwork,referral,Campaign_Promo_Winter,/promo-deals/page_8,Mobile,555
TP_002589,CUST_0624,2,SESS_169998,2026-05-05 07:00:00,facebookads,paidsocial,Campaign_Promo_Winter,/promo-deals/page_9,Mobile,526
TP_002590,CUST_0625,1,SESS_688740,2026-01-02 08:00:00,googleads,paidsearch,Campaign_Promo_Retarget,/promo-deals/page_3,Mobile,215
TP_002591,CUST_0625,3,SESS_688740,2025-12-29 20:00:00,newsletter,email,Campaign_Promo_Brand,/promo-deals/page_2,Tablet,465
TP_002592,CUST_0625,2,SESS_866033,2026-02-22 00:00:00,facebookads,paidsocial,Campaign_Promo_Brand,/promo-deals/page_6,Mobile,153
TP_002593,CUST_0625,2,SESS_866033,2026-02-14 04:00:00,facebookads,paidsocial,Campaign_Promo_Retarget,/promo-deals/page_4,Mobile,277
TP_002594,CUST_0625,6,SESS_297264,2026-04-06 23:00:00,linkedinads,paidsocial,Campaign_Promo_Brand,/promo-deals/page_3,Desktop,305
TP_002595,CUST_0625,5,SESS_297264,2026-03-30 09:00:00,organicsearch,seo,Campaign_Promo_Brand,/promo-deals/page_3,Desktop,489
TP_002596,CUST_0625,1,SESS_297264,2026-03-31 06:00:00,googleads,paidsearch,Campaign_Promo_Retarget,/promo-deals/page_6,Mobile,201
TP_002597,CUST_0626,1,SESS_492536,2026-04-03 21:00:00,googleads,paidsearch,Campaign_Promo_Brand,/promo-deals/page_6,Mobile,111
TP_002598,CUST_0626,4,SESS_482574,2026-04-21 05:00:00,directtraffic,direct,Campaign_Promo_Summer,/promo-deals/page_1,Mobile,398
TP_002599,CUST_0626,6,SESS_482574,2026-04-22 23:00:00,linkedinads,paidsocial,Campaign_Promo_Brand,/promo-deals/page_7,Mobile,246
TP_002600,CUST_0626,6,SESS_482574,2026-04-26 04:00:00,linkedinads,paidsocial,Campaign_Promo_Brand,/promo-deals/page_10,Tablet,383
TP_002601,CUST_0628,6,SESS_429450,2026-01-01 06:00:00,linkedinads,paidsocial,Campaign_Promo_Summer,/promo-deals/page_8,Mobile,15
TP_002602,CUST_0630,5,SESS_233407,2026-04-04 08:00:00,organicsearch,seo,Campaign_Promo_Brand,/promo-deals/page_5,Mobile,549
TP_002603,CUST_0630,3,SESS_233407,2026-04-02 08:00:00,newsletter,email,Campaign_Promo_Summer,/promo-deals/page_5,Mobile,516
TP_002604,CUST_0630,5,SESS_233407,2026-04-08 21:00:00,organicsearch,seo,Campaign_Promo_Retarget,/promo-deals/page_5,Mobile,252
TP_002605,CUST_0630,2,SESS_390637,2026-04-28 10:00:00,facebookads,paidsocial,Campaign_Promo_Retarget,/promo-deals/page_3,Mobile,224
TP_002606,CUST_0630,4,SESS_390637,2026-04-28 06:00:00,directtraffic,direct,Campaign_Promo_Brand,/promo-deals/page_4,Mobile,321
TP_002607,CUST_0631,5,SESS_462436,2026-04-03 07:00:00,organicsearch,seo,Campaign_Promo_Brand,/promo-deals/page_9,Desktop,214
TP_002608,CUST_0631,6,SESS_462436,2026-03-30 06:00:00,linkedinads,paidsocial,Campaign_Promo_Winter,/promo-deals/page_10,Mobile,256
TP_002609,CUST_0631,5,SESS_462436,2026-03-29 00:00:00,organicsearch,seo,Campaign_Promo_Winter,/promo-deals/page_1,Mobile,442
TP_002610,CUST_0631,4,SESS_462436,2026-03-31 00:00:00,directtraffic,direct,Campaign_Promo_Summer,/promo-deals/page_2,Desktop,466
TP_002611,CUST_0632,6,SESS_272903,2026-02-18 17:00:00,linkedinads,paidsocial,Campaign_Promo_Retarget,/promo-deals/page_10,Desktop,545
TP_002612,CUST_0632,1,SESS_272903,2026-02-14 14:00:00,googleads,paidsearch,Campaign_Promo_Retarget,/promo-deals/page_7,Mobile,122
TP_002613,CUST_0632,3,SESS_272903,2026-02-13 03:00:00,newsletter,email,Campaign_Promo_Summer,/promo-deals/page_5,Mobile,498
TP_002614,CUST_0632,4,SESS_151798,2026-03-12 14:00:00,directtraffic,direct,Campaign_Promo_Winter,/promo-deals/page_2,Desktop,471
TP_002615,CUST_0632,1,SESS_151798,2026-03-16 02:00:00,googleads,paidsearch,Campaign_Promo_Retarget,/promo-deals/page_7,Desktop,409
TP_002616,CUST_0632,4,SESS_754232,2026-04-07 07:00:00,directtraffic,direct,Campaign_Promo_Summer,/promo-deals/page_1,Desktop,28
TP_002617,CUST_0633,4,SESS_684579,2026-03-14 03:00:00,directtraffic,direct,Campaign_Promo_Retarget,/promo-deals/page_7,Mobile,188
TP_002618,CUST_0633,4,SESS_684579,2026-03-08 10:00:00,directtraffic,direct,Campaign_Promo_Winter,/promo-deals/page_10,Mobile,589
TP_002619,CUST_0633,6,SESS_641434,2026-04-08 19:00:00,linkedinads,paidsocial,Campaign_Promo_Winter,/promo-deals/page_6,Mobile,447
TP_002620,CUST_0633,2,SESS_641434,2026-04-09 14:00:00,facebookads,paidsocial,Campaign_Promo_Brand,/promo-deals/page_5,Desktop,563
TP_002621,CUST_0633,1,SESS_641434,2026-04-15 15:00:00,googleads,paidsearch,Campaign_Promo_Summer,/promo-deals/page_10,Mobile,580
TP_002622,CUST_0636,7,SESS_383156,2026-03-22 11:00:00,affiliatenetwork,referral,Campaign_Promo_Winter,/promo-deals/page_6,Mobile,121
TP_002623,CUST_0636,6,SESS_383156,2026-03-22 15:00:00,linkedinads,paidsocial,Campaign_Promo_Brand,/promo-deals/page_3,Mobile,486
TP_002624,CUST_0636,1,SESS_383156,2026-03-14 05:00:00,googleads,paidsearch,Campaign_Promo_Retarget,/promo-deals/page_10,Mobile,586
TP_002625,CUST_0636,6,SESS_142429,2026-04-14 16:00:00,linkedinads,paidsocial,Campaign_Promo_Summer,/promo-deals/page_10,Mobile,330
TP_002626,CUST_0636,3,SESS_142429,2026-04-13 03:00:00,newsletter,email,Campaign_Promo_Summer,/promo-deals/page_3,Tablet,404
TP_002627,CUST_0636,4,SESS_142429,2026-04-25 15:00:00,directtraffic,direct,Campaign_Promo_Winter,/promo-deals/page_8,Desktop,484
TP_002628,CUST_0636,5,SESS_142429,2026-04-22 21:00:00,organicsearch,seo,Campaign_Promo_Brand,/promo-deals/page_1,Desktop,543
TP_002629,CUST_0637,1,SESS_425359,2026-03-03 14:00:00,googleads,paidsearch,Campaign_Promo_Winter,/promo-deals/page_1,Mobile,477
TP_002630,CUST_0637,1,SESS_425359,2026-03-07 10:00:00,googleads,paidsearch,Campaign_Promo_Winter,/promo-deals/page_8,Mobile,189
TP_002631,CUST_0637,6,SESS_425359,2026-03-05 01:00:00,linkedinads,paidsocial,Campaign_Promo_Retarget,/promo-deals/page_5,Mobile,57
TP_002632,CUST_0637,2,SESS_425359,2026-03-02 12:00:00,facebookads,paidsocial,Campaign_Promo_Brand,/promo-deals/page_3,Mobile,439
TP_002633,CUST_0637,2,SESS_382975,2026-03-23 09:00:00,facebookads,paidsocial,Campaign_Promo_Summer,/promo-deals/page_5,Mobile,298
TP_002634,CUST_0637,2,SESS_382975,2026-03-22 14:00:00,facebookads,paidsocial,Campaign_Promo_Winter,/promo-deals/page_2,Mobile,269
TP_002635,CUST_0637,6,SESS_382975,2026-03-13 02:00:00,linkedinads,paidsocial,Campaign_Promo_Winter,/promo-deals/page_4,Desktop,362
TP_002636,CUST_0637,1,SESS_502439,2026-04-16 15:00:00,googleads,paidsearch,Campaign_Promo_Winter,/promo-deals/page_8,Tablet,199
TP_002637,CUST_0638,2,SESS_680097,2026-02-14 22:00:00,facebookads,paidsocial,Campaign_Promo_Brand,/promo-deals/page_2,Desktop,143
TP_002638,CUST_0639,3,SESS_412620,2026-02-17 03:00:00,newsletter,email,Campaign_Promo_Winter,/promo-deals/page_10,Desktop,510
TP_002639,CUST_0639,7,SESS_176110,2026-03-25 13:00:00,affiliatenetwork,referral,Campaign_Promo_Summer,/promo-deals/page_10,Desktop,479
TP_002640,CUST_0639,7,SESS_176110,2026-03-23 08:00:00,affiliatenetwork,referral,Campaign_Promo_Retarget,/promo-deals/page_2,Desktop,347
TP_002641,CUST_0639,2,SESS_176110,2026-03-27 16:00:00,facebookads,paidsocial,Campaign_Promo_Winter,/promo-deals/page_7,Mobile,38
TP_002642,CUST_0639,4,SESS_427125,2026-04-30 11:00:00,directtraffic,direct,Campaign_Promo_Summer,/promo-deals/page_1,Mobile,504
TP_002643,CUST_0639,2,SESS_427125,2026-04-16 13:00:00,facebookads,paidsocial,Campaign_Promo_Winter,/promo-deals/page_10,Mobile,125
TP_002644,CUST_0639,4,SESS_427125,2026-04-19 10:00:00,directtraffic,direct,Campaign_Promo_Summer,/promo-deals/page_2,Desktop,346
TP_002645,CUST_0641,5,SESS_447053,2026-03-15 12:00:00,organicsearch,seo,Campaign_Promo_Winter,/promo-deals/page_4,Mobile,155
TP_002646,CUST_0641,4,SESS_447053,2026-03-14 16:00:00,directtraffic,direct,Campaign_Promo_Summer,/promo-deals/page_7,Mobile,140
TP_002647,CUST_0641,4,SESS_447053,2026-03-12 20:00:00,directtraffic,direct,Campaign_Promo_Retarget,/promo-deals/page_10,Desktop,507
TP_002648,CUST_0641,7,SESS_447053,2026-03-06 09:00:00,affiliatenetwork,referral,Campaign_Promo_Brand,/promo-deals/page_1,Mobile,279
TP_002649,CUST_0642,2,SESS_596728,2026-01-22 12:00:00,facebookads,paidsocial,Campaign_Promo_Brand,/promo-deals/page_4,Mobile,278
TP_002650,CUST_0642,6,SESS_596728,2026-01-20 08:00:00,linkedinads,paidsocial,Campaign_Promo_Retarget,/promo-deals/page_7,Desktop,232
TP_002651,CUST_0642,1,SESS_596728,2026-01-20 05:00:00,googleads,paidsearch,Campaign_Promo_Brand,/promo-deals/page_10,Tablet,176
TP_002652,CUST_0642,7,SESS_596728,2026-01-16 20:00:00,affiliatenetwork,referral,Campaign_Promo_Brand,/promo-deals/page_8,Tablet,111
TP_002653,CUST_0644,5,SESS_774511,2026-02-24 07:00:00,organicsearch,seo,Campaign_Promo_Brand,/promo-deals/page_3,Desktop,129
TP_002654,CUST_0644,2,SESS_774511,2026-02-24 15:00:00,facebookads,paidsocial,Campaign_Promo_Brand,/promo-deals/page_6,Mobile,113
TP_002655,CUST_0644,6,SESS_774511,2026-03-03 22:00:00,linkedinads,paidsocial,Campaign_Promo_Winter,/promo-deals/page_5,Desktop,252
TP_002656,CUST_0644,7,SESS_527964,2026-04-18 13:00:00,affiliatenetwork,referral,Campaign_Promo_Retarget,/promo-deals/page_7,Mobile,126
TP_002657,CUST_0644,2,SESS_527964,2026-04-19 14:00:00,facebookads,paidsocial,Campaign_Promo_Brand,/promo-deals/page_3,Desktop,242
TP_002658,CUST_0644,6,SESS_527964,2026-05-02 11:00:00,linkedinads,paidsocial,Campaign_Promo_Summer,/promo-deals/page_1,Desktop,151
TP_002659,CUST_0644,5,SESS_527964,2026-04-29 05:00:00,organicsearch,seo,Campaign_Promo_Brand,/promo-deals/page_5,Mobile,291
TP_002660,CUST_0645,7,SESS_408632,2026-03-28 11:00:00,affiliatenetwork,referral,Campaign_Promo_Brand,/promo-deals/page_10,Mobile,313
TP_002661,CUST_0645,6,SESS_408632,2026-03-21 01:00:00,linkedinads,paidsocial,Campaign_Promo_Retarget,/promo-deals/page_9,Desktop,338
TP_002662,CUST_0645,4,SESS_408632,2026-03-30 15:00:00,directtraffic,direct,Campaign_Promo_Retarget,/promo-deals/page_6,Mobile,33
TP_002663,CUST_0645,3,SESS_408632,2026-03-26 14:00:00,newsletter,email,Campaign_Promo_Brand,/promo-deals/page_2,Mobile,44
TP_002664,CUST_0645,4,SESS_408632,2026-03-27 15:00:00,directtraffic,direct,Campaign_Promo_Summer,/promo-deals/page_5,Mobile,537
TP_002665,CUST_0646,6,SESS_867205,2025-12-22 01:00:00,linkedinads,paidsocial,Campaign_Promo_Brand,/promo-deals/page_8,Mobile,220
TP_002666,CUST_0646,4,SESS_867205,2025-12-26 12:00:00,directtraffic,direct,Campaign_Promo_Summer,/promo-deals/page_2,Tablet,230
TP_002667,CUST_0646,5,SESS_867205,2025-12-23 23:00:00,organicsearch,seo,Campaign_Promo_Summer,/promo-deals/page_1,Mobile,215
TP_002668,CUST_0646,5,SESS_867205,2025-12-29 22:00:00,organicsearch,seo,Campaign_Promo_Brand,/promo-deals/page_6,Mobile,10
TP_002669,CUST_0646,7,SESS_751833,2026-02-11 01:00:00,affiliatenetwork,referral,Campaign_Promo_Summer,/promo-deals/page_5,Mobile,438
TP_002670,CUST_0646,5,SESS_751833,2026-02-16 00:00:00,organicsearch,seo,Campaign_Promo_Winter,/promo-deals/page_10,Mobile,96
TP_002671,CUST_0646,1,SESS_751833,2026-02-18 11:00:00,googleads,paidsearch,Campaign_Promo_Retarget,/promo-deals/page_8,Desktop,122
TP_002672,CUST_0646,4,SESS_751833,2026-02-21 19:00:00,directtraffic,direct,Campaign_Promo_Summer,/promo-deals/page_1,Mobile,477
TP_002673,CUST_0646,2,SESS_300940,2026-03-01 08:00:00,facebookads,paidsocial,Campaign_Promo_Retarget,/promo-deals/page_6,Desktop,185
TP_002674,CUST_0646,6,SESS_300940,2026-03-13 17:00:00,linkedinads,paidsocial,Campaign_Promo_Summer,/promo-deals/page_9,Tablet,339
TP_002675,CUST_0646,4,SESS_300940,2026-03-09 07:00:00,directtraffic,direct,Campaign_Promo_Winter,/promo-deals/page_1,Mobile,577
TP_002676,CUST_0646,7,SESS_300940,2026-03-08 05:00:00,affiliatenetwork,referral,Campaign_Promo_Brand,/promo-deals/page_1,Tablet,40
TP_002677,CUST_0646,3,SESS_300940,2026-03-09 22:00:00,newsletter,email,Campaign_Promo_Summer,/promo-deals/page_10,Mobile,413
TP_002678,CUST_0647,5,SESS_506390,2026-02-01 07:00:00,organicsearch,seo,Campaign_Promo_Retarget,/promo-deals/page_6,Mobile,258
TP_002679,CUST_0647,1,SESS_506390,2026-02-08 19:00:00,googleads,paidsearch,Campaign_Promo_Winter,/promo-deals/page_10,Mobile,111
TP_002680,CUST_0647,6,SESS_506390,2026-02-07 03:00:00,linkedinads,paidsocial,Campaign_Promo_Summer,/promo-deals/page_6,Desktop,61
TP_002681,CUST_0647,4,SESS_506390,2026-01-29 18:00:00,directtraffic,direct,Campaign_Promo_Winter,/promo-deals/page_4,Mobile,117
TP_002682,CUST_0648,5,SESS_268389,2026-01-26 05:00:00,organicsearch,seo,Campaign_Promo_Retarget,/promo-deals/page_6,Mobile,262
TP_002683,CUST_0648,5,SESS_268389,2026-01-21 00:00:00,organicsearch,seo,Campaign_Promo_Winter,/promo-deals/page_10,Desktop,19
TP_002684,CUST_0648,5,SESS_268389,2026-01-25 08:00:00,organicsearch,seo,Campaign_Promo_Summer,/promo-deals/page_6,Mobile,438
TP_002685,CUST_0648,7,SESS_433280,2026-03-18 22:00:00,affiliatenetwork,referral,Campaign_Promo_Winter,/promo-deals/page_6,Tablet,157
TP_002686,CUST_0648,6,SESS_433280,2026-03-05 20:00:00,linkedinads,paidsocial,Campaign_Promo_Winter,/promo-deals/page_2,Desktop,138
TP_002687,CUST_0648,1,SESS_433280,2026-03-15 23:00:00,googleads,paidsearch,Campaign_Promo_Summer,/promo-deals/page_8,Mobile,457
TP_002688,CUST_0648,2,SESS_433280,2026-03-17 04:00:00,facebookads,paidsocial,Campaign_Promo_Retarget,/promo-deals/page_10,Mobile,139
TP_002689,CUST_0648,2,SESS_433280,2026-03-11 14:00:00,facebookads,paidsocial,Campaign_Promo_Retarget,/promo-deals/page_8,Desktop,227
TP_002690,CUST_0648,6,SESS_235312,2026-03-21 22:00:00,linkedinads,paidsocial,Campaign_Promo_Brand,/promo-deals/page_7,Tablet,172
TP_002691,CUST_0648,7,SESS_235312,2026-03-25 11:00:00,affiliatenetwork,referral,Campaign_Promo_Retarget,/promo-deals/page_6,Desktop,71
TP_002692,CUST_0648,6,SESS_235312,2026-03-20 17:00:00,linkedinads,paidsocial,Campaign_Promo_Winter,/promo-deals/page_1,Mobile,583
TP_002693,CUST_0648,2,SESS_235312,2026-03-12 11:00:00,facebookads,paidsocial,Campaign_Promo_Retarget,/promo-deals/page_7,Mobile,243
TP_002694,CUST_0649,5,SESS_671719,2026-01-27 17:00:00,organicsearch,seo,Campaign_Promo_Retarget,/promo-deals/page_9,Desktop,241
TP_002695,CUST_0649,1,SESS_671719,2026-01-24 23:00:00,googleads,paidsearch,Campaign_Promo_Summer,/promo-deals/page_3,Mobile,361
TP_002696,CUST_0649,6,SESS_671719,2026-01-23 21:00:00,linkedinads,paidsocial,Campaign_Promo_Brand,/promo-deals/page_10,Tablet,50
TP_002697,CUST_0649,3,SESS_671719,2026-01-26 22:00:00,newsletter,email,Campaign_Promo_Brand,/promo-deals/page_6,Tablet,209
TP_002698,CUST_0649,1,SESS_671719,2026-01-22 21:00:00,googleads,paidsearch,Campaign_Promo_Brand,/promo-deals/page_3,Mobile,518
TP_002699,CUST_0650,2,SESS_338239,2026-03-24 15:00:00,facebookads,paidsocial,Campaign_Promo_Brand,/promo-deals/page_4,Mobile,271
TP_002700,CUST_0650,4,SESS_338239,2026-03-28 22:00:00,directtraffic,direct,Campaign_Promo_Winter,/promo-deals/page_1,Mobile,219
TP_002701,CUST_0650,5,SESS_100156,2026-04-25 16:00:00,organicsearch,seo,Campaign_Promo_Retarget,/promo-deals/page_6,Mobile,583
TP_002702,CUST_0650,2,SESS_100156,2026-04-23 03:00:00,facebookads,paidsocial,Campaign_Promo_Brand,/promo-deals/page_1,Desktop,314
TP_002703,CUST_0650,2,SESS_100156,2026-04-15 15:00:00,facebookads,paidsocial,Campaign_Promo_Retarget,/promo-deals/page_9,Tablet,199
TP_002704,CUST_0650,6,SESS_100156,2026-04-24 19:00:00,linkedinads,paidsocial,Campaign_Promo_Brand,/promo-deals/page_5,Mobile,395
TP_002705,CUST_0651,2,SESS_772903,2026-04-17 01:00:00,facebookads,paidsocial,Campaign_Promo_Winter,/promo-deals/page_6,Desktop,591
TP_002706,CUST_0651,2,SESS_772903,2026-04-22 11:00:00,facebookads,paidsocial,Campaign_Promo_Winter,/promo-deals/page_2,Mobile,183
TP_002707,CUST_0651,5,SESS_772903,2026-04-08 10:00:00,organicsearch,seo,Campaign_Promo_Brand,/promo-deals/page_6,Tablet,260
TP_002708,CUST_0651,7,SESS_772903,2026-04-13 15:00:00,affiliatenetwork,referral,Campaign_Promo_Retarget,/promo-deals/page_2,Desktop,142
TP_002709,CUST_0651,1,SESS_772903,2026-04-12 11:00:00,googleads,paidsearch,Campaign_Promo_Retarget,/promo-deals/page_5,Mobile,225
TP_002710,CUST_0653,1,SESS_307105,2026-01-18 16:00:00,googleads,paidsearch,Campaign_Promo_Summer,/promo-deals/page_5,Mobile,246
TP_002711,CUST_0653,6,SESS_307105,2026-01-27 07:00:00,linkedinads,paidsocial,Campaign_Promo_Retarget,/promo-deals/page_10,Mobile,23
TP_002712,CUST_0653,2,SESS_307105,2026-01-24 04:00:00,facebookads,paidsocial,Campaign_Promo_Retarget,/promo-deals/page_3,Desktop,548
TP_002713,CUST_0653,2,SESS_307105,2026-01-26 22:00:00,facebookads,paidsocial,Campaign_Promo_Brand,/promo-deals/page_3,Mobile,234
TP_002714,CUST_0653,3,SESS_307105,2026-01-31 23:00:00,newsletter,email,Campaign_Promo_Brand,/promo-deals/page_4,Mobile,373
TP_002715,CUST_0654,4,SESS_684699,2026-03-14 11:00:00,directtraffic,direct,Campaign_Promo_Brand,/promo-deals/page_1,Mobile,564
TP_002716,CUST_0654,6,SESS_107666,2026-04-23 12:00:00,linkedinads,paidsocial,Campaign_Promo_Winter,/promo-deals/page_5,Mobile,554
TP_002717,CUST_0654,3,SESS_107666,2026-04-20 04:00:00,newsletter,email,Campaign_Promo_Summer,/promo-deals/page_3,Tablet,212
TP_002718,CUST_0654,2,SESS_107666,2026-04-11 21:00:00,facebookads,paidsocial,Campaign_Promo_Summer,/promo-deals/page_2,Mobile,303
TP_002719,CUST_0654,6,SESS_107666,2026-04-19 17:00:00,linkedinads,paidsocial,Campaign_Promo_Retarget,/promo-deals/page_10,Mobile,174
TP_002720,CUST_0655,2,SESS_645509,2026-01-15 17:00:00,facebookads,paidsocial,Campaign_Promo_Winter,/promo-deals/page_4,Mobile,131
TP_002721,CUST_0655,6,SESS_645509,2026-01-13 23:00:00,linkedinads,paidsocial,Campaign_Promo_Winter,/promo-deals/page_3,Mobile,187
TP_002722,CUST_0655,2,SESS_645509,2026-01-13 16:00:00,facebookads,paidsocial,Campaign_Promo_Winter,/promo-deals/page_3,Tablet,142
TP_002723,CUST_0655,2,SESS_779778,2026-03-02 16:00:00,facebookads,paidsocial,Campaign_Promo_Winter,/promo-deals/page_8,Mobile,250
TP_002724,CUST_0655,1,SESS_779778,2026-03-13 11:00:00,googleads,paidsearch,Campaign_Promo_Retarget,/promo-deals/page_7,Mobile,233
TP_002725,CUST_0657,6,SESS_446909,2026-01-27 04:00:00,linkedinads,paidsocial,Campaign_Promo_Summer,/promo-deals/page_3,Desktop,401
TP_002726,CUST_0657,3,SESS_446909,2026-01-25 12:00:00,newsletter,email,Campaign_Promo_Winter,/promo-deals/page_2,Mobile,540
TP_002727,CUST_0657,6,SESS_446909,2026-01-22 20:00:00,linkedinads,paidsocial,Campaign_Promo_Brand,/promo-deals/page_5,Mobile,384
TP_002728,CUST_0657,3,SESS_446909,2026-01-30 07:00:00,newsletter,email,Campaign_Promo_Winter,/promo-deals/page_4,Mobile,203
TP_002729,CUST_0657,1,SESS_446909,2026-02-04 06:00:00,googleads,paidsearch,Campaign_Promo_Brand,/promo-deals/page_3,Desktop,437
TP_002730,CUST_0658,5,SESS_456269,2026-02-15 15:00:00,organicsearch,seo,Campaign_Promo_Winter,/promo-deals/page_1,Mobile,191
TP_002731,CUST_0658,6,SESS_456269,2026-02-11 11:00:00,linkedinads,paidsocial,Campaign_Promo_Brand,/promo-deals/page_4,Tablet,596
TP_002732,CUST_0658,7,SESS_456269,2026-02-15 23:00:00,affiliatenetwork,referral,Campaign_Promo_Retarget,/promo-deals/page_9,Mobile,448
TP_002733,CUST_0658,7,SESS_456269,2026-02-16 06:00:00,affiliatenetwork,referral,Campaign_Promo_Retarget,/promo-deals/page_1,Mobile,282
TP_002734,CUST_0658,4,SESS_456269,2026-02-08 07:00:00,directtraffic,direct,Campaign_Promo_Winter,/promo-deals/page_8,Tablet,595
TP_002735,CUST_0658,7,SESS_899391,2026-03-20 05:00:00,affiliatenetwork,referral,Campaign_Promo_Brand,/promo-deals/page_1,Desktop,421
TP_002736,CUST_0659,5,SESS_883890,2026-03-31 18:00:00,organicsearch,seo,Campaign_Promo_Winter,/promo-deals/page_4,Mobile,512
TP_002737,CUST_0659,4,SESS_883890,2026-03-26 11:00:00,directtraffic,direct,Campaign_Promo_Brand,/promo-deals/page_2,Mobile,328
TP_002738,CUST_0659,2,SESS_128203,2026-04-24 12:00:00,facebookads,paidsocial,Campaign_Promo_Winter,/promo-deals/page_5,Desktop,408
TP_002739,CUST_0659,2,SESS_128203,2026-04-12 05:00:00,facebookads,paidsocial,Campaign_Promo_Brand,/promo-deals/page_4,Desktop,292
TP_002740,CUST_0659,5,SESS_128203,2026-04-13 16:00:00,organicsearch,seo,Campaign_Promo_Retarget,/promo-deals/page_1,Mobile,284
TP_002741,CUST_0660,3,SESS_902296,2026-03-15 08:00:00,newsletter,email,Campaign_Promo_Brand,/promo-deals/page_6,Desktop,125
TP_002742,CUST_0660,5,SESS_902296,2026-03-08 23:00:00,organicsearch,seo,Campaign_Promo_Retarget,/promo-deals/page_8,Desktop,406
TP_002743,CUST_0660,6,SESS_902296,2026-03-17 18:00:00,linkedinads,paidsocial,Campaign_Promo_Summer,/promo-deals/page_4,Desktop,489
TP_002744,CUST_0661,4,SESS_213329,2026-05-13 08:00:00,directtraffic,direct,Campaign_Promo_Winter,/promo-deals/page_10,Desktop,535
TP_002745,CUST_0661,3,SESS_213329,2026-05-14 19:00:00,newsletter,email,Campaign_Promo_Brand,/promo-deals/page_10,Desktop,404
TP_002746,CUST_0661,6,SESS_213329,2026-05-02 11:00:00,linkedinads,paidsocial,Campaign_Promo_Winter,/promo-deals/page_10,Mobile,433
TP_002747,CUST_0661,3,SESS_213329,2026-05-11 08:00:00,newsletter,email,Campaign_Promo_Winter,/promo-deals/page_3,Desktop,109
TP_002748,CUST_0663,2,SESS_506192,2026-04-02 08:00:00,facebookads,paidsocial,Campaign_Promo_Winter,/promo-deals/page_5,Mobile,597
TP_002749,CUST_0663,2,SESS_506192,2026-03-31 00:00:00,facebookads,paidsocial,Campaign_Promo_Winter,/promo-deals/page_3,Mobile,580
TP_002750,CUST_0663,3,SESS_506192,2026-03-30 02:00:00,newsletter,email,Campaign_Promo_Winter,/promo-deals/page_2,Desktop,229
TP_002751,CUST_0664,2,SESS_851795,2026-03-10 22:00:00,facebookads,paidsocial,Campaign_Promo_Summer,/promo-deals/page_8,Mobile,522
TP_002752,CUST_0664,3,SESS_851795,2026-03-11 17:00:00,newsletter,email,Campaign_Promo_Summer,/promo-deals/page_5,Tablet,82
TP_002753,CUST_0664,2,SESS_851795,2026-03-12 05:00:00,facebookads,paidsocial,Campaign_Promo_Summer,/promo-deals/page_9,Mobile,345
TP_002754,CUST_0664,4,SESS_747650,2026-04-28 17:00:00,directtraffic,direct,Campaign_Promo_Summer,/promo-deals/page_10,Tablet,385
TP_002755,CUST_0666,5,SESS_424386,2026-03-01 21:00:00,organicsearch,seo,Campaign_Promo_Summer,/promo-deals/page_8,Mobile,372
TP_002756,CUST_0666,3,SESS_424386,2026-02-21 06:00:00,newsletter,email,Campaign_Promo_Brand,/promo-deals/page_9,Mobile,212
TP_002757,CUST_0666,3,SESS_424386,2026-02-18 18:00:00,newsletter,email,Campaign_Promo_Retarget,/promo-deals/page_6,Mobile,439
TP_002758,CUST_0666,4,SESS_507093,2026-04-19 07:00:00,directtraffic,direct,Campaign_Promo_Brand,/promo-deals/page_1,Mobile,406
TP_002759,CUST_0666,5,SESS_507093,2026-04-22 03:00:00,organicsearch,seo,Campaign_Promo_Summer,/promo-deals/page_8,Mobile,276
TP_002760,CUST_0666,7,SESS_507093,2026-04-13 17:00:00,affiliatenetwork,referral,Campaign_Promo_Brand,/promo-deals/page_8,Desktop,202
TP_002761,CUST_0666,1,SESS_205534,2026-05-03 05:00:00,googleads,paidsearch,Campaign_Promo_Retarget,/promo-deals/page_9,Desktop,45
TP_002762,CUST_0666,5,SESS_205534,2026-05-02 17:00:00,organicsearch,seo,Campaign_Promo_Summer,/promo-deals/page_7,Tablet,496
TP_002763,CUST_0667,1,SESS_337662,2026-01-23 03:00:00,googleads,paidsearch,Campaign_Promo_Winter,/promo-deals/page_10,Mobile,503
TP_002764,CUST_0667,5,SESS_337662,2026-01-29 23:00:00,organicsearch,seo,Campaign_Promo_Retarget,/promo-deals/page_10,Desktop,555
TP_002765,CUST_0667,4,SESS_337662,2026-01-21 15:00:00,directtraffic,direct,Campaign_Promo_Summer,/promo-deals/page_3,Mobile,309
TP_002766,CUST_0667,5,SESS_864933,2026-02-20 01:00:00,organicsearch,seo,Campaign_Promo_Summer,/promo-deals/page_7,Mobile,57
TP_002767,CUST_0667,3,SESS_864933,2026-02-12 12:00:00,newsletter,email,Campaign_Promo_Brand,/promo-deals/page_1,Desktop,276
TP_002768,CUST_0667,5,SESS_864933,2026-02-18 18:00:00,organicsearch,seo,Campaign_Promo_Summer,/promo-deals/page_9,Tablet,206
TP_002769,CUST_0667,1,SESS_372225,2026-04-24 13:00:00,googleads,paidsearch,Campaign_Promo_Retarget,/promo-deals/page_2,Tablet,157
TP_002770,CUST_0667,7,SESS_372225,2026-04-20 14:00:00,affiliatenetwork,referral,Campaign_Promo_Summer,/promo-deals/page_5,Mobile,575
TP_002771,CUST_0667,2,SESS_372225,2026-04-13 00:00:00,facebookads,paidsocial,Campaign_Promo_Retarget,/promo-deals/page_1,Mobile,371
TP_002772,CUST_0668,3,SESS_636560,2026-03-31 01:00:00,newsletter,email,Campaign_Promo_Brand,/promo-deals/page_7,Desktop,513
TP_002773,CUST_0668,6,SESS_636560,2026-04-04 08:00:00,linkedinads,paidsocial,Campaign_Promo_Brand,/promo-deals/page_10,Mobile,254
TP_002774,CUST_0668,3,SESS_636560,2026-04-04 18:00:00,newsletter,email,Campaign_Promo_Winter,/promo-deals/page_3,Mobile,199
TP_002775,CUST_0668,5,SESS_560276,2026-04-07 01:00:00,organicsearch,seo,Campaign_Promo_Winter,/promo-deals/page_8,Desktop,157
TP_002776,CUST_0668,6,SESS_560276,2026-04-03 04:00:00,linkedinads,paidsocial,Campaign_Promo_Summer,/promo-deals/page_2,Tablet,46
TP_002777,CUST_0668,1,SESS_560276,2026-04-04 08:00:00,googleads,paidsearch,Campaign_Promo_Brand,/promo-deals/page_3,Mobile,334
TP_002778,CUST_0668,1,SESS_560276,2026-04-04 01:00:00,googleads,paidsearch,Campaign_Promo_Retarget,/promo-deals/page_7,Desktop,147
TP_002779,CUST_0668,3,SESS_560276,2026-04-02 01:00:00,newsletter,email,Campaign_Promo_Summer,/promo-deals/page_2,Mobile,414
TP_002780,CUST_0669,5,SESS_965707,2026-03-18 20:00:00,organicsearch,seo,Campaign_Promo_Winter,/promo-deals/page_6,Mobile,299
TP_002781,CUST_0669,5,SESS_965707,2026-03-24 17:00:00,organicsearch,seo,Campaign_Promo_Brand,/promo-deals/page_2,Mobile,169
TP_002782,CUST_0669,6,SESS_965707,2026-03-17 22:00:00,linkedinads,paidsocial,Campaign_Promo_Summer,/promo-deals/page_9,Desktop,528
TP_002783,CUST_0669,1,SESS_965707,2026-03-26 16:00:00,googleads,paidsearch,Campaign_Promo_Retarget,/promo-deals/page_6,Mobile,163
TP_002784,CUST_0669,2,SESS_965707,2026-03-22 15:00:00,facebookads,paidsocial,Campaign_Promo_Winter,/promo-deals/page_1,Mobile,318
TP_002785,CUST_0669,2,SESS_526758,2026-04-22 13:00:00,facebookads,paidsocial,Campaign_Promo_Brand,/promo-deals/page_2,Tablet,202
TP_002786,CUST_0669,4,SESS_526758,2026-04-22 14:00:00,directtraffic,direct,Campaign_Promo_Summer,/promo-deals/page_9,Mobile,103
TP_002787,CUST_0669,2,SESS_526758,2026-04-20 02:00:00,facebookads,paidsocial,Campaign_Promo_Winter,/promo-deals/page_1,Mobile,78
TP_002788,CUST_0669,4,SESS_526758,2026-04-24 03:00:00,directtraffic,direct,Campaign_Promo_Summer,/promo-deals/page_10,Desktop,430
TP_002789,CUST_0669,1,SESS_526758,2026-04-23 20:00:00,googleads,paidsearch,Campaign_Promo_Winter,/promo-deals/page_3,Desktop,505
TP_002790,CUST_0670,1,SESS_582293,2026-01-22 20:00:00,googleads,paidsearch,Campaign_Promo_Summer,/promo-deals/page_10,Tablet,287
TP_002791,CUST_0670,7,SESS_582293,2026-01-21 13:00:00,affiliatenetwork,referral,Campaign_Promo_Summer,/promo-deals/page_8,Tablet,521
TP_002792,CUST_0670,7,SESS_582293,2026-01-12 22:00:00,affiliatenetwork,referral,Campaign_Promo_Brand,/promo-deals/page_1,Mobile,398
TP_002793,CUST_0670,3,SESS_753924,2026-03-11 10:00:00,newsletter,email,Campaign_Promo_Summer,/promo-deals/page_3,Tablet,138
TP_002794,CUST_0670,5,SESS_753924,2026-03-08 17:00:00,organicsearch,seo,Campaign_Promo_Brand,/promo-deals/page_2,Mobile,239
TP_002795,CUST_0670,1,SESS_753924,2026-03-17 23:00:00,googleads,paidsearch,Campaign_Promo_Brand,/promo-deals/page_9,Desktop,560
TP_002796,CUST_0670,1,SESS_753924,2026-03-13 04:00:00,googleads,paidsearch,Campaign_Promo_Retarget,/promo-deals/page_4,Mobile,221
TP_002797,CUST_0670,6,SESS_603519,2026-04-04 16:00:00,linkedinads,paidsocial,Campaign_Promo_Winter,/promo-deals/page_1,Mobile,472
TP_002798,CUST_0671,4,SESS_309227,2026-04-30 23:00:00,directtraffic,direct,Campaign_Promo_Brand,/promo-deals/page_8,Mobile,262
TP_002799,CUST_0671,1,SESS_309227,2026-05-12 13:00:00,googleads,paidsearch,Campaign_Promo_Summer,/promo-deals/page_1,Mobile,157
TP_002800,CUST_0671,1,SESS_824573,2026-04-27 22:00:00,googleads,paidsearch,Campaign_Promo_Brand,/promo-deals/page_10,Desktop,521
TP_002801,CUST_0671,7,SESS_824573,2026-05-08 05:00:00,affiliatenetwork,referral,Campaign_Promo_Winter,/promo-deals/page_4,Mobile,66
TP_002802,CUST_0671,4,SESS_824573,2026-04-27 17:00:00,directtraffic,direct,Campaign_Promo_Summer,/promo-deals/page_8,Mobile,152
TP_002803,CUST_0672,3,SESS_553577,2026-03-08 01:00:00,newsletter,email,Campaign_Promo_Summer,/promo-deals/page_4,Desktop,480
TP_002804,CUST_0672,4,SESS_553577,2026-03-10 08:00:00,directtraffic,direct,Campaign_Promo_Retarget,/promo-deals/page_5,Desktop,539
TP_002805,CUST_0672,4,SESS_553577,2026-03-14 21:00:00,directtraffic,direct,Campaign_Promo_Retarget,/promo-deals/page_8,Desktop,164
TP_002806,CUST_0672,7,SESS_553577,2026-03-08 15:00:00,affiliatenetwork,referral,Campaign_Promo_Winter,/promo-deals/page_6,Desktop,503
TP_002807,CUST_0672,4,SESS_575219,2026-04-23 05:00:00,directtraffic,direct,Campaign_Promo_Summer,/promo-deals/page_10,Mobile,373
TP_002808,CUST_0672,7,SESS_575219,2026-04-10 19:00:00,affiliatenetwork,referral,Campaign_Promo_Summer,/promo-deals/page_9,Mobile,60
TP_002809,CUST_0675,5,SESS_807878,2026-02-01 20:00:00,organicsearch,seo,Campaign_Promo_Summer,/promo-deals/page_3,Desktop,210
TP_002810,CUST_0675,2,SESS_807878,2026-01-26 17:00:00,facebookads,paidsocial,Campaign_Promo_Retarget,/promo-deals/page_6,Mobile,333
TP_002811,CUST_0675,7,SESS_807878,2026-02-02 01:00:00,affiliatenetwork,referral,Campaign_Promo_Summer,/promo-deals/page_6,Tablet,419
TP_002812,CUST_0676,4,SESS_616487,2026-04-25 14:00:00,directtraffic,direct,Campaign_Promo_Retarget,/promo-deals/page_6,Mobile,173
TP_002813,CUST_0676,1,SESS_616487,2026-04-12 08:00:00,googleads,paidsearch,Campaign_Promo_Retarget,/promo-deals/page_5,Tablet,333
TP_002814,CUST_0676,2,SESS_616487,2026-04-15 17:00:00,facebookads,paidsocial,Campaign_Promo_Brand,/promo-deals/page_7,Mobile,281
TP_002815,CUST_0676,6,SESS_616487,2026-04-12 11:00:00,linkedinads,paidsocial,Campaign_Promo_Brand,/promo-deals/page_9,Desktop,111
TP_002816,CUST_0676,6,SESS_703005,2026-05-02 04:00:00,linkedinads,paidsocial,Campaign_Promo_Retarget,/promo-deals/page_5,Mobile,465
TP_002817,CUST_0676,2,SESS_703005,2026-05-11 16:00:00,facebookads,paidsocial,Campaign_Promo_Brand,/promo-deals/page_4,Tablet,367
TP_002818,CUST_0677,5,SESS_336101,2026-02-13 10:00:00,organicsearch,seo,Campaign_Promo_Brand,/promo-deals/page_9,Desktop,246
TP_002819,CUST_0677,5,SESS_336101,2026-02-06 05:00:00,organicsearch,seo,Campaign_Promo_Brand,/promo-deals/page_4,Mobile,228
TP_002820,CUST_0677,4,SESS_336101,2026-02-08 06:00:00,directtraffic,direct,Campaign_Promo_Retarget,/promo-deals/page_2,Mobile,312
TP_002821,CUST_0677,2,SESS_336101,2026-02-16 22:00:00,facebookads,paidsocial,Campaign_Promo_Summer,/promo-deals/page_1,Desktop,54
TP_002822,CUST_0677,7,SESS_121608,2026-04-01 03:00:00,affiliatenetwork,referral,Campaign_Promo_Brand,/promo-deals/page_9,Mobile,276
TP_002823,CUST_0677,3,SESS_121608,2026-04-07 15:00:00,newsletter,email,Campaign_Promo_Retarget,/promo-deals/page_3,Tablet,257
TP_002824,CUST_0677,1,SESS_121608,2026-04-06 08:00:00,googleads,paidsearch,Campaign_Promo_Retarget,/promo-deals/page_7,Mobile,307
TP_002825,CUST_0677,1,SESS_121608,2026-04-10 20:00:00,googleads,paidsearch,Campaign_Promo_Retarget,/promo-deals/page_9,Mobile,489
TP_002826,CUST_0677,2,SESS_121608,2026-04-01 03:00:00,facebookads,paidsocial,Campaign_Promo_Retarget,/promo-deals/page_1,Desktop,508
TP_002827,CUST_0678,4,SESS_741385,2026-03-30 08:00:00,directtraffic,direct,Campaign_Promo_Brand,/promo-deals/page_3,Mobile,396
TP_002828,CUST_0678,6,SESS_741385,2026-03-17 17:00:00,linkedinads,paidsocial,Campaign_Promo_Brand,/promo-deals/page_3,Desktop,437
TP_002829,CUST_0678,2,SESS_741385,2026-03-26 08:00:00,facebookads,paidsocial,Campaign_Promo_Brand,/promo-deals/page_9,Mobile,400
TP_002830,CUST_0678,1,SESS_741385,2026-03-28 18:00:00,googleads,paidsearch,Campaign_Promo_Retarget,/promo-deals/page_5,Tablet,222
TP_002831,CUST_0678,5,SESS_741385,2026-03-23 09:00:00,organicsearch,seo,Campaign_Promo_Retarget,/promo-deals/page_2,Mobile,180
TP_002832,CUST_0678,5,SESS_676285,2026-04-23 11:00:00,organicsearch,seo,Campaign_Promo_Summer,/promo-deals/page_1,Tablet,435
TP_002833,CUST_0678,6,SESS_676285,2026-04-20 13:00:00,linkedinads,paidsocial,Campaign_Promo_Winter,/promo-deals/page_1,Tablet,103
TP_002834,CUST_0678,7,SESS_676285,2026-04-16 07:00:00,affiliatenetwork,referral,Campaign_Promo_Summer,/promo-deals/page_5,Mobile,383
TP_002835,CUST_0678,7,SESS_676285,2026-04-09 22:00:00,affiliatenetwork,referral,Campaign_Promo_Brand,/promo-deals/page_3,Desktop,76
TP_002836,CUST_0678,7,SESS_676285,2026-04-15 08:00:00,affiliatenetwork,referral,Campaign_Promo_Retarget,/promo-deals/page_2,Desktop,421
TP_002837,CUST_0678,7,SESS_332918,2026-04-29 04:00:00,affiliatenetwork,referral,Campaign_Promo_Winter,/promo-deals/page_2,Desktop,328
TP_002838,CUST_0678,3,SESS_332918,2026-04-30 19:00:00,newsletter,email,Campaign_Promo_Retarget,/promo-deals/page_3,Mobile,134
TP_002839,CUST_0678,1,SESS_332918,2026-04-24 13:00:00,googleads,paidsearch,Campaign_Promo_Summer,/promo-deals/page_10,Mobile,508
TP_002840,CUST_0681,1,SESS_930433,2026-02-23 09:00:00,googleads,paidsearch,Campaign_Promo_Retarget,/promo-deals/page_5,Mobile,525
TP_002841,CUST_0681,1,SESS_930433,2026-02-16 22:00:00,googleads,paidsearch,Campaign_Promo_Summer,/promo-deals/page_3,Mobile,382
TP_002842,CUST_0681,1,SESS_930433,2026-02-16 10:00:00,googleads,paidsearch,Campaign_Promo_Summer,/promo-deals/page_4,Tablet,327
TP_002843,CUST_0681,2,SESS_973646,2026-03-22 05:00:00,facebookads,paidsocial,Campaign_Promo_Retarget,/promo-deals/page_2,Tablet,69
TP_002844,CUST_0681,1,SESS_973646,2026-03-22 00:00:00,googleads,paidsearch,Campaign_Promo_Winter,/promo-deals/page_7,Mobile,159
TP_002845,CUST_0681,2,SESS_973646,2026-03-18 11:00:00,facebookads,paidsocial,Campaign_Promo_Winter,/promo-deals/page_4,Mobile,180
TP_002846,CUST_0681,1,SESS_973646,2026-03-20 22:00:00,googleads,paidsearch,Campaign_Promo_Brand,/promo-deals/page_3,Mobile,574
TP_002847,CUST_0681,4,SESS_973646,2026-03-19 21:00:00,directtraffic,direct,Campaign_Promo_Brand,/promo-deals/page_6,Desktop,224
TP_002848,CUST_0681,3,SESS_386787,2026-05-08 02:00:00,newsletter,email,Campaign_Promo_Brand,/promo-deals/page_1,Desktop,341
TP_002849,CUST_0682,3,SESS_259788,2026-01-14 16:00:00,newsletter,email,Campaign_Promo_Summer,/promo-deals/page_2,Tablet,465
TP_002850,CUST_0682,2,SESS_259788,2026-01-26 17:00:00,facebookads,paidsocial,Campaign_Promo_Retarget,/promo-deals/page_1,Desktop,450
TP_002851,CUST_0682,7,SESS_952325,2026-02-17 20:00:00,affiliatenetwork,referral,Campaign_Promo_Brand,/promo-deals/page_1,Tablet,397
TP_002852,CUST_0682,3,SESS_952325,2026-02-21 13:00:00,newsletter,email,Campaign_Promo_Retarget,/promo-deals/page_3,Mobile,301
TP_002853,CUST_0682,6,SESS_952325,2026-02-11 19:00:00,linkedinads,paidsocial,Campaign_Promo_Summer,/promo-deals/page_8,Desktop,435
TP_002854,CUST_0683,2,SESS_857707,2026-02-18 14:00:00,facebookads,paidsocial,Campaign_Promo_Winter,/promo-deals/page_4,Mobile,169
TP_002855,CUST_0683,2,SESS_857707,2026-02-22 03:00:00,facebookads,paidsocial,Campaign_Promo_Summer,/promo-deals/page_8,Desktop,451
TP_002856,CUST_0683,1,SESS_857707,2026-02-20 08:00:00,googleads,paidsearch,Campaign_Promo_Brand,/promo-deals/page_4,Mobile,416
TP_002857,CUST_0683,7,SESS_857707,2026-02-24 10:00:00,affiliatenetwork,referral,Campaign_Promo_Brand,/promo-deals/page_2,Desktop,63
TP_002858,CUST_0683,6,SESS_155339,2026-03-27 20:00:00,linkedinads,paidsocial,Campaign_Promo_Summer,/promo-deals/page_4,Mobile,281
TP_002859,CUST_0683,7,SESS_155339,2026-04-02 06:00:00,affiliatenetwork,referral,Campaign_Promo_Brand,/promo-deals/page_1,Desktop,341
TP_002860,CUST_0683,7,SESS_867003,2026-05-10 18:00:00,affiliatenetwork,referral,Campaign_Promo_Retarget,/promo-deals/page_3,Mobile,295
TP_002861,CUST_0683,1,SESS_867003,2026-05-04 06:00:00,googleads,paidsearch,Campaign_Promo_Summer,/promo-deals/page_10,Mobile,323
TP_002862,CUST_0683,3,SESS_867003,2026-05-02 05:00:00,newsletter,email,Campaign_Promo_Brand,/promo-deals/page_8,Desktop,205
TP_002863,CUST_0684,1,SESS_534714,2026-02-13 10:00:00,googleads,paidsearch,Campaign_Promo_Brand,/promo-deals/page_1,Desktop,241
TP_002864,CUST_0684,6,SESS_534714,2026-02-17 12:00:00,linkedinads,paidsocial,Campaign_Promo_Brand,/promo-deals/page_10,Mobile,202
TP_002865,CUST_0685,6,SESS_945169,2026-05-03 21:00:00,linkedinads,paidsocial,Campaign_Promo_Winter,/promo-deals/page_10,Desktop,474
TP_002866,CUST_0685,6,SESS_945169,2026-05-15 23:00:00,linkedinads,paidsocial,Campaign_Promo_Winter,/promo-deals/page_9,Desktop,508
TP_002867,CUST_0685,1,SESS_945169,2026-05-17 11:00:00,googleads,paidsearch,Campaign_Promo_Winter,/promo-deals/page_7,Desktop,142
TP_002868,CUST_0686,1,SESS_803176,2026-03-24 08:00:00,googleads,paidsearch,Campaign_Promo_Winter,/promo-deals/page_10,Tablet,232
TP_002869,CUST_0686,2,SESS_803176,2026-03-21 14:00:00,facebookads,paidsocial,Campaign_Promo_Brand,/promo-deals/page_1,Mobile,463
TP_002870,CUST_0686,5,SESS_803176,2026-03-28 13:00:00,organicsearch,seo,Campaign_Promo_Summer,/promo-deals/page_4,Mobile,526
TP_002871,CUST_0686,7,SESS_803176,2026-03-16 01:00:00,affiliatenetwork,referral,Campaign_Promo_Winter,/promo-deals/page_4,Mobile,512
TP_002872,CUST_0686,6,SESS_449531,2026-04-22 21:00:00,linkedinads,paidsocial,Campaign_Promo_Retarget,/promo-deals/page_1,Mobile,416
TP_002873,CUST_0686,5,SESS_449531,2026-04-25 02:00:00,organicsearch,seo,Campaign_Promo_Brand,/promo-deals/page_8,Mobile,147
TP_002874,CUST_0686,4,SESS_449531,2026-04-20 12:00:00,directtraffic,direct,Campaign_Promo_Retarget,/promo-deals/page_5,Tablet,201
TP_002875,CUST_0686,5,SESS_449531,2026-04-23 02:00:00,organicsearch,seo,Campaign_Promo_Retarget,/promo-deals/page_8,Mobile,496
TP_002876,CUST_0686,1,SESS_449531,2026-04-26 13:00:00,googleads,paidsearch,Campaign_Promo_Winter,/promo-deals/page_3,Desktop,170
TP_002877,CUST_0687,4,SESS_284382,2026-03-26 15:00:00,directtraffic,direct,Campaign_Promo_Brand,/promo-deals/page_5,Mobile,552
TP_002878,CUST_0687,6,SESS_284382,2026-03-19 14:00:00,linkedinads,paidsocial,Campaign_Promo_Retarget,/promo-deals/page_2,Mobile,116
TP_002879,CUST_0688,2,SESS_792083,2026-03-20 21:00:00,facebookads,paidsocial,Campaign_Promo_Brand,/promo-deals/page_5,Mobile,40
TP_002880,CUST_0688,7,SESS_792083,2026-03-18 16:00:00,affiliatenetwork,referral,Campaign_Promo_Brand,/promo-deals/page_2,Mobile,275
TP_002881,CUST_0688,7,SESS_792083,2026-03-25 00:00:00,affiliatenetwork,referral,Campaign_Promo_Summer,/promo-deals/page_5,Desktop,437
TP_002882,CUST_0689,7,SESS_486279,2026-03-16 20:00:00,affiliatenetwork,referral,Campaign_Promo_Brand,/promo-deals/page_9,Desktop,483
TP_002883,CUST_0689,1,SESS_217946,2026-05-11 18:00:00,googleads,paidsearch,Campaign_Promo_Brand,/promo-deals/page_10,Tablet,124
TP_002884,CUST_0689,5,SESS_217946,2026-05-07 21:00:00,organicsearch,seo,Campaign_Promo_Retarget,/promo-deals/page_1,Mobile,99
TP_002885,CUST_0689,5,SESS_217946,2026-05-06 04:00:00,organicsearch,seo,Campaign_Promo_Retarget,/promo-deals/page_9,Desktop,378
TP_002886,CUST_0689,3,SESS_217946,2026-05-02 17:00:00,newsletter,email,Campaign_Promo_Summer,/promo-deals/page_9,Tablet,170
TP_002887,CUST_0690,2,SESS_138973,2026-04-01 15:00:00,facebookads,paidsocial,Campaign_Promo_Retarget,/promo-deals/page_9,Mobile,276
TP_002888,CUST_0690,3,SESS_655879,2026-04-18 17:00:00,newsletter,email,Campaign_Promo_Winter,/promo-deals/page_7,Mobile,537
TP_002889,CUST_0690,4,SESS_655879,2026-04-12 06:00:00,directtraffic,direct,Campaign_Promo_Brand,/promo-deals/page_4,Mobile,482
TP_002890,CUST_0690,4,SESS_655879,2026-04-12 03:00:00,directtraffic,direct,Campaign_Promo_Winter,/promo-deals/page_3,Desktop,73
TP_002891,CUST_0690,7,SESS_866875,2026-05-23 10:00:00,affiliatenetwork,referral,Campaign_Promo_Brand,/promo-deals/page_7,Mobile,335
TP_002892,CUST_0691,4,SESS_356840,2026-03-16 21:00:00,directtraffic,direct,Campaign_Promo_Winter,/promo-deals/page_6,Mobile,232
TP_002893,CUST_0691,2,SESS_356840,2026-03-15 10:00:00,facebookads,paidsocial,Campaign_Promo_Brand,/promo-deals/page_4,Mobile,473
TP_002894,CUST_0691,6,SESS_356840,2026-03-24 03:00:00,linkedinads,paidsocial,Campaign_Promo_Winter,/promo-deals/page_2,Tablet,124
TP_002895,CUST_0691,5,SESS_392351,2026-04-26 08:00:00,organicsearch,seo,Campaign_Promo_Winter,/promo-deals/page_2,Mobile,584
TP_002896,CUST_0691,3,SESS_392351,2026-04-28 04:00:00,newsletter,email,Campaign_Promo_Summer,/promo-deals/page_4,Mobile,33
TP_002897,CUST_0692,1,SESS_782004,2026-04-08 04:00:00,googleads,paidsearch,Campaign_Promo_Brand,/promo-deals/page_1,Mobile,12
TP_002898,CUST_0692,1,SESS_782004,2026-03-30 21:00:00,googleads,paidsearch,Campaign_Promo_Brand,/promo-deals/page_10,Tablet,163
TP_002899,CUST_0692,6,SESS_782004,2026-03-30 01:00:00,linkedinads,paidsocial,Campaign_Promo_Retarget,/promo-deals/page_7,Mobile,288
TP_002900,CUST_0692,4,SESS_782004,2026-04-05 16:00:00,directtraffic,direct,Campaign_Promo_Retarget,/promo-deals/page_8,Desktop,214
TP_002901,CUST_0692,3,SESS_782004,2026-04-03 02:00:00,newsletter,email,Campaign_Promo_Retarget,/promo-deals/page_7,Mobile,156
TP_002902,CUST_0692,6,SESS_808463,2026-05-06 20:00:00,linkedinads,paidsocial,Campaign_Promo_Winter,/promo-deals/page_3,Mobile,207
TP_002903,CUST_0692,3,SESS_808463,2026-04-24 12:00:00,newsletter,email,Campaign_Promo_Retarget,/promo-deals/page_10,Mobile,102
TP_002904,CUST_0692,7,SESS_808463,2026-04-28 18:00:00,affiliatenetwork,referral,Campaign_Promo_Brand,/promo-deals/page_3,Desktop,377
TP_002905,CUST_0692,4,SESS_808463,2026-05-04 00:00:00,directtraffic,direct,Campaign_Promo_Winter,/promo-deals/page_8,Mobile,179
TP_002906,CUST_0692,2,SESS_808463,2026-05-01 17:00:00,facebookads,paidsocial,Campaign_Promo_Retarget,/promo-deals/page_3,Tablet,228
TP_002907,CUST_0693,1,SESS_475402,2026-02-27 17:00:00,googleads,paidsearch,Campaign_Promo_Winter,/promo-deals/page_6,Mobile,155
TP_002908,CUST_0693,7,SESS_475402,2026-02-27 16:00:00,affiliatenetwork,referral,Campaign_Promo_Summer,/promo-deals/page_3,Desktop,594
TP_002909,CUST_0693,2,SESS_475402,2026-03-06 21:00:00,facebookads,paidsocial,Campaign_Promo_Brand,/promo-deals/page_5,Desktop,570
TP_002910,CUST_0693,2,SESS_475402,2026-03-06 13:00:00,facebookads,paidsocial,Campaign_Promo_Summer,/promo-deals/page_6,Mobile,408
TP_002911,CUST_0693,5,SESS_468516,2026-03-07 10:00:00,organicsearch,seo,Campaign_Promo_Winter,/promo-deals/page_7,Desktop,89
TP_002912,CUST_0693,1,SESS_468516,2026-03-02 23:00:00,googleads,paidsearch,Campaign_Promo_Summer,/promo-deals/page_7,Mobile,586
TP_002913,CUST_0693,3,SESS_468516,2026-03-02 19:00:00,newsletter,email,Campaign_Promo_Winter,/promo-deals/page_4,Mobile,346
TP_002914,CUST_0693,2,SESS_468516,2026-03-06 01:00:00,facebookads,paidsocial,Campaign_Promo_Winter,/promo-deals/page_4,Mobile,143
TP_002915,CUST_0694,4,SESS_696268,2026-04-23 12:00:00,directtraffic,direct,Campaign_Promo_Brand,/promo-deals/page_1,Mobile,256
TP_002916,CUST_0694,2,SESS_696268,2026-05-05 03:00:00,facebookads,paidsocial,Campaign_Promo_Retarget,/promo-deals/page_2,Desktop,240
TP_002917,CUST_0694,4,SESS_696268,2026-05-02 23:00:00,directtraffic,direct,Campaign_Promo_Summer,/promo-deals/page_2,Mobile,189
TP_002918,CUST_0695,4,SESS_438855,2026-01-22 15:00:00,directtraffic,direct,Campaign_Promo_Retarget,/promo-deals/page_3,Mobile,392
TP_002919,CUST_0695,3,SESS_438855,2026-01-21 12:00:00,newsletter,email,Campaign_Promo_Summer,/promo-deals/page_4,Desktop,529
TP_002920,CUST_0695,7,SESS_438855,2026-01-22 13:00:00,affiliatenetwork,referral,Campaign_Promo_Summer,/promo-deals/page_1,Mobile,428
TP_002921,CUST_0695,6,SESS_438855,2026-01-20 00:00:00,linkedinads,paidsocial,Campaign_Promo_Brand,/promo-deals/page_5,Mobile,90
TP_002922,CUST_0695,2,SESS_301489,2026-03-14 13:00:00,facebookads,paidsocial,Campaign_Promo_Retarget,/promo-deals/page_2,Mobile,476
TP_002923,CUST_0696,3,SESS_265680,2026-03-07 09:00:00,newsletter,email,Campaign_Promo_Winter,/promo-deals/page_10,Desktop,30
TP_002924,CUST_0698,3,SESS_876574,2026-04-01 03:00:00,newsletter,email,Campaign_Promo_Brand,/promo-deals/page_10,Mobile,56
TP_002925,CUST_0698,5,SESS_876574,2026-03-23 20:00:00,organicsearch,seo,Campaign_Promo_Winter,/promo-deals/page_10,Desktop,352
TP_002926,CUST_0698,7,SESS_855968,2026-05-06 02:00:00,affiliatenetwork,referral,Campaign_Promo_Brand,/promo-deals/page_10,Mobile,203
TP_002927,CUST_0698,2,SESS_855968,2026-04-30 17:00:00,facebookads,paidsocial,Campaign_Promo_Brand,/promo-deals/page_6,Desktop,62
TP_002928,CUST_0698,7,SESS_855968,2026-04-25 03:00:00,affiliatenetwork,referral,Campaign_Promo_Summer,/promo-deals/page_5,Mobile,475
TP_002929,CUST_0698,1,SESS_855968,2026-04-29 16:00:00,googleads,paidsearch,Campaign_Promo_Winter,/promo-deals/page_8,Desktop,65
TP_002930,CUST_0698,4,SESS_855968,2026-05-03 04:00:00,directtraffic,direct,Campaign_Promo_Retarget,/promo-deals/page_1,Tablet,416
TP_002931,CUST_0699,6,SESS_752593,2026-02-23 04:00:00,linkedinads,paidsocial,Campaign_Promo_Summer,/promo-deals/page_9,Desktop,208
TP_002932,CUST_0699,5,SESS_752593,2026-02-25 21:00:00,organicsearch,seo,Campaign_Promo_Winter,/promo-deals/page_7,Mobile,385
TP_002933,CUST_0699,7,SESS_752593,2026-02-24 06:00:00,affiliatenetwork,referral,Campaign_Promo_Brand,/promo-deals/page_9,Tablet,597
TP_002934,CUST_0700,3,SESS_193604,2026-03-14 16:00:00,newsletter,email,Campaign_Promo_Summer,/promo-deals/page_4,Mobile,508
TP_002935,CUST_0700,5,SESS_193604,2026-03-04 21:00:00,organicsearch,seo,Campaign_Promo_Summer,/promo-deals/page_5,Desktop,211
TP_002936,CUST_0700,4,SESS_932025,2026-04-14 21:00:00,directtraffic,direct,Campaign_Promo_Retarget,/promo-deals/page_10,Mobile,521
TP_002937,CUST_0700,4,SESS_932025,2026-04-13 19:00:00,directtraffic,direct,Campaign_Promo_Summer,/promo-deals/page_6,Desktop,516
TP_002938,CUST_0701,2,SESS_834060,2026-02-25 02:00:00,facebookads,paidsocial,Campaign_Promo_Brand,/promo-deals/page_5,Mobile,410
TP_002939,CUST_0701,5,SESS_834060,2026-02-24 15:00:00,organicsearch,seo,Campaign_Promo_Retarget,/promo-deals/page_1,Mobile,450
TP_002940,CUST_0701,6,SESS_834060,2026-02-17 13:00:00,linkedinads,paidsocial,Campaign_Promo_Brand,/promo-deals/page_10,Tablet,492
TP_002941,CUST_0701,1,SESS_834060,2026-02-15 10:00:00,googleads,paidsearch,Campaign_Promo_Winter,/promo-deals/page_2,Mobile,177
TP_002942,CUST_0701,3,SESS_134931,2026-04-05 16:00:00,newsletter,email,Campaign_Promo_Summer,/promo-deals/page_1,Mobile,594
TP_002943,CUST_0702,3,SESS_104732,2026-02-04 03:00:00,newsletter,email,Campaign_Promo_Brand,/promo-deals/page_5,Tablet,427
TP_002944,CUST_0702,6,SESS_104732,2026-02-05 07:00:00,linkedinads,paidsocial,Campaign_Promo_Brand,/promo-deals/page_7,Mobile,399
TP_002945,CUST_0702,7,SESS_104732,2026-02-16 22:00:00,affiliatenetwork,referral,Campaign_Promo_Brand,/promo-deals/page_10,Desktop,478
TP_002946,CUST_0702,2,SESS_104732,2026-02-07 06:00:00,facebookads,paidsocial,Campaign_Promo_Retarget,/promo-deals/page_9,Mobile,259
TP_002947,CUST_0702,4,SESS_393347,2026-03-04 18:00:00,directtraffic,direct,Campaign_Promo_Brand,/promo-deals/page_10,Desktop,69
TP_002948,CUST_0702,2,SESS_393347,2026-03-07 11:00:00,facebookads,paidsocial,Campaign_Promo_Summer,/promo-deals/page_8,Tablet,16
TP_002949,CUST_0702,3,SESS_832696,2026-04-30 09:00:00,newsletter,email,Campaign_Promo_Brand,/promo-deals/page_4,Mobile,359
TP_002950,CUST_0702,7,SESS_832696,2026-05-05 16:00:00,affiliatenetwork,referral,Campaign_Promo_Brand,/promo-deals/page_10,Desktop,478
TP_002951,CUST_0702,7,SESS_832696,2026-05-10 01:00:00,affiliatenetwork,referral,Campaign_Promo_Winter,/promo-deals/page_3,Desktop,77
TP_002952,CUST_0702,5,SESS_832696,2026-05-09 04:00:00,organicsearch,seo,Campaign_Promo_Brand,/promo-deals/page_2,Mobile,497
TP_002953,CUST_0702,6,SESS_832696,2026-05-05 13:00:00,linkedinads,paidsocial,Campaign_Promo_Brand,/promo-deals/page_6,Mobile,220
TP_002954,CUST_0705,5,SESS_380433,2026-03-06 16:00:00,organicsearch,seo,Campaign_Promo_Brand,/promo-deals/page_9,Mobile,358
TP_002955,CUST_0705,5,SESS_380433,2026-03-13 10:00:00,organicsearch,seo,Campaign_Promo_Winter,/promo-deals/page_4,Mobile,399
TP_002956,CUST_0705,3,SESS_380433,2026-03-07 10:00:00,newsletter,email,Campaign_Promo_Summer,/promo-deals/page_6,Mobile,281
TP_002957,CUST_0705,1,SESS_380433,2026-03-10 12:00:00,googleads,paidsearch,Campaign_Promo_Brand,/promo-deals/page_2,Mobile,300
TP_002958,CUST_0705,5,SESS_380433,2026-03-03 22:00:00,organicsearch,seo,Campaign_Promo_Retarget,/promo-deals/page_6,Tablet,363
TP_002959,CUST_0705,2,SESS_766206,2026-04-10 14:00:00,facebookads,paidsocial,Campaign_Promo_Summer,/promo-deals/page_6,Tablet,416
TP_002960,CUST_0705,3,SESS_591696,2026-04-04 10:00:00,newsletter,email,Campaign_Promo_Retarget,/promo-deals/page_9,Desktop,236
TP_002961,CUST_0705,3,SESS_591696,2026-04-06 10:00:00,newsletter,email,Campaign_Promo_Winter,/promo-deals/page_7,Mobile,238
TP_002962,CUST_0705,4,SESS_591696,2026-04-15 22:00:00,directtraffic,direct,Campaign_Promo_Winter,/promo-deals/page_4,Desktop,565
TP_002963,CUST_0707,5,SESS_654439,2026-03-09 11:00:00,organicsearch,seo,Campaign_Promo_Winter,/promo-deals/page_6,Mobile,529
TP_002964,CUST_0707,7,SESS_654439,2026-03-09 07:00:00,affiliatenetwork,referral,Campaign_Promo_Summer,/promo-deals/page_10,Mobile,281
TP_002965,CUST_0707,4,SESS_654439,2026-03-05 02:00:00,directtraffic,direct,Campaign_Promo_Summer,/promo-deals/page_5,Mobile,56
TP_002966,CUST_0707,6,SESS_654439,2026-03-12 10:00:00,linkedinads,paidsocial,Campaign_Promo_Retarget,/promo-deals/page_4,Mobile,151
TP_002967,CUST_0707,4,SESS_654439,2026-03-13 08:00:00,directtraffic,direct,Campaign_Promo_Winter,/promo-deals/page_7,Desktop,137
TP_002968,CUST_0708,6,SESS_747251,2026-03-01 08:00:00,linkedinads,paidsocial,Campaign_Promo_Winter,/promo-deals/page_3,Desktop,491
TP_002969,CUST_0708,7,SESS_747251,2026-03-10 22:00:00,affiliatenetwork,referral,Campaign_Promo_Brand,/promo-deals/page_4,Mobile,193
TP_002970,CUST_0708,1,SESS_747251,2026-03-02 00:00:00,googleads,paidsearch,Campaign_Promo_Brand,/promo-deals/page_5,Mobile,255
TP_002971,CUST_0708,1,SESS_747251,2026-03-08 16:00:00,googleads,paidsearch,Campaign_Promo_Retarget,/promo-deals/page_10,Mobile,457
TP_002972,CUST_0708,2,SESS_836838,2026-04-05 08:00:00,facebookads,paidsocial,Campaign_Promo_Brand,/promo-deals/page_8,Mobile,295
TP_002973,CUST_0708,2,SESS_836838,2026-04-08 11:00:00,facebookads,paidsocial,Campaign_Promo_Winter,/promo-deals/page_9,Mobile,331
TP_002974,CUST_0708,2,SESS_836838,2026-04-07 11:00:00,facebookads,paidsocial,Campaign_Promo_Retarget,/promo-deals/page_5,Mobile,247
TP_002975,CUST_0708,5,SESS_836838,2026-04-02 20:00:00,organicsearch,seo,Campaign_Promo_Brand,/promo-deals/page_10,Mobile,376
TP_002976,CUST_0710,3,SESS_251836,2026-01-25 23:00:00,newsletter,email,Campaign_Promo_Summer,/promo-deals/page_7,Desktop,290
TP_002977,CUST_0710,2,SESS_251836,2026-02-01 22:00:00,facebookads,paidsocial,Campaign_Promo_Winter,/promo-deals/page_7,Mobile,165
TP_002978,CUST_0710,2,SESS_251836,2026-01-26 02:00:00,facebookads,paidsocial,Campaign_Promo_Brand,/promo-deals/page_8,Mobile,217
TP_002979,CUST_0710,3,SESS_251836,2026-02-02 07:00:00,newsletter,email,Campaign_Promo_Summer,/promo-deals/page_4,Mobile,485
TP_002980,CUST_0710,1,SESS_251836,2026-01-31 20:00:00,googleads,paidsearch,Campaign_Promo_Winter,/promo-deals/page_8,Desktop,523
TP_002981,CUST_0710,3,SESS_987110,2026-03-08 21:00:00,newsletter,email,Campaign_Promo_Brand,/promo-deals/page_10,Desktop,484
TP_002982,CUST_0710,7,SESS_987110,2026-03-16 03:00:00,affiliatenetwork,referral,Campaign_Promo_Summer,/promo-deals/page_9,Mobile,585
TP_002983,CUST_0711,3,SESS_491013,2026-04-17 03:00:00,newsletter,email,Campaign_Promo_Retarget,/promo-deals/page_10,Mobile,523
TP_002984,CUST_0711,1,SESS_491013,2026-04-13 14:00:00,googleads,paidsearch,Campaign_Promo_Summer,/promo-deals/page_4,Mobile,393
TP_002985,CUST_0711,4,SESS_491013,2026-04-06 18:00:00,directtraffic,direct,Campaign_Promo_Retarget,/promo-deals/page_8,Mobile,348
TP_002986,CUST_0711,4,SESS_491013,2026-04-17 20:00:00,directtraffic,direct,Campaign_Promo_Retarget,/promo-deals/page_10,Mobile,461
TP_002987,CUST_0712,3,SESS_509143,2026-03-31 18:00:00,newsletter,email,Campaign_Promo_Winter,/promo-deals/page_4,Mobile,569
TP_002988,CUST_0712,5,SESS_509143,2026-04-05 08:00:00,organicsearch,seo,Campaign_Promo_Retarget,/promo-deals/page_8,Mobile,540
TP_002989,CUST_0712,7,SESS_509143,2026-04-02 12:00:00,affiliatenetwork,referral,Campaign_Promo_Winter,/promo-deals/page_1,Desktop,231
TP_002990,CUST_0712,2,SESS_509143,2026-03-25 13:00:00,facebookads,paidsocial,Campaign_Promo_Summer,/promo-deals/page_8,Mobile,110
TP_002991,CUST_0714,7,SESS_111785,2026-04-09 03:00:00,affiliatenetwork,referral,Campaign_Promo_Retarget,/promo-deals/page_1,Desktop,320
TP_002992,CUST_0714,1,SESS_111785,2026-04-06 19:00:00,googleads,paidsearch,Campaign_Promo_Brand,/promo-deals/page_4,Mobile,496
TP_002993,CUST_0715,7,SESS_531860,2026-01-10 22:00:00,affiliatenetwork,referral,Campaign_Promo_Retarget,/promo-deals/page_10,Tablet,424
TP_002994,CUST_0715,1,SESS_531860,2026-01-04 08:00:00,googleads,paidsearch,Campaign_Promo_Retarget,/promo-deals/page_3,Mobile,88
TP_002995,CUST_0715,2,SESS_531860,2026-01-03 23:00:00,facebookads,paidsocial,Campaign_Promo_Summer,/promo-deals/page_7,Tablet,123
TP_002996,CUST_0715,2,SESS_531860,2026-01-06 07:00:00,facebookads,paidsocial,Campaign_Promo_Retarget,/promo-deals/page_3,Desktop,40
TP_002997,CUST_0715,7,SESS_997812,2026-02-11 14:00:00,affiliatenetwork,referral,Campaign_Promo_Summer,/promo-deals/page_8,Tablet,254
TP_002998,CUST_0715,3,SESS_997812,2026-02-14 13:00:00,newsletter,email,Campaign_Promo_Retarget,/promo-deals/page_10,Desktop,529
TP_002999,CUST_0715,3,SESS_782715,2026-04-01 05:00:00,newsletter,email,Campaign_Promo_Summer,/promo-deals/page_1,Desktop,159
TP_003000,CUST_0716,2,SESS_938897,2026-01-08 07:00:00,facebookads,paidsocial,Campaign_Promo_Brand,/promo-deals/page_2,Mobile,414
TP_003001,CUST_0716,6,SESS_938897,2026-01-04 09:00:00,linkedinads,paidsocial,Campaign_Promo_Summer,/promo-deals/page_7,Mobile,283
TP_003002,CUST_0716,4,SESS_938897,2026-01-13 12:00:00,directtraffic,direct,Campaign_Promo_Retarget,/promo-deals/page_10,Desktop,117
TP_003003,CUST_0716,7,SESS_376067,2026-02-26 20:00:00,affiliatenetwork,referral,Campaign_Promo_Retarget,/promo-deals/page_2,Tablet,234
TP_003004,CUST_0716,4,SESS_928782,2026-03-18 14:00:00,directtraffic,direct,Campaign_Promo_Retarget,/promo-deals/page_1,Desktop,22
TP_003005,CUST_0718,2,SESS_228840,2026-03-16 10:00:00,facebookads,paidsocial,Campaign_Promo_Winter,/promo-deals/page_9,Desktop,223
TP_003006,CUST_0718,7,SESS_228840,2026-03-27 03:00:00,affiliatenetwork,referral,Campaign_Promo_Retarget,/promo-deals/page_5,Mobile,417
TP_003007,CUST_0718,1,SESS_959050,2026-04-20 08:00:00,googleads,paidsearch,Campaign_Promo_Summer,/promo-deals/page_6,Tablet,21
TP_003008,CUST_0718,1,SESS_959050,2026-04-29 02:00:00,googleads,paidsearch,Campaign_Promo_Summer,/promo-deals/page_2,Tablet,75
TP_003009,CUST_0718,3,SESS_959050,2026-04-17 17:00:00,newsletter,email,Campaign_Promo_Winter,/promo-deals/page_3,Desktop,55
TP_003010,CUST_0718,4,SESS_959050,2026-04-19 07:00:00,directtraffic,direct,Campaign_Promo_Brand,/promo-deals/page_8,Mobile,418
TP_003011,CUST_0719,3,SESS_810765,2026-01-18 06:00:00,newsletter,email,Campaign_Promo_Brand,/promo-deals/page_7,Mobile,514
TP_003012,CUST_0719,4,SESS_810765,2026-01-16 07:00:00,directtraffic,direct,Campaign_Promo_Summer,/promo-deals/page_3,Mobile,370
TP_003013,CUST_0719,3,SESS_810765,2026-01-14 17:00:00,newsletter,email,Campaign_Promo_Winter,/promo-deals/page_4,Mobile,461
TP_003014,CUST_0722,5,SESS_567899,2026-01-14 07:00:00,organicsearch,seo,Campaign_Promo_Winter,/promo-deals/page_2,Mobile,581
TP_003015,CUST_0722,3,SESS_567899,2026-01-19 16:00:00,newsletter,email,Campaign_Promo_Summer,/promo-deals/page_3,Desktop,416
TP_003016,CUST_0722,2,SESS_567899,2026-01-28 15:00:00,facebookads,paidsocial,Campaign_Promo_Summer,/promo-deals/page_1,Mobile,195
TP_003017,CUST_0722,5,SESS_567899,2026-01-14 05:00:00,organicsearch,seo,Campaign_Promo_Summer,/promo-deals/page_2,Mobile,51
TP_003018,CUST_0722,4,SESS_567899,2026-01-14 19:00:00,directtraffic,direct,Campaign_Promo_Winter,/promo-deals/page_3,Mobile,366
TP_003019,CUST_0722,7,SESS_834565,2026-03-04 20:00:00,affiliatenetwork,referral,Campaign_Promo_Retarget,/promo-deals/page_4,Mobile,317
TP_003020,CUST_0722,5,SESS_834565,2026-02-25 13:00:00,organicsearch,seo,Campaign_Promo_Retarget,/promo-deals/page_3,Mobile,505
TP_003021,CUST_0722,2,SESS_834565,2026-03-02 22:00:00,facebookads,paidsocial,Campaign_Promo_Winter,/promo-deals/page_9,Mobile,149
TP_003022,CUST_0722,3,SESS_834565,2026-03-01 13:00:00,newsletter,email,Campaign_Promo_Retarget,/promo-deals/page_5,Desktop,283
TP_003023,CUST_0723,3,SESS_529910,2026-03-19 13:00:00,newsletter,email,Campaign_Promo_Summer,/promo-deals/page_4,Tablet,191
TP_003024,CUST_0723,3,SESS_529910,2026-03-20 05:00:00,newsletter,email,Campaign_Promo_Retarget,/promo-deals/page_5,Mobile,228
TP_003025,CUST_0723,4,SESS_529910,2026-03-14 16:00:00,directtraffic,direct,Campaign_Promo_Brand,/promo-deals/page_8,Mobile,143
TP_003026,CUST_0723,6,SESS_529910,2026-03-24 16:00:00,linkedinads,paidsocial,Campaign_Promo_Winter,/promo-deals/page_8,Mobile,122
TP_003027,CUST_0723,5,SESS_529910,2026-03-21 18:00:00,organicsearch,seo,Campaign_Promo_Summer,/promo-deals/page_1,Desktop,79
TP_003028,CUST_0726,7,SESS_321609,2026-05-02 00:00:00,affiliatenetwork,referral,Campaign_Promo_Summer,/promo-deals/page_4,Desktop,50
TP_003029,CUST_0726,3,SESS_321609,2026-04-21 21:00:00,newsletter,email,Campaign_Promo_Winter,/promo-deals/page_5,Desktop,138
TP_003030,CUST_0726,7,SESS_321609,2026-05-02 04:00:00,affiliatenetwork,referral,Campaign_Promo_Winter,/promo-deals/page_9,Tablet,29
TP_003031,CUST_0726,1,SESS_321609,2026-04-22 08:00:00,googleads,paidsearch,Campaign_Promo_Brand,/promo-deals/page_4,Mobile,244
TP_003032,CUST_0726,4,SESS_321609,2026-04-29 16:00:00,directtraffic,direct,Campaign_Promo_Retarget,/promo-deals/page_6,Mobile,345
TP_003033,CUST_0727,5,SESS_492892,2026-02-12 18:00:00,organicsearch,seo,Campaign_Promo_Summer,/promo-deals/page_5,Desktop,57
TP_003034,CUST_0727,6,SESS_492892,2026-02-17 03:00:00,linkedinads,paidsocial,Campaign_Promo_Retarget,/promo-deals/page_10,Mobile,287
TP_003035,CUST_0727,5,SESS_492892,2026-02-08 13:00:00,organicsearch,seo,Campaign_Promo_Winter,/promo-deals/page_7,Desktop,220
TP_003036,CUST_0730,4,SESS_613675,2026-03-28 09:00:00,directtraffic,direct,Campaign_Promo_Winter,/promo-deals/page_8,Tablet,269
TP_003037,CUST_0730,1,SESS_613675,2026-04-03 17:00:00,googleads,paidsearch,Campaign_Promo_Summer,/promo-deals/page_1,Tablet,247
TP_003038,CUST_0731,4,SESS_180061,2026-03-07 15:00:00,directtraffic,direct,Campaign_Promo_Winter,/promo-deals/page_1,Desktop,298
TP_003039,CUST_0731,1,SESS_180061,2026-03-01 05:00:00,googleads,paidsearch,Campaign_Promo_Brand,/promo-deals/page_1,Mobile,282
TP_003040,CUST_0731,6,SESS_180061,2026-02-28 01:00:00,linkedinads,paidsocial,Campaign_Promo_Winter,/promo-deals/page_10,Mobile,355
TP_003041,CUST_0731,7,SESS_831191,2026-03-25 09:00:00,affiliatenetwork,referral,Campaign_Promo_Winter,/promo-deals/page_8,Mobile,451
TP_003042,CUST_0731,1,SESS_831191,2026-03-18 14:00:00,googleads,paidsearch,Campaign_Promo_Retarget,/promo-deals/page_6,Desktop,176
TP_003043,CUST_0731,1,SESS_831191,2026-03-24 02:00:00,googleads,paidsearch,Campaign_Promo_Brand,/promo-deals/page_5,Mobile,126
TP_003044,CUST_0732,2,SESS_117456,2026-04-25 15:00:00,facebookads,paidsocial,Campaign_Promo_Retarget,/promo-deals/page_8,Mobile,200
TP_003045,CUST_0732,2,SESS_117456,2026-04-19 09:00:00,facebookads,paidsocial,Campaign_Promo_Brand,/promo-deals/page_2,Mobile,270
TP_003046,CUST_0732,6,SESS_117456,2026-04-24 11:00:00,linkedinads,paidsocial,Campaign_Promo_Retarget,/promo-deals/page_1,Desktop,189
TP_003047,CUST_0732,6,SESS_117456,2026-04-26 00:00:00,linkedinads,paidsocial,Campaign_Promo_Winter,/promo-deals/page_10,Mobile,352
TP_003048,CUST_0733,2,SESS_968770,2026-04-24 13:00:00,facebookads,paidsocial,Campaign_Promo_Brand,/promo-deals/page_6,Desktop,308
TP_003049,CUST_0733,5,SESS_968770,2026-04-17 16:00:00,organicsearch,seo,Campaign_Promo_Winter,/promo-deals/page_10,Desktop,287
TP_003050,CUST_0733,4,SESS_968770,2026-04-11 13:00:00,directtraffic,direct,Campaign_Promo_Summer,/promo-deals/page_6,Mobile,169
TP_003051,CUST_0733,5,SESS_968770,2026-04-12 12:00:00,organicsearch,seo,Campaign_Promo_Summer,/promo-deals/page_9,Mobile,329
TP_003052,CUST_0734,1,SESS_231732,2026-02-22 02:00:00,googleads,paidsearch,Campaign_Promo_Winter,/promo-deals/page_7,Mobile,415
TP_003053,CUST_0734,4,SESS_231732,2026-03-03 02:00:00,directtraffic,direct,Campaign_Promo_Brand,/promo-deals/page_3,Mobile,384
TP_003054,CUST_0734,4,SESS_102442,2026-03-16 22:00:00,directtraffic,direct,Campaign_Promo_Winter,/promo-deals/page_2,Mobile,153
TP_003055,CUST_0734,5,SESS_102442,2026-03-23 03:00:00,organicsearch,seo,Campaign_Promo_Retarget,/promo-deals/page_2,Mobile,571
TP_003056,CUST_0734,2,SESS_102442,2026-03-14 11:00:00,facebookads,paidsocial,Campaign_Promo_Brand,/promo-deals/page_2,Mobile,31
TP_003057,CUST_0734,3,SESS_102442,2026-03-11 20:00:00,newsletter,email,Campaign_Promo_Winter,/promo-deals/page_5,Desktop,561
TP_003058,CUST_0734,3,SESS_102442,2026-03-14 04:00:00,newsletter,email,Campaign_Promo_Brand,/promo-deals/page_6,Mobile,268
TP_003059,CUST_0736,6,SESS_285453,2026-01-18 16:00:00,linkedinads,paidsocial,Campaign_Promo_Winter,/promo-deals/page_7,Mobile,323
TP_003060,CUST_0737,4,SESS_870480,2026-02-24 08:00:00,directtraffic,direct,Campaign_Promo_Brand,/promo-deals/page_6,Mobile,257
TP_003061,CUST_0737,7,SESS_870480,2026-02-27 19:00:00,affiliatenetwork,referral,Campaign_Promo_Brand,/promo-deals/page_9,Mobile,588
TP_003062,CUST_0737,3,SESS_870480,2026-03-04 15:00:00,newsletter,email,Campaign_Promo_Summer,/promo-deals/page_10,Desktop,340
TP_003063,CUST_0737,3,SESS_553253,2026-04-06 10:00:00,newsletter,email,Campaign_Promo_Retarget,/promo-deals/page_9,Mobile,561
TP_003064,CUST_0737,7,SESS_553253,2026-04-14 07:00:00,affiliatenetwork,referral,Campaign_Promo_Winter,/promo-deals/page_5,Mobile,515
TP_003065,CUST_0737,3,SESS_553253,2026-04-15 23:00:00,newsletter,email,Campaign_Promo_Brand,/promo-deals/page_4,Desktop,307
TP_003066,CUST_0737,3,SESS_553253,2026-04-08 17:00:00,newsletter,email,Campaign_Promo_Retarget,/promo-deals/page_4,Mobile,566
TP_003067,CUST_0737,7,SESS_553253,2026-04-12 00:00:00,affiliatenetwork,referral,Campaign_Promo_Brand,/promo-deals/page_7,Tablet,261
TP_003068,CUST_0738,2,SESS_543753,2026-02-10 19:00:00,facebookads,paidsocial,Campaign_Promo_Winter,/promo-deals/page_1,Mobile,238
TP_003069,CUST_0738,4,SESS_543753,2026-02-15 18:00:00,directtraffic,direct,Campaign_Promo_Retarget,/promo-deals/page_9,Tablet,320
TP_003070,CUST_0739,2,SESS_388286,2026-02-14 09:00:00,facebookads,paidsocial,Campaign_Promo_Summer,/promo-deals/page_5,Mobile,562
TP_003071,CUST_0739,5,SESS_388286,2026-02-17 21:00:00,organicsearch,seo,Campaign_Promo_Winter,/promo-deals/page_7,Mobile,223
TP_003072,CUST_0739,1,SESS_388286,2026-02-11 20:00:00,googleads,paidsearch,Campaign_Promo_Retarget,/promo-deals/page_7,Mobile,253
TP_003073,CUST_0740,4,SESS_417243,2026-02-16 07:00:00,directtraffic,direct,Campaign_Promo_Winter,/promo-deals/page_7,Mobile,301
TP_003074,CUST_0740,4,SESS_417243,2026-02-06 05:00:00,directtraffic,direct,Campaign_Promo_Brand,/promo-deals/page_4,Tablet,102
TP_003075,CUST_0740,6,SESS_428774,2026-04-18 04:00:00,linkedinads,paidsocial,Campaign_Promo_Brand,/promo-deals/page_3,Mobile,566
TP_003076,CUST_0741,1,SESS_321830,2026-02-12 14:00:00,googleads,paidsearch,Campaign_Promo_Brand,/promo-deals/page_1,Mobile,545
TP_003077,CUST_0741,2,SESS_321830,2026-02-16 08:00:00,facebookads,paidsocial,Campaign_Promo_Summer,/promo-deals/page_4,Mobile,532
TP_003078,CUST_0741,3,SESS_321830,2026-02-13 20:00:00,newsletter,email,Campaign_Promo_Summer,/promo-deals/page_5,Desktop,247
TP_003079,CUST_0742,5,SESS_483844,2026-04-09 14:00:00,organicsearch,seo,Campaign_Promo_Summer,/promo-deals/page_10,Mobile,26
TP_003080,CUST_0742,6,SESS_483844,2026-04-09 19:00:00,linkedinads,paidsocial,Campaign_Promo_Summer,/promo-deals/page_1,Mobile,534
TP_003081,CUST_0742,6,SESS_483844,2026-03-30 23:00:00,linkedinads,paidsocial,Campaign_Promo_Winter,/promo-deals/page_3,Desktop,151
TP_003082,CUST_0742,7,SESS_483844,2026-04-13 20:00:00,affiliatenetwork,referral,Campaign_Promo_Summer,/promo-deals/page_5,Desktop,353
TP_003083,CUST_0742,7,SESS_483844,2026-04-13 11:00:00,affiliatenetwork,referral,Campaign_Promo_Winter,/promo-deals/page_4,Desktop,144
TP_003084,CUST_0742,1,SESS_343605,2026-05-21 17:00:00,googleads,paidsearch,Campaign_Promo_Winter,/promo-deals/page_7,Tablet,29
TP_003085,CUST_0743,6,SESS_424086,2026-03-09 16:00:00,linkedinads,paidsocial,Campaign_Promo_Retarget,/promo-deals/page_1,Tablet,215
TP_003086,CUST_0743,1,SESS_263233,2026-04-17 01:00:00,googleads,paidsearch,Campaign_Promo_Retarget,/promo-deals/page_5,Desktop,499
TP_003087,CUST_0743,6,SESS_263233,2026-04-13 00:00:00,linkedinads,paidsocial,Campaign_Promo_Retarget,/promo-deals/page_1,Mobile,126
TP_003088,CUST_0744,7,SESS_657277,2026-03-06 23:00:00,affiliatenetwork,referral,Campaign_Promo_Retarget,/promo-deals/page_5,Mobile,434
TP_003089,CUST_0744,6,SESS_657277,2026-02-24 04:00:00,linkedinads,paidsocial,Campaign_Promo_Summer,/promo-deals/page_9,Tablet,380
TP_003090,CUST_0744,4,SESS_952712,2026-04-10 09:00:00,directtraffic,direct,Campaign_Promo_Summer,/promo-deals/page_1,Desktop,119
TP_003091,CUST_0746,2,SESS_303053,2026-01-27 22:00:00,facebookads,paidsocial,Campaign_Promo_Brand,/promo-deals/page_5,Tablet,150
TP_003092,CUST_0746,5,SESS_303053,2026-01-28 06:00:00,organicsearch,seo,Campaign_Promo_Retarget,/promo-deals/page_6,Mobile,39
TP_003093,CUST_0746,5,SESS_303053,2026-01-27 13:00:00,organicsearch,seo,Campaign_Promo_Brand,/promo-deals/page_7,Mobile,204
TP_003094,CUST_0746,5,SESS_303053,2026-02-01 21:00:00,organicsearch,seo,Campaign_Promo_Winter,/promo-deals/page_5,Mobile,591
TP_003095,CUST_0746,1,SESS_668336,2026-03-09 04:00:00,googleads,paidsearch,Campaign_Promo_Winter,/promo-deals/page_8,Mobile,306
TP_003096,CUST_0746,2,SESS_668336,2026-03-06 15:00:00,facebookads,paidsocial,Campaign_Promo_Retarget,/promo-deals/page_10,Mobile,210
TP_003097,CUST_0746,4,SESS_668336,2026-03-15 02:00:00,directtraffic,direct,Campaign_Promo_Retarget,/promo-deals/page_3,Mobile,469
TP_003098,CUST_0746,7,SESS_668336,2026-03-13 11:00:00,affiliatenetwork,referral,Campaign_Promo_Retarget,/promo-deals/page_10,Tablet,495
TP_003099,CUST_0746,6,SESS_464593,2026-04-16 16:00:00,linkedinads,paidsocial,Campaign_Promo_Winter,/promo-deals/page_1,Desktop,175
TP_003100,CUST_0746,7,SESS_464593,2026-04-18 13:00:00,affiliatenetwork,referral,Campaign_Promo_Retarget,/promo-deals/page_3,Mobile,547
TP_003101,CUST_0750,5,SESS_870667,2026-02-20 20:00:00,organicsearch,seo,Campaign_Promo_Brand,/promo-deals/page_5,Mobile,294
TP_003102,CUST_0750,6,SESS_870667,2026-02-23 00:00:00,linkedinads,paidsocial,Campaign_Promo_Summer,/promo-deals/page_8,Mobile,433
TP_003103,CUST_0750,1,SESS_870667,2026-02-27 08:00:00,googleads,paidsearch,Campaign_Promo_Winter,/promo-deals/page_7,Tablet,521
TP_003104,CUST_0750,3,SESS_870667,2026-02-26 22:00:00,newsletter,email,Campaign_Promo_Brand,/promo-deals/page_5,Mobile,347
TP_003105,CUST_0751,4,SESS_381771,2026-01-11 03:00:00,directtraffic,direct,Campaign_Promo_Brand,/promo-deals/page_10,Mobile,52
TP_003106,CUST_0751,7,SESS_381771,2026-01-22 19:00:00,affiliatenetwork,referral,Campaign_Promo_Retarget,/promo-deals/page_2,Mobile,477
TP_003107,CUST_0752,7,SESS_414433,2026-03-08 04:00:00,affiliatenetwork,referral,Campaign_Promo_Summer,/promo-deals/page_3,Mobile,214
TP_003108,CUST_0752,5,SESS_360295,2026-04-07 09:00:00,organicsearch,seo,Campaign_Promo_Winter,/promo-deals/page_6,Mobile,354
TP_003109,CUST_0752,1,SESS_360295,2026-04-10 22:00:00,googleads,paidsearch,Campaign_Promo_Winter,/promo-deals/page_9,Tablet,593
TP_003110,CUST_0752,4,SESS_360295,2026-04-11 21:00:00,directtraffic,direct,Campaign_Promo_Retarget,/promo-deals/page_5,Mobile,90
TP_003111,CUST_0752,7,SESS_360295,2026-04-10 19:00:00,affiliatenetwork,referral,Campaign_Promo_Winter,/promo-deals/page_6,Mobile,441
TP_003112,CUST_0752,7,SESS_360295,2026-04-07 05:00:00,affiliatenetwork,referral,Campaign_Promo_Retarget,/promo-deals/page_3,Desktop,400
TP_003113,CUST_0753,5,SESS_788065,2026-03-21 17:00:00,organicsearch,seo,Campaign_Promo_Retarget,/promo-deals/page_7,Mobile,545
TP_003114,CUST_0755,3,SESS_326586,2026-03-09 11:00:00,newsletter,email,Campaign_Promo_Brand,/promo-deals/page_7,Mobile,136
TP_003115,CUST_0755,5,SESS_326586,2026-03-04 20:00:00,organicsearch,seo,Campaign_Promo_Winter,/promo-deals/page_2,Mobile,104
TP_003116,CUST_0755,5,SESS_326586,2026-02-26 13:00:00,organicsearch,seo,Campaign_Promo_Brand,/promo-deals/page_10,Mobile,472
TP_003117,CUST_0755,5,SESS_326586,2026-02-28 15:00:00,organicsearch,seo,Campaign_Promo_Retarget,/promo-deals/page_10,Mobile,251
TP_003118,CUST_0756,5,SESS_828695,2026-04-06 05:00:00,organicsearch,seo,Campaign_Promo_Brand,/promo-deals/page_7,Mobile,133
TP_003119,CUST_0756,4,SESS_828695,2026-04-01 14:00:00,directtraffic,direct,Campaign_Promo_Brand,/promo-deals/page_10,Mobile,409
TP_003120,CUST_0756,6,SESS_828695,2026-04-10 21:00:00,linkedinads,paidsocial,Campaign_Promo_Summer,/promo-deals/page_10,Desktop,189
TP_003121,CUST_0756,3,SESS_552751,2026-05-11 05:00:00,newsletter,email,Campaign_Promo_Summer,/promo-deals/page_10,Desktop,184
TP_003122,CUST_0756,2,SESS_552751,2026-05-15 05:00:00,facebookads,paidsocial,Campaign_Promo_Summer,/promo-deals/page_7,Mobile,148
TP_003123,CUST_0756,5,SESS_552751,2026-05-11 18:00:00,organicsearch,seo,Campaign_Promo_Summer,/promo-deals/page_5,Mobile,395
TP_003124,CUST_0756,1,SESS_552751,2026-05-17 09:00:00,googleads,paidsearch,Campaign_Promo_Winter,/promo-deals/page_6,Desktop,306
TP_003125,CUST_0757,5,SESS_394026,2026-02-14 22:00:00,organicsearch,seo,Campaign_Promo_Retarget,/promo-deals/page_9,Mobile,437
TP_003126,CUST_0757,1,SESS_882655,2026-03-09 03:00:00,googleads,paidsearch,Campaign_Promo_Retarget,/promo-deals/page_1,Desktop,159
TP_003127,CUST_0757,7,SESS_882655,2026-02-28 02:00:00,affiliatenetwork,referral,Campaign_Promo_Winter,/promo-deals/page_10,Mobile,383
TP_003128,CUST_0757,5,SESS_882655,2026-03-02 02:00:00,organicsearch,seo,Campaign_Promo_Summer,/promo-deals/page_3,Desktop,463
TP_003129,CUST_0759,6,SESS_959822,2026-04-21 09:00:00,linkedinads,paidsocial,Campaign_Promo_Summer,/promo-deals/page_5,Mobile,93
TP_003130,CUST_0759,1,SESS_959822,2026-04-25 16:00:00,googleads,paidsearch,Campaign_Promo_Winter,/promo-deals/page_7,Mobile,506
TP_003131,CUST_0759,5,SESS_959822,2026-04-23 01:00:00,organicsearch,seo,Campaign_Promo_Summer,/promo-deals/page_9,Desktop,302
TP_003132,CUST_0759,7,SESS_959822,2026-05-01 03:00:00,affiliatenetwork,referral,Campaign_Promo_Winter,/promo-deals/page_8,Tablet,481
TP_003133,CUST_0759,5,SESS_959822,2026-04-30 08:00:00,organicsearch,seo,Campaign_Promo_Summer,/promo-deals/page_2,Desktop,235
TP_003134,CUST_0759,2,SESS_791456,2026-04-25 16:00:00,facebookads,paidsocial,Campaign_Promo_Brand,/promo-deals/page_7,Tablet,365
TP_003135,CUST_0759,2,SESS_791456,2026-04-25 21:00:00,facebookads,paidsocial,Campaign_Promo_Retarget,/promo-deals/page_8,Tablet,66
TP_003136,CUST_0759,2,SESS_791456,2026-04-26 13:00:00,facebookads,paidsocial,Campaign_Promo_Retarget,/promo-deals/page_10,Tablet,533
TP_003137,CUST_0759,6,SESS_791456,2026-04-23 07:00:00,linkedinads,paidsocial,Campaign_Promo_Winter,/promo-deals/page_10,Mobile,469
TP_003138,CUST_0759,2,SESS_791456,2026-04-27 06:00:00,facebookads,paidsocial,Campaign_Promo_Brand,/promo-deals/page_9,Desktop,499
TP_003139,CUST_0760,4,SESS_476508,2026-04-30 19:00:00,directtraffic,direct,Campaign_Promo_Brand,/promo-deals/page_6,Desktop,338
TP_003140,CUST_0760,6,SESS_476508,2026-04-19 16:00:00,linkedinads,paidsocial,Campaign_Promo_Brand,/promo-deals/page_5,Mobile,162
TP_003141,CUST_0760,3,SESS_476508,2026-04-20 23:00:00,newsletter,email,Campaign_Promo_Summer,/promo-deals/page_3,Mobile,437
TP_003142,CUST_0761,3,SESS_293713,2026-03-21 04:00:00,newsletter,email,Campaign_Promo_Winter,/promo-deals/page_6,Mobile,415
TP_003143,CUST_0761,3,SESS_293713,2026-03-28 02:00:00,newsletter,email,Campaign_Promo_Brand,/promo-deals/page_8,Mobile,77
TP_003144,CUST_0761,2,SESS_293713,2026-03-19 10:00:00,facebookads,paidsocial,Campaign_Promo_Summer,/promo-deals/page_10,Mobile,103
TP_003145,CUST_0761,4,SESS_293713,2026-03-30 09:00:00,directtraffic,direct,Campaign_Promo_Retarget,/promo-deals/page_3,Mobile,361
TP_003146,CUST_0761,7,SESS_957314,2026-04-03 06:00:00,affiliatenetwork,referral,Campaign_Promo_Brand,/promo-deals/page_10,Mobile,242
TP_003147,CUST_0762,4,SESS_660926,2026-04-23 10:00:00,directtraffic,direct,Campaign_Promo_Retarget,/promo-deals/page_2,Mobile,32
TP_003148,CUST_0762,5,SESS_660926,2026-05-02 17:00:00,organicsearch,seo,Campaign_Promo_Retarget,/promo-deals/page_8,Mobile,167
TP_003149,CUST_0762,7,SESS_660926,2026-04-30 11:00:00,affiliatenetwork,referral,Campaign_Promo_Brand,/promo-deals/page_1,Mobile,167
TP_003150,CUST_0762,3,SESS_660926,2026-05-06 04:00:00,newsletter,email,Campaign_Promo_Retarget,/promo-deals/page_8,Mobile,259
TP_003151,CUST_0762,1,SESS_787179,2026-05-10 15:00:00,googleads,paidsearch,Campaign_Promo_Retarget,/promo-deals/page_8,Desktop,311
TP_003152,CUST_0762,6,SESS_787179,2026-05-20 14:00:00,linkedinads,paidsocial,Campaign_Promo_Summer,/promo-deals/page_7,Tablet,474
TP_003153,CUST_0764,2,SESS_724426,2026-01-07 03:00:00,facebookads,paidsocial,Campaign_Promo_Brand,/promo-deals/page_10,Mobile,210
TP_003154,CUST_0764,4,SESS_724426,2026-01-12 05:00:00,directtraffic,direct,Campaign_Promo_Summer,/promo-deals/page_9,Mobile,567
TP_003155,CUST_0764,1,SESS_368021,2026-02-25 15:00:00,googleads,paidsearch,Campaign_Promo_Winter,/promo-deals/page_8,Desktop,325
TP_003156,CUST_0764,6,SESS_368021,2026-03-04 19:00:00,linkedinads,paidsocial,Campaign_Promo_Retarget,/promo-deals/page_3,Mobile,344
TP_003157,CUST_0764,5,SESS_368021,2026-02-19 21:00:00,organicsearch,seo,Campaign_Promo_Retarget,/promo-deals/page_10,Mobile,83
TP_003158,CUST_0766,1,SESS_325118,2026-01-30 06:00:00,googleads,paidsearch,Campaign_Promo_Winter,/promo-deals/page_3,Mobile,117
TP_003159,CUST_0766,3,SESS_257005,2026-02-09 11:00:00,newsletter,email,Campaign_Promo_Winter,/promo-deals/page_2,Desktop,236
TP_003160,CUST_0766,6,SESS_257005,2026-02-15 11:00:00,linkedinads,paidsocial,Campaign_Promo_Summer,/promo-deals/page_4,Mobile,300
TP_003161,CUST_0766,6,SESS_257005,2026-02-12 00:00:00,linkedinads,paidsocial,Campaign_Promo_Brand,/promo-deals/page_3,Desktop,186
TP_003162,CUST_0766,5,SESS_257005,2026-02-05 02:00:00,organicsearch,seo,Campaign_Promo_Winter,/promo-deals/page_3,Desktop,117
TP_003163,CUST_0766,3,SESS_257005,2026-02-08 11:00:00,newsletter,email,Campaign_Promo_Winter,/promo-deals/page_4,Desktop,199
TP_003164,CUST_0766,2,SESS_315974,2026-03-08 15:00:00,facebookads,paidsocial,Campaign_Promo_Summer,/promo-deals/page_3,Tablet,362
TP_003165,CUST_0766,3,SESS_315974,2026-03-20 23:00:00,newsletter,email,Campaign_Promo_Winter,/promo-deals/page_1,Desktop,212
TP_003166,CUST_0766,5,SESS_315974,2026-03-15 04:00:00,organicsearch,seo,Campaign_Promo_Retarget,/promo-deals/page_4,Mobile,163
TP_003167,CUST_0766,3,SESS_315974,2026-03-15 07:00:00,newsletter,email,Campaign_Promo_Summer,/promo-deals/page_3,Desktop,259
TP_003168,CUST_0766,4,SESS_315974,2026-03-20 09:00:00,directtraffic,direct,Campaign_Promo_Winter,/promo-deals/page_10,Mobile,267
TP_003169,CUST_0768,2,SESS_229138,2026-03-02 16:00:00,facebookads,paidsocial,Campaign_Promo_Summer,/promo-deals/page_7,Tablet,543
TP_003170,CUST_0768,5,SESS_814669,2026-04-20 02:00:00,organicsearch,seo,Campaign_Promo_Brand,/promo-deals/page_9,Mobile,240
TP_003171,CUST_0768,4,SESS_814669,2026-04-11 19:00:00,directtraffic,direct,Campaign_Promo_Brand,/promo-deals/page_6,Mobile,241
TP_003172,CUST_0768,7,SESS_814669,2026-04-09 11:00:00,affiliatenetwork,referral,Campaign_Promo_Winter,/promo-deals/page_6,Mobile,153
TP_003173,CUST_0768,6,SESS_814669,2026-04-08 03:00:00,linkedinads,paidsocial,Campaign_Promo_Brand,/promo-deals/page_9,Mobile,495
TP_003174,CUST_0768,3,SESS_814669,2026-04-13 06:00:00,newsletter,email,Campaign_Promo_Retarget,/promo-deals/page_4,Mobile,47
TP_003175,CUST_0768,1,SESS_384267,2026-05-18 23:00:00,googleads,paidsearch,Campaign_Promo_Winter,/promo-deals/page_5,Mobile,170
TP_003176,CUST_0768,5,SESS_384267,2026-05-25 02:00:00,organicsearch,seo,Campaign_Promo_Retarget,/promo-deals/page_10,Desktop,308
TP_003177,CUST_0768,2,SESS_384267,2026-05-24 18:00:00,facebookads,paidsocial,Campaign_Promo_Summer,/promo-deals/page_1,Mobile,400
TP_003178,CUST_0770,5,SESS_276708,2026-02-02 04:00:00,organicsearch,seo,Campaign_Promo_Winter,/promo-deals/page_3,Mobile,538
TP_003179,CUST_0770,3,SESS_276708,2026-01-23 17:00:00,newsletter,email,Campaign_Promo_Brand,/promo-deals/page_6,Mobile,476
TP_003180,CUST_0770,4,SESS_276708,2026-01-30 03:00:00,directtraffic,direct,Campaign_Promo_Brand,/promo-deals/page_4,Mobile,473
TP_003181,CUST_0771,3,SESS_288011,2026-04-19 18:00:00,newsletter,email,Campaign_Promo_Brand,/promo-deals/page_6,Mobile,70
TP_003182,CUST_0771,4,SESS_288011,2026-04-24 04:00:00,directtraffic,direct,Campaign_Promo_Retarget,/promo-deals/page_9,Tablet,102
TP_003183,CUST_0771,2,SESS_288011,2026-04-30 06:00:00,facebookads,paidsocial,Campaign_Promo_Retarget,/promo-deals/page_6,Desktop,345
TP_003184,CUST_0771,7,SESS_288011,2026-04-24 12:00:00,affiliatenetwork,referral,Campaign_Promo_Retarget,/promo-deals/page_1,Mobile,341
TP_003185,CUST_0771,3,SESS_288011,2026-04-21 23:00:00,newsletter,email,Campaign_Promo_Summer,/promo-deals/page_5,Mobile,215
TP_003186,CUST_0771,6,SESS_844827,2026-05-02 23:00:00,linkedinads,paidsocial,Campaign_Promo_Retarget,/promo-deals/page_7,Desktop,558
TP_003187,CUST_0773,4,SESS_124279,2026-02-19 18:00:00,directtraffic,direct,Campaign_Promo_Winter,/promo-deals/page_3,Desktop,545
TP_003188,CUST_0773,4,SESS_124279,2026-02-21 02:00:00,directtraffic,direct,Campaign_Promo_Winter,/promo-deals/page_6,Mobile,162
TP_003189,CUST_0773,3,SESS_124279,2026-02-11 03:00:00,newsletter,email,Campaign_Promo_Summer,/promo-deals/page_1,Mobile,135
TP_003190,CUST_0773,2,SESS_124279,2026-02-21 05:00:00,facebookads,paidsocial,Campaign_Promo_Retarget,/promo-deals/page_3,Mobile,140
TP_003191,CUST_0773,1,SESS_362915,2026-03-30 14:00:00,googleads,paidsearch,Campaign_Promo_Winter,/promo-deals/page_5,Mobile,304
TP_003192,CUST_0773,5,SESS_362915,2026-03-29 00:00:00,organicsearch,seo,Campaign_Promo_Summer,/promo-deals/page_1,Mobile,412
TP_003193,CUST_0773,3,SESS_362915,2026-03-26 08:00:00,newsletter,email,Campaign_Promo_Brand,/promo-deals/page_10,Mobile,315
TP_003194,CUST_0773,4,SESS_362915,2026-04-03 08:00:00,directtraffic,direct,Campaign_Promo_Winter,/promo-deals/page_1,Desktop,556
TP_003195,CUST_0773,5,SESS_362915,2026-03-29 13:00:00,organicsearch,seo,Campaign_Promo_Retarget,/promo-deals/page_4,Desktop,536
TP_003196,CUST_0775,5,SESS_515399,2026-02-01 03:00:00,organicsearch,seo,Campaign_Promo_Winter,/promo-deals/page_6,Mobile,400
TP_003197,CUST_0776,5,SESS_958275,2026-04-10 16:00:00,organicsearch,seo,Campaign_Promo_Winter,/promo-deals/page_6,Mobile,496
TP_003198,CUST_0776,3,SESS_886389,2026-05-11 17:00:00,newsletter,email,Campaign_Promo_Summer,/promo-deals/page_5,Desktop,308
TP_003199,CUST_0776,2,SESS_886389,2026-05-18 20:00:00,facebookads,paidsocial,Campaign_Promo_Summer,/promo-deals/page_2,Mobile,224
TP_003200,CUST_0776,4,SESS_886389,2026-05-20 03:00:00,directtraffic,direct,Campaign_Promo_Retarget,/promo-deals/page_10,Desktop,457
TP_003201,CUST_0778,4,SESS_348757,2026-05-02 07:00:00,directtraffic,direct,Campaign_Promo_Retarget,/promo-deals/page_8,Mobile,379
TP_003202,CUST_0778,7,SESS_348757,2026-04-28 22:00:00,affiliatenetwork,referral,Campaign_Promo_Winter,/promo-deals/page_7,Mobile,145
TP_003203,CUST_0778,4,SESS_348757,2026-04-27 15:00:00,directtraffic,direct,Campaign_Promo_Summer,/promo-deals/page_7,Desktop,211
TP_003204,CUST_0778,1,SESS_348757,2026-05-02 03:00:00,googleads,paidsearch,Campaign_Promo_Winter,/promo-deals/page_4,Desktop,75
TP_003205,CUST_0778,3,SESS_348757,2026-05-03 03:00:00,newsletter,email,Campaign_Promo_Winter,/promo-deals/page_6,Mobile,73
TP_003206,CUST_0780,5,SESS_929913,2026-01-29 21:00:00,organicsearch,seo,Campaign_Promo_Winter,/promo-deals/page_6,Mobile,192
TP_003207,CUST_0780,1,SESS_929913,2026-02-02 00:00:00,googleads,paidsearch,Campaign_Promo_Summer,/promo-deals/page_9,Tablet,270
TP_003208,CUST_0780,6,SESS_929913,2026-01-22 08:00:00,linkedinads,paidsocial,Campaign_Promo_Winter,/promo-deals/page_6,Desktop,404
TP_003209,CUST_0781,4,SESS_803073,2026-03-22 16:00:00,directtraffic,direct,Campaign_Promo_Winter,/promo-deals/page_7,Mobile,443
TP_003210,CUST_0781,6,SESS_803073,2026-03-13 10:00:00,linkedinads,paidsocial,Campaign_Promo_Retarget,/promo-deals/page_8,Desktop,497
TP_003211,CUST_0781,6,SESS_803073,2026-03-16 10:00:00,linkedinads,paidsocial,Campaign_Promo_Brand,/promo-deals/page_4,Mobile,355
TP_003212,CUST_0781,3,SESS_803073,2026-03-21 05:00:00,newsletter,email,Campaign_Promo_Brand,/promo-deals/page_1,Mobile,339
TP_003213,CUST_0781,7,SESS_803073,2026-03-13 03:00:00,affiliatenetwork,referral,Campaign_Promo_Winter,/promo-deals/page_9,Mobile,121
TP_003214,CUST_0782,1,SESS_741692,2026-03-02 18:00:00,googleads,paidsearch,Campaign_Promo_Retarget,/promo-deals/page_7,Desktop,132
TP_003215,CUST_0782,3,SESS_741692,2026-03-04 16:00:00,newsletter,email,Campaign_Promo_Winter,/promo-deals/page_6,Desktop,256
TP_003216,CUST_0782,4,SESS_741692,2026-03-08 08:00:00,directtraffic,direct,Campaign_Promo_Summer,/promo-deals/page_3,Desktop,255
TP_003217,CUST_0783,7,SESS_664432,2026-03-22 02:00:00,affiliatenetwork,referral,Campaign_Promo_Brand,/promo-deals/page_2,Desktop,428
TP_003218,CUST_0783,3,SESS_942028,2026-05-02 00:00:00,newsletter,email,Campaign_Promo_Summer,/promo-deals/page_4,Desktop,216
TP_003219,CUST_0783,6,SESS_942028,2026-04-28 10:00:00,linkedinads,paidsocial,Campaign_Promo_Retarget,/promo-deals/page_4,Mobile,299
TP_003220,CUST_0783,5,SESS_942028,2026-05-01 02:00:00,organicsearch,seo,Campaign_Promo_Winter,/promo-deals/page_1,Tablet,79
TP_003221,CUST_0783,3,SESS_942028,2026-05-08 15:00:00,newsletter,email,Campaign_Promo_Summer,/promo-deals/page_3,Tablet,577
TP_003222,CUST_0783,1,SESS_942028,2026-05-02 00:00:00,googleads,paidsearch,Campaign_Promo_Brand,/promo-deals/page_8,Mobile,107
TP_003223,CUST_0784,2,SESS_712367,2026-01-28 04:00:00,facebookads,paidsocial,Campaign_Promo_Summer,/promo-deals/page_2,Mobile,366
TP_003224,CUST_0784,6,SESS_712367,2026-01-28 12:00:00,linkedinads,paidsocial,Campaign_Promo_Brand,/promo-deals/page_10,Desktop,85
TP_003225,CUST_0784,1,SESS_712367,2026-01-27 17:00:00,googleads,paidsearch,Campaign_Promo_Brand,/promo-deals/page_6,Mobile,388
TP_003226,CUST_0784,1,SESS_712367,2026-01-18 00:00:00,googleads,paidsearch,Campaign_Promo_Summer,/promo-deals/page_10,Tablet,280
TP_003227,CUST_0784,6,SESS_264565,2026-02-09 15:00:00,linkedinads,paidsocial,Campaign_Promo_Summer,/promo-deals/page_6,Mobile,14
TP_003228,CUST_0784,6,SESS_264565,2026-02-19 18:00:00,linkedinads,paidsocial,Campaign_Promo_Winter,/promo-deals/page_4,Mobile,401
TP_003229,CUST_0784,7,SESS_813592,2026-02-24 09:00:00,affiliatenetwork,referral,Campaign_Promo_Brand,/promo-deals/page_1,Mobile,163
TP_003230,CUST_0784,6,SESS_813592,2026-03-02 19:00:00,linkedinads,paidsocial,Campaign_Promo_Winter,/promo-deals/page_9,Desktop,214
TP_003231,CUST_0784,3,SESS_813592,2026-02-28 18:00:00,newsletter,email,Campaign_Promo_Summer,/promo-deals/page_6,Mobile,135
TP_003232,CUST_0784,2,SESS_813592,2026-02-23 10:00:00,facebookads,paidsocial,Campaign_Promo_Brand,/promo-deals/page_4,Mobile,297
TP_003233,CUST_0785,5,SESS_132100,2026-02-08 04:00:00,organicsearch,seo,Campaign_Promo_Retarget,/promo-deals/page_7,Mobile,503
TP_003234,CUST_0785,7,SESS_132100,2026-02-10 18:00:00,affiliatenetwork,referral,Campaign_Promo_Brand,/promo-deals/page_10,Mobile,274
TP_003235,CUST_0785,3,SESS_132100,2026-01-30 08:00:00,newsletter,email,Campaign_Promo_Winter,/promo-deals/page_7,Mobile,369
TP_003236,CUST_0785,5,SESS_132100,2026-02-01 06:00:00,organicsearch,seo,Campaign_Promo_Summer,/promo-deals/page_3,Desktop,200
TP_003237,CUST_0786,4,SESS_913174,2026-01-29 09:00:00,directtraffic,direct,Campaign_Promo_Summer,/promo-deals/page_9,Mobile,284
TP_003238,CUST_0786,4,SESS_913174,2026-02-10 09:00:00,directtraffic,direct,Campaign_Promo_Retarget,/promo-deals/page_4,Tablet,447
TP_003239,CUST_0786,6,SESS_913174,2026-01-27 11:00:00,linkedinads,paidsocial,Campaign_Promo_Summer,/promo-deals/page_3,Mobile,393
TP_003240,CUST_0786,3,SESS_208387,2026-02-25 17:00:00,newsletter,email,Campaign_Promo_Brand,/promo-deals/page_7,Desktop,224
TP_003241,CUST_0786,5,SESS_208387,2026-03-07 20:00:00,organicsearch,seo,Campaign_Promo_Brand,/promo-deals/page_2,Desktop,493
TP_003242,CUST_0786,7,SESS_208387,2026-03-04 20:00:00,affiliatenetwork,referral,Campaign_Promo_Winter,/promo-deals/page_9,Mobile,458
TP_003243,CUST_0786,4,SESS_208387,2026-02-25 04:00:00,directtraffic,direct,Campaign_Promo_Winter,/promo-deals/page_5,Desktop,269
TP_003244,CUST_0786,5,SESS_271493,2026-03-28 02:00:00,organicsearch,seo,Campaign_Promo_Winter,/promo-deals/page_9,Desktop,384
TP_003245,CUST_0786,7,SESS_271493,2026-03-28 14:00:00,affiliatenetwork,referral,Campaign_Promo_Retarget,/promo-deals/page_8,Tablet,404
TP_003246,CUST_0786,6,SESS_271493,2026-03-27 11:00:00,linkedinads,paidsocial,Campaign_Promo_Brand,/promo-deals/page_7,Mobile,492
TP_003247,CUST_0786,2,SESS_271493,2026-04-06 08:00:00,facebookads,paidsocial,Campaign_Promo_Retarget,/promo-deals/page_2,Desktop,497
TP_003248,CUST_0788,1,SESS_695638,2026-04-11 04:00:00,googleads,paidsearch,Campaign_Promo_Brand,/promo-deals/page_4,Desktop,480
TP_003249,CUST_0789,2,SESS_249115,2026-01-29 00:00:00,facebookads,paidsocial,Campaign_Promo_Retarget,/promo-deals/page_10,Mobile,444
TP_003250,CUST_0789,7,SESS_249115,2026-01-27 07:00:00,affiliatenetwork,referral,Campaign_Promo_Brand,/promo-deals/page_6,Mobile,267
TP_003251,CUST_0789,4,SESS_346342,2026-03-19 09:00:00,directtraffic,direct,Campaign_Promo_Summer,/promo-deals/page_6,Tablet,578
TP_003252,CUST_0789,4,SESS_326186,2026-04-27 17:00:00,directtraffic,direct,Campaign_Promo_Brand,/promo-deals/page_10,Mobile,357
TP_003253,CUST_0791,2,SESS_461042,2026-02-09 08:00:00,facebookads,paidsocial,Campaign_Promo_Winter,/promo-deals/page_9,Mobile,122
TP_003254,CUST_0792,2,SESS_896960,2026-01-23 12:00:00,facebookads,paidsocial,Campaign_Promo_Winter,/promo-deals/page_4,Mobile,206
TP_003255,CUST_0793,6,SESS_375905,2026-03-16 21:00:00,linkedinads,paidsocial,Campaign_Promo_Winter,/promo-deals/page_2,Mobile,238
TP_003256,CUST_0793,3,SESS_375905,2026-03-21 23:00:00,newsletter,email,Campaign_Promo_Summer,/promo-deals/page_2,Mobile,503
TP_003257,CUST_0793,2,SESS_375905,2026-03-11 16:00:00,facebookads,paidsocial,Campaign_Promo_Brand,/promo-deals/page_1,Mobile,102
TP_003258,CUST_0793,5,SESS_375905,2026-03-24 10:00:00,organicsearch,seo,Campaign_Promo_Summer,/promo-deals/page_10,Desktop,249
TP_003259,CUST_0793,7,SESS_375905,2026-03-17 18:00:00,affiliatenetwork,referral,Campaign_Promo_Summer,/promo-deals/page_3,Mobile,112
TP_003260,CUST_0793,1,SESS_783956,2026-03-24 16:00:00,googleads,paidsearch,Campaign_Promo_Summer,/promo-deals/page_8,Mobile,79
TP_003261,CUST_0793,1,SESS_783956,2026-03-28 05:00:00,googleads,paidsearch,Campaign_Promo_Winter,/promo-deals/page_10,Desktop,440
TP_003262,CUST_0793,7,SESS_783956,2026-03-20 04:00:00,affiliatenetwork,referral,Campaign_Promo_Retarget,/promo-deals/page_9,Mobile,489
TP_003263,CUST_0794,6,SESS_579893,2026-04-10 21:00:00,linkedinads,paidsocial,Campaign_Promo_Retarget,/promo-deals/page_9,Desktop,467
TP_003264,CUST_0794,4,SESS_579893,2026-04-08 21:00:00,directtraffic,direct,Campaign_Promo_Winter,/promo-deals/page_2,Tablet,315
TP_003265,CUST_0794,5,SESS_579893,2026-03-31 17:00:00,organicsearch,seo,Campaign_Promo_Summer,/promo-deals/page_2,Mobile,137
TP_003266,CUST_0794,2,SESS_579893,2026-03-31 08:00:00,facebookads,paidsocial,Campaign_Promo_Summer,/promo-deals/page_2,Mobile,82
TP_003267,CUST_0794,2,SESS_579893,2026-04-06 04:00:00,facebookads,paidsocial,Campaign_Promo_Retarget,/promo-deals/page_2,Tablet,43
TP_003268,CUST_0794,5,SESS_525072,2026-05-20 10:00:00,organicsearch,seo,Campaign_Promo_Summer,/promo-deals/page_6,Mobile,457
TP_003269,CUST_0796,7,SESS_680659,2026-01-04 15:00:00,affiliatenetwork,referral,Campaign_Promo_Winter,/promo-deals/page_4,Desktop,551
TP_003270,CUST_0796,1,SESS_680659,2026-01-05 09:00:00,googleads,paidsearch,Campaign_Promo_Summer,/promo-deals/page_1,Tablet,77
TP_003271,CUST_0796,6,SESS_680659,2025-12-31 14:00:00,linkedinads,paidsocial,Campaign_Promo_Retarget,/promo-deals/page_2,Mobile,296
TP_003272,CUST_0796,5,SESS_680659,2025-12-27 09:00:00,organicsearch,seo,Campaign_Promo_Winter,/promo-deals/page_7,Mobile,71
TP_003273,CUST_0796,3,SESS_680659,2026-01-06 13:00:00,newsletter,email,Campaign_Promo_Summer,/promo-deals/page_7,Mobile,438
TP_003274,CUST_0796,6,SESS_607524,2026-02-10 13:00:00,linkedinads,paidsocial,Campaign_Promo_Brand,/promo-deals/page_5,Tablet,128
TP_003275,CUST_0796,7,SESS_607524,2026-02-07 13:00:00,affiliatenetwork,referral,Campaign_Promo_Retarget,/promo-deals/page_5,Desktop,490
TP_003276,CUST_0796,4,SESS_607524,2026-02-13 08:00:00,directtraffic,direct,Campaign_Promo_Summer,/promo-deals/page_10,Desktop,76
TP_003277,CUST_0796,7,SESS_607524,2026-02-09 10:00:00,affiliatenetwork,referral,Campaign_Promo_Retarget,/promo-deals/page_6,Desktop,71
TP_003278,CUST_0796,7,SESS_607524,2026-01-31 02:00:00,affiliatenetwork,referral,Campaign_Promo_Retarget,/promo-deals/page_10,Mobile,555
TP_003279,CUST_0797,7,SESS_810432,2026-03-15 22:00:00,affiliatenetwork,referral,Campaign_Promo_Retarget,/promo-deals/page_1,Mobile,291
TP_003280,CUST_0797,2,SESS_810432,2026-03-09 23:00:00,facebookads,paidsocial,Campaign_Promo_Winter,/promo-deals/page_10,Desktop,193
TP_003281,CUST_0797,5,SESS_810432,2026-03-08 16:00:00,organicsearch,seo,Campaign_Promo_Winter,/promo-deals/page_4,Mobile,177
TP_003282,CUST_0799,3,SESS_356102,2026-04-30 07:00:00,newsletter,email,Campaign_Promo_Retarget,/promo-deals/page_6,Desktop,554
TP_003283,CUST_0799,5,SESS_356102,2026-04-20 14:00:00,organicsearch,seo,Campaign_Promo_Retarget,/promo-deals/page_10,Mobile,172
TP_003284,CUST_0799,3,SESS_356102,2026-04-28 02:00:00,newsletter,email,Campaign_Promo_Summer,/promo-deals/page_2,Desktop,511
TP_003285,CUST_0800,2,SESS_250087,2026-01-12 23:00:00,facebookads,paidsocial,Campaign_Promo_Winter,/promo-deals/page_9,Tablet,125
TP_003286,CUST_0800,7,SESS_250087,2026-01-13 07:00:00,affiliatenetwork,referral,Campaign_Promo_Brand,/promo-deals/page_10,Mobile,441
TP_003287,CUST_0800,5,SESS_250087,2026-01-17 16:00:00,organicsearch,seo,Campaign_Promo_Winter,/promo-deals/page_8,Mobile,369
TP_003288,CUST_0800,3,SESS_250087,2026-01-18 09:00:00,newsletter,email,Campaign_Promo_Summer,/promo-deals/page_8,Mobile,280
TP_003289,CUST_0801,5,SESS_546183,2026-04-19 20:00:00,organicsearch,seo,Campaign_Promo_Winter,/promo-deals/page_1,Mobile,380
TP_003290,CUST_0801,1,SESS_546183,2026-04-13 01:00:00,googleads,paidsearch,Campaign_Promo_Winter,/promo-deals/page_1,Desktop,104
TP_003291,CUST_0801,4,SESS_492662,2026-04-12 00:00:00,directtraffic,direct,Campaign_Promo_Retarget,/promo-deals/page_3,Desktop,434
TP_003292,CUST_0801,1,SESS_492662,2026-04-15 00:00:00,googleads,paidsearch,Campaign_Promo_Retarget,/promo-deals/page_5,Mobile,206
TP_003293,CUST_0801,3,SESS_492662,2026-04-23 06:00:00,newsletter,email,Campaign_Promo_Retarget,/promo-deals/page_5,Tablet,516
TP_003294,CUST_0801,7,SESS_492662,2026-04-14 01:00:00,affiliatenetwork,referral,Campaign_Promo_Summer,/promo-deals/page_7,Mobile,341
TP_003295,CUST_0801,4,SESS_492662,2026-04-15 16:00:00,directtraffic,direct,Campaign_Promo_Winter,/promo-deals/page_10,Mobile,26
TP_003296,CUST_0802,2,SESS_955183,2026-01-29 20:00:00,facebookads,paidsocial,Campaign_Promo_Summer,/promo-deals/page_9,Mobile,107
TP_003297,CUST_0802,4,SESS_955183,2026-01-27 10:00:00,directtraffic,direct,Campaign_Promo_Brand,/promo-deals/page_5,Mobile,457
TP_003298,CUST_0802,7,SESS_511657,2026-03-10 13:00:00,affiliatenetwork,referral,Campaign_Promo_Summer,/promo-deals/page_2,Desktop,599
TP_003299,CUST_0802,2,SESS_511657,2026-03-17 06:00:00,facebookads,paidsocial,Campaign_Promo_Retarget,/promo-deals/page_8,Desktop,316
TP_003300,CUST_0802,4,SESS_511657,2026-03-05 16:00:00,directtraffic,direct,Campaign_Promo_Winter,/promo-deals/page_1,Mobile,524
TP_003301,CUST_0802,2,SESS_444811,2026-04-14 18:00:00,facebookads,paidsocial,Campaign_Promo_Retarget,/promo-deals/page_4,Mobile,570
TP_003302,CUST_0802,3,SESS_444811,2026-04-06 21:00:00,newsletter,email,Campaign_Promo_Winter,/promo-deals/page_1,Mobile,347
TP_003303,CUST_0802,1,SESS_444811,2026-04-17 05:00:00,googleads,paidsearch,Campaign_Promo_Winter,/promo-deals/page_10,Desktop,560
TP_003304,CUST_0802,4,SESS_444811,2026-04-06 20:00:00,directtraffic,direct,Campaign_Promo_Summer,/promo-deals/page_8,Mobile,70
TP_003305,CUST_0803,5,SESS_932514,2026-03-21 20:00:00,organicsearch,seo,Campaign_Promo_Summer,/promo-deals/page_1,Mobile,309
TP_003306,CUST_0803,2,SESS_932514,2026-03-26 21:00:00,facebookads,paidsocial,Campaign_Promo_Summer,/promo-deals/page_2,Desktop,319
TP_003307,CUST_0803,5,SESS_932514,2026-03-24 01:00:00,organicsearch,seo,Campaign_Promo_Brand,/promo-deals/page_5,Mobile,445
TP_003308,CUST_0803,1,SESS_932514,2026-03-25 23:00:00,googleads,paidsearch,Campaign_Promo_Retarget,/promo-deals/page_7,Mobile,513
TP_003309,CUST_0803,2,SESS_257366,2026-04-29 08:00:00,facebookads,paidsocial,Campaign_Promo_Retarget,/promo-deals/page_4,Mobile,521
TP_003310,CUST_0804,7,SESS_752714,2026-04-05 08:00:00,affiliatenetwork,referral,Campaign_Promo_Winter,/promo-deals/page_3,Desktop,187
TP_003311,CUST_0804,3,SESS_752714,2026-03-30 04:00:00,newsletter,email,Campaign_Promo_Winter,/promo-deals/page_1,Mobile,395
TP_003312,CUST_0804,5,SESS_752714,2026-03-27 05:00:00,organicsearch,seo,Campaign_Promo_Summer,/promo-deals/page_7,Mobile,437
TP_003313,CUST_0804,1,SESS_752714,2026-03-30 21:00:00,googleads,paidsearch,Campaign_Promo_Retarget,/promo-deals/page_7,Mobile,321
TP_003314,CUST_0804,5,SESS_443605,2026-04-04 10:00:00,organicsearch,seo,Campaign_Promo_Retarget,/promo-deals/page_3,Desktop,582
TP_003315,CUST_0804,7,SESS_443605,2026-04-03 03:00:00,affiliatenetwork,referral,Campaign_Promo_Brand,/promo-deals/page_1,Mobile,354
TP_003316,CUST_0804,5,SESS_443605,2026-04-01 03:00:00,organicsearch,seo,Campaign_Promo_Winter,/promo-deals/page_1,Desktop,456
TP_003317,CUST_0804,1,SESS_443605,2026-04-01 21:00:00,googleads,paidsearch,Campaign_Promo_Summer,/promo-deals/page_7,Mobile,506
TP_003318,CUST_0804,7,SESS_443605,2026-04-04 08:00:00,affiliatenetwork,referral,Campaign_Promo_Retarget,/promo-deals/page_3,Desktop,30
TP_003319,CUST_0805,7,SESS_859582,2026-02-15 07:00:00,affiliatenetwork,referral,Campaign_Promo_Winter,/promo-deals/page_2,Mobile,18
TP_003320,CUST_0805,7,SESS_422826,2026-04-18 19:00:00,affiliatenetwork,referral,Campaign_Promo_Summer,/promo-deals/page_5,Tablet,334
TP_003321,CUST_0805,5,SESS_422826,2026-04-06 07:00:00,organicsearch,seo,Campaign_Promo_Brand,/promo-deals/page_6,Mobile,473
TP_003322,CUST_0805,2,SESS_422826,2026-04-16 14:00:00,facebookads,paidsocial,Campaign_Promo_Winter,/promo-deals/page_2,Tablet,107
TP_003323,CUST_0805,3,SESS_422826,2026-04-07 13:00:00,newsletter,email,Campaign_Promo_Winter,/promo-deals/page_5,Mobile,164
TP_003324,CUST_0805,6,SESS_422826,2026-04-14 05:00:00,linkedinads,paidsocial,Campaign_Promo_Winter,/promo-deals/page_10,Desktop,65
TP_003325,CUST_0807,1,SESS_457635,2026-02-28 02:00:00,googleads,paidsearch,Campaign_Promo_Retarget,/promo-deals/page_8,Mobile,275
TP_003326,CUST_0807,4,SESS_457635,2026-03-02 23:00:00,directtraffic,direct,Campaign_Promo_Summer,/promo-deals/page_8,Desktop,207
TP_003327,CUST_0807,7,SESS_457635,2026-02-26 07:00:00,affiliatenetwork,referral,Campaign_Promo_Summer,/promo-deals/page_10,Desktop,86
TP_003328,CUST_0807,6,SESS_510675,2026-04-30 06:00:00,linkedinads,paidsocial,Campaign_Promo_Retarget,/promo-deals/page_4,Mobile,222
TP_003329,CUST_0807,6,SESS_510675,2026-04-25 16:00:00,linkedinads,paidsocial,Campaign_Promo_Retarget,/promo-deals/page_10,Mobile,465
TP_003330,CUST_0807,7,SESS_510675,2026-05-06 04:00:00,affiliatenetwork,referral,Campaign_Promo_Retarget,/promo-deals/page_1,Mobile,560
TP_003331,CUST_0808,7,SESS_579401,2025-12-27 10:00:00,affiliatenetwork,referral,Campaign_Promo_Summer,/promo-deals/page_9,Desktop,578
TP_003332,CUST_0808,5,SESS_579401,2025-12-28 11:00:00,organicsearch,seo,Campaign_Promo_Summer,/promo-deals/page_3,Mobile,399
TP_003333,CUST_0808,4,SESS_167126,2026-02-06 08:00:00,directtraffic,direct,Campaign_Promo_Brand,/promo-deals/page_8,Desktop,598
TP_003334,CUST_0808,1,SESS_167126,2026-02-07 10:00:00,googleads,paidsearch,Campaign_Promo_Summer,/promo-deals/page_6,Desktop,300
TP_003335,CUST_0808,1,SESS_167126,2026-02-09 21:00:00,googleads,paidsearch,Campaign_Promo_Retarget,/promo-deals/page_6,Mobile,384
TP_003336,CUST_0809,6,SESS_641101,2026-04-12 19:00:00,linkedinads,paidsocial,Campaign_Promo_Brand,/promo-deals/page_9,Desktop,487
TP_003337,CUST_0809,7,SESS_641101,2026-04-16 05:00:00,affiliatenetwork,referral,Campaign_Promo_Retarget,/promo-deals/page_6,Desktop,88
TP_003338,CUST_0809,3,SESS_641101,2026-04-18 20:00:00,newsletter,email,Campaign_Promo_Winter,/promo-deals/page_10,Tablet,498
TP_003339,CUST_0809,2,SESS_738246,2026-05-16 04:00:00,facebookads,paidsocial,Campaign_Promo_Retarget,/promo-deals/page_7,Mobile,501
TP_003340,CUST_0809,6,SESS_738246,2026-05-13 14:00:00,linkedinads,paidsocial,Campaign_Promo_Summer,/promo-deals/page_7,Desktop,392
TP_003341,CUST_0809,1,SESS_738246,2026-05-15 12:00:00,googleads,paidsearch,Campaign_Promo_Retarget,/promo-deals/page_8,Mobile,163
TP_003342,CUST_0809,7,SESS_738246,2026-05-18 09:00:00,affiliatenetwork,referral,Campaign_Promo_Winter,/promo-deals/page_1,Desktop,585
TP_003343,CUST_0809,6,SESS_738246,2026-05-16 04:00:00,linkedinads,paidsocial,Campaign_Promo_Brand,/promo-deals/page_8,Mobile,529
TP_003344,CUST_0810,2,SESS_323163,2026-04-25 11:00:00,facebookads,paidsocial,Campaign_Promo_Retarget,/promo-deals/page_1,Tablet,450
TP_003345,CUST_0810,7,SESS_618465,2026-04-22 00:00:00,affiliatenetwork,referral,Campaign_Promo_Retarget,/promo-deals/page_8,Mobile,88
TP_003346,CUST_0810,7,SESS_618465,2026-04-23 12:00:00,affiliatenetwork,referral,Campaign_Promo_Brand,/promo-deals/page_3,Tablet,384
TP_003347,CUST_0810,5,SESS_618465,2026-04-22 06:00:00,organicsearch,seo,Campaign_Promo_Winter,/promo-deals/page_9,Desktop,415
TP_003348,CUST_0811,4,SESS_524064,2026-03-03 15:00:00,directtraffic,direct,Campaign_Promo_Retarget,/promo-deals/page_9,Mobile,126
TP_003349,CUST_0811,5,SESS_774203,2026-04-29 15:00:00,organicsearch,seo,Campaign_Promo_Summer,/promo-deals/page_5,Desktop,315
TP_003350,CUST_0811,1,SESS_774203,2026-04-22 15:00:00,googleads,paidsearch,Campaign_Promo_Brand,/promo-deals/page_6,Desktop,305
TP_003351,CUST_0811,5,SESS_275598,2026-05-20 22:00:00,organicsearch,seo,Campaign_Promo_Brand,/promo-deals/page_6,Desktop,167
TP_003352,CUST_0811,5,SESS_275598,2026-05-25 06:00:00,organicsearch,seo,Campaign_Promo_Brand,/promo-deals/page_8,Tablet,69
TP_003353,CUST_0811,5,SESS_275598,2026-05-21 07:00:00,organicsearch,seo,Campaign_Promo_Summer,/promo-deals/page_5,Mobile,232
TP_003354,CUST_0811,4,SESS_275598,2026-05-25 23:00:00,directtraffic,direct,Campaign_Promo_Brand,/promo-deals/page_1,Mobile,195
TP_003355,CUST_0813,2,SESS_732472,2026-01-03 10:00:00,facebookads,paidsocial,Campaign_Promo_Brand,/promo-deals/page_5,Desktop,499
TP_003356,CUST_0813,5,SESS_244446,2026-03-02 08:00:00,organicsearch,seo,Campaign_Promo_Brand,/promo-deals/page_7,Desktop,546
TP_003357,CUST_0813,1,SESS_244446,2026-03-03 18:00:00,googleads,paidsearch,Campaign_Promo_Summer,/promo-deals/page_8,Mobile,70
TP_003358,CUST_0813,4,SESS_244446,2026-03-07 22:00:00,directtraffic,direct,Campaign_Promo_Brand,/promo-deals/page_5,Desktop,180
TP_003359,CUST_0813,2,SESS_403211,2026-04-17 22:00:00,facebookads,paidsocial,Campaign_Promo_Retarget,/promo-deals/page_8,Mobile,427
TP_003360,CUST_0813,1,SESS_403211,2026-04-10 22:00:00,googleads,paidsearch,Campaign_Promo_Summer,/promo-deals/page_3,Desktop,411
TP_003361,CUST_0813,7,SESS_403211,2026-04-12 08:00:00,affiliatenetwork,referral,Campaign_Promo_Winter,/promo-deals/page_7,Desktop,202
TP_003362,CUST_0813,6,SESS_403211,2026-04-14 04:00:00,linkedinads,paidsocial,Campaign_Promo_Brand,/promo-deals/page_4,Tablet,377
TP_003363,CUST_0814,6,SESS_833874,2026-03-28 03:00:00,linkedinads,paidsocial,Campaign_Promo_Winter,/promo-deals/page_6,Desktop,208
TP_003364,CUST_0814,4,SESS_833874,2026-03-22 22:00:00,directtraffic,direct,Campaign_Promo_Summer,/promo-deals/page_4,Desktop,545
TP_003365,CUST_0815,3,SESS_706013,2026-02-05 09:00:00,newsletter,email,Campaign_Promo_Brand,/promo-deals/page_7,Mobile,432
TP_003366,CUST_0815,6,SESS_706013,2026-01-27 04:00:00,linkedinads,paidsocial,Campaign_Promo_Winter,/promo-deals/page_2,Tablet,538
TP_003367,CUST_0815,2,SESS_706013,2026-02-07 12:00:00,facebookads,paidsocial,Campaign_Promo_Summer,/promo-deals/page_2,Desktop,13
TP_003368,CUST_0818,7,SESS_143914,2026-04-15 03:00:00,affiliatenetwork,referral,Campaign_Promo_Winter,/promo-deals/page_7,Mobile,265
TP_003369,CUST_0818,3,SESS_143914,2026-04-08 07:00:00,newsletter,email,Campaign_Promo_Summer,/promo-deals/page_3,Desktop,168
TP_003370,CUST_0818,5,SESS_143914,2026-04-03 21:00:00,organicsearch,seo,Campaign_Promo_Retarget,/promo-deals/page_5,Mobile,198
TP_003371,CUST_0818,1,SESS_143914,2026-04-08 01:00:00,googleads,paidsearch,Campaign_Promo_Brand,/promo-deals/page_7,Mobile,424
TP_003372,CUST_0818,7,SESS_848955,2026-05-04 12:00:00,affiliatenetwork,referral,Campaign_Promo_Retarget,/promo-deals/page_6,Desktop,343
TP_003373,CUST_0818,4,SESS_848955,2026-04-26 15:00:00,directtraffic,direct,Campaign_Promo_Winter,/promo-deals/page_7,Desktop,82
TP_003374,CUST_0822,3,SESS_300936,2026-01-15 19:00:00,newsletter,email,Campaign_Promo_Summer,/promo-deals/page_6,Mobile,569
TP_003375,CUST_0822,5,SESS_478123,2026-03-03 20:00:00,organicsearch,seo,Campaign_Promo_Summer,/promo-deals/page_5,Mobile,124
TP_003376,CUST_0822,1,SESS_478123,2026-03-07 12:00:00,googleads,paidsearch,Campaign_Promo_Retarget,/promo-deals/page_3,Mobile,142
TP_003377,CUST_0822,1,SESS_478123,2026-03-06 04:00:00,googleads,paidsearch,Campaign_Promo_Winter,/promo-deals/page_7,Mobile,475
TP_003378,CUST_0822,2,SESS_478123,2026-03-06 13:00:00,facebookads,paidsocial,Campaign_Promo_Brand,/promo-deals/page_2,Mobile,554
TP_003379,CUST_0823,5,SESS_902212,2026-03-08 03:00:00,organicsearch,seo,Campaign_Promo_Summer,/promo-deals/page_10,Tablet,539
TP_003380,CUST_0823,5,SESS_484863,2026-03-11 17:00:00,organicsearch,seo,Campaign_Promo_Winter,/promo-deals/page_8,Desktop,264
TP_003381,CUST_0823,5,SESS_484863,2026-03-16 14:00:00,organicsearch,seo,Campaign_Promo_Winter,/promo-deals/page_8,Mobile,575
TP_003382,CUST_0823,7,SESS_484863,2026-03-12 18:00:00,affiliatenetwork,referral,Campaign_Promo_Brand,/promo-deals/page_10,Desktop,190
TP_003383,CUST_0823,1,SESS_484863,2026-03-16 17:00:00,googleads,paidsearch,Campaign_Promo_Summer,/promo-deals/page_4,Desktop,327
TP_003384,CUST_0823,7,SESS_639039,2026-04-12 00:00:00,affiliatenetwork,referral,Campaign_Promo_Brand,/promo-deals/page_8,Mobile,38
TP_003385,CUST_0823,4,SESS_639039,2026-04-05 18:00:00,directtraffic,direct,Campaign_Promo_Brand,/promo-deals/page_9,Mobile,49
TP_003386,CUST_0824,1,SESS_803670,2026-04-13 12:00:00,googleads,paidsearch,Campaign_Promo_Summer,/promo-deals/page_4,Mobile,254
TP_003387,CUST_0824,3,SESS_803670,2026-04-10 15:00:00,newsletter,email,Campaign_Promo_Brand,/promo-deals/page_1,Desktop,336
TP_003388,CUST_0824,1,SESS_803670,2026-04-18 07:00:00,googleads,paidsearch,Campaign_Promo_Winter,/promo-deals/page_4,Mobile,258
TP_003389,CUST_0825,1,SESS_772500,2026-04-15 16:00:00,googleads,paidsearch,Campaign_Promo_Brand,/promo-deals/page_9,Mobile,413
TP_003390,CUST_0825,3,SESS_772500,2026-04-17 10:00:00,newsletter,email,Campaign_Promo_Winter,/promo-deals/page_4,Tablet,207
TP_003391,CUST_0825,6,SESS_772500,2026-04-16 19:00:00,linkedinads,paidsocial,Campaign_Promo_Retarget,/promo-deals/page_10,Mobile,482
TP_003392,CUST_0826,3,SESS_203475,2026-04-11 11:00:00,newsletter,email,Campaign_Promo_Winter,/promo-deals/page_10,Desktop,595
TP_003393,CUST_0827,3,SESS_732084,2026-01-27 15:00:00,newsletter,email,Campaign_Promo_Brand,/promo-deals/page_5,Desktop,175
TP_003394,CUST_0827,4,SESS_482929,2026-02-23 22:00:00,directtraffic,direct,Campaign_Promo_Retarget,/promo-deals/page_7,Desktop,101
TP_003395,CUST_0827,1,SESS_482929,2026-02-24 10:00:00,googleads,paidsearch,Campaign_Promo_Winter,/promo-deals/page_2,Mobile,163
TP_003396,CUST_0828,5,SESS_474984,2026-04-10 19:00:00,organicsearch,seo,Campaign_Promo_Brand,/promo-deals/page_6,Mobile,184
TP_003397,CUST_0828,3,SESS_474984,2026-04-11 04:00:00,newsletter,email,Campaign_Promo_Retarget,/promo-deals/page_4,Mobile,66
TP_003398,CUST_0828,5,SESS_647525,2026-05-02 23:00:00,organicsearch,seo,Campaign_Promo_Summer,/promo-deals/page_5,Desktop,523
TP_003399,CUST_0828,3,SESS_647525,2026-05-01 15:00:00,newsletter,email,Campaign_Promo_Retarget,/promo-deals/page_1,Mobile,262
TP_003400,CUST_0829,5,SESS_570992,2026-02-26 01:00:00,organicsearch,seo,Campaign_Promo_Brand,/promo-deals/page_7,Tablet,15
TP_003401,CUST_0830,5,SESS_639752,2026-02-09 02:00:00,organicsearch,seo,Campaign_Promo_Brand,/promo-deals/page_1,Desktop,89
TP_003402,CUST_0830,3,SESS_639752,2026-02-15 12:00:00,newsletter,email,Campaign_Promo_Brand,/promo-deals/page_3,Mobile,519
TP_003403,CUST_0830,7,SESS_639752,2026-02-19 01:00:00,affiliatenetwork,referral,Campaign_Promo_Brand,/promo-deals/page_5,Mobile,116
TP_003404,CUST_0830,2,SESS_639752,2026-02-15 16:00:00,facebookads,paidsocial,Campaign_Promo_Brand,/promo-deals/page_2,Mobile,36
TP_003405,CUST_0832,1,SESS_655176,2026-02-08 15:00:00,googleads,paidsearch,Campaign_Promo_Brand,/promo-deals/page_7,Desktop,318
TP_003406,CUST_0832,1,SESS_655176,2026-02-10 09:00:00,googleads,paidsearch,Campaign_Promo_Winter,/promo-deals/page_7,Mobile,56
TP_003407,CUST_0832,2,SESS_519245,2026-03-09 09:00:00,facebookads,paidsocial,Campaign_Promo_Summer,/promo-deals/page_4,Mobile,29
TP_003408,CUST_0832,6,SESS_519245,2026-03-20 21:00:00,linkedinads,paidsocial,Campaign_Promo_Brand,/promo-deals/page_5,Desktop,431
TP_003409,CUST_0832,1,SESS_519245,2026-03-10 11:00:00,googleads,paidsearch,Campaign_Promo_Brand,/promo-deals/page_2,Mobile,354
TP_003410,CUST_0832,3,SESS_519245,2026-03-09 10:00:00,newsletter,email,Campaign_Promo_Retarget,/promo-deals/page_4,Desktop,472
TP_003411,CUST_0832,4,SESS_519245,2026-03-19 18:00:00,directtraffic,direct,Campaign_Promo_Summer,/promo-deals/page_10,Tablet,533
TP_003412,CUST_0833,7,SESS_825914,2026-04-18 09:00:00,affiliatenetwork,referral,Campaign_Promo_Brand,/promo-deals/page_7,Mobile,127
TP_003413,CUST_0833,7,SESS_825914,2026-04-06 08:00:00,affiliatenetwork,referral,Campaign_Promo_Retarget,/promo-deals/page_6,Mobile,441
TP_003414,CUST_0834,6,SESS_839089,2026-01-11 17:00:00,linkedinads,paidsocial,Campaign_Promo_Winter,/promo-deals/page_9,Mobile,94
TP_003415,CUST_0834,3,SESS_839089,2026-01-14 10:00:00,newsletter,email,Campaign_Promo_Winter,/promo-deals/page_7,Desktop,71
TP_003416,CUST_0835,7,SESS_264228,2026-03-03 23:00:00,affiliatenetwork,referral,Campaign_Promo_Brand,/promo-deals/page_1,Mobile,14
TP_003417,CUST_0835,7,SESS_264228,2026-03-03 09:00:00,affiliatenetwork,referral,Campaign_Promo_Summer,/promo-deals/page_2,Mobile,364
TP_003418,CUST_0835,3,SESS_247787,2026-04-28 17:00:00,newsletter,email,Campaign_Promo_Winter,/promo-deals/page_10,Mobile,198
TP_003419,CUST_0835,2,SESS_247787,2026-05-02 13:00:00,facebookads,paidsocial,Campaign_Promo_Brand,/promo-deals/page_3,Mobile,303
TP_003420,CUST_0836,2,SESS_488567,2026-01-30 04:00:00,facebookads,paidsocial,Campaign_Promo_Retarget,/promo-deals/page_2,Mobile,139
TP_003421,CUST_0836,7,SESS_488567,2026-01-28 06:00:00,affiliatenetwork,referral,Campaign_Promo_Winter,/promo-deals/page_2,Desktop,486
TP_003422,CUST_0836,2,SESS_256652,2026-03-02 04:00:00,facebookads,paidsocial,Campaign_Promo_Winter,/promo-deals/page_5,Desktop,223
TP_003423,CUST_0836,7,SESS_572018,2026-03-27 09:00:00,affiliatenetwork,referral,Campaign_Promo_Winter,/promo-deals/page_1,Mobile,20
TP_003424,CUST_0836,1,SESS_572018,2026-03-30 03:00:00,googleads,paidsearch,Campaign_Promo_Summer,/promo-deals/page_2,Mobile,81
TP_003425,CUST_0836,5,SESS_572018,2026-04-03 17:00:00,organicsearch,seo,Campaign_Promo_Winter,/promo-deals/page_7,Mobile,303
TP_003426,CUST_0837,3,SESS_587004,2026-03-02 07:00:00,newsletter,email,Campaign_Promo_Brand,/promo-deals/page_8,Desktop,20
TP_003427,CUST_0837,2,SESS_587004,2026-02-26 12:00:00,facebookads,paidsocial,Campaign_Promo_Brand,/promo-deals/page_5,Tablet,312
TP_003428,CUST_0837,5,SESS_587004,2026-02-21 16:00:00,organicsearch,seo,Campaign_Promo_Retarget,/promo-deals/page_10,Mobile,522
TP_003429,CUST_0837,6,SESS_587004,2026-03-01 21:00:00,linkedinads,paidsocial,Campaign_Promo_Retarget,/promo-deals/page_4,Desktop,110
TP_003430,CUST_0837,6,SESS_587004,2026-02-21 16:00:00,linkedinads,paidsocial,Campaign_Promo_Retarget,/promo-deals/page_8,Mobile,485
TP_003431,CUST_0837,7,SESS_360188,2026-04-27 23:00:00,affiliatenetwork,referral,Campaign_Promo_Summer,/promo-deals/page_10,Mobile,46
TP_003432,CUST_0837,4,SESS_360188,2026-04-28 05:00:00,directtraffic,direct,Campaign_Promo_Brand,/promo-deals/page_5,Tablet,438
TP_003433,CUST_0837,6,SESS_360188,2026-04-27 21:00:00,linkedinads,paidsocial,Campaign_Promo_Retarget,/promo-deals/page_8,Mobile,225
TP_003434,CUST_0837,3,SESS_360188,2026-05-02 16:00:00,newsletter,email,Campaign_Promo_Winter,/promo-deals/page_8,Mobile,584
TP_003435,CUST_0837,2,SESS_360188,2026-05-08 12:00:00,facebookads,paidsocial,Campaign_Promo_Summer,/promo-deals/page_6,Mobile,333
TP_003436,CUST_0838,3,SESS_913439,2026-04-24 23:00:00,newsletter,email,Campaign_Promo_Winter,/promo-deals/page_9,Tablet,66
TP_003437,CUST_0838,2,SESS_913439,2026-04-11 08:00:00,facebookads,paidsocial,Campaign_Promo_Brand,/promo-deals/page_6,Mobile,289
TP_003438,CUST_0838,7,SESS_913439,2026-04-19 10:00:00,affiliatenetwork,referral,Campaign_Promo_Retarget,/promo-deals/page_1,Mobile,377
TP_003439,CUST_0838,1,SESS_913439,2026-04-18 20:00:00,googleads,paidsearch,Campaign_Promo_Winter,/promo-deals/page_1,Desktop,187
TP_003440,CUST_0838,6,SESS_129824,2026-05-08 09:00:00,linkedinads,paidsocial,Campaign_Promo_Retarget,/promo-deals/page_2,Mobile,263
TP_003441,CUST_0838,4,SESS_129824,2026-05-08 22:00:00,directtraffic,direct,Campaign_Promo_Retarget,/promo-deals/page_1,Mobile,550
TP_003442,CUST_0838,1,SESS_129824,2026-05-14 00:00:00,googleads,paidsearch,Campaign_Promo_Brand,/promo-deals/page_2,Mobile,494
TP_003443,CUST_0838,5,SESS_129824,2026-05-12 23:00:00,organicsearch,seo,Campaign_Promo_Winter,/promo-deals/page_4,Mobile,534
TP_003444,CUST_0839,2,SESS_539139,2026-04-29 05:00:00,facebookads,paidsocial,Campaign_Promo_Brand,/promo-deals/page_1,Mobile,209
TP_003445,CUST_0842,7,SESS_658175,2026-03-04 02:00:00,affiliatenetwork,referral,Campaign_Promo_Summer,/promo-deals/page_1,Mobile,556
TP_003446,CUST_0842,2,SESS_658175,2026-03-01 17:00:00,facebookads,paidsocial,Campaign_Promo_Winter,/promo-deals/page_8,Mobile,483
TP_003447,CUST_0842,1,SESS_658175,2026-03-08 01:00:00,googleads,paidsearch,Campaign_Promo_Summer,/promo-deals/page_4,Tablet,418
TP_003448,CUST_0842,3,SESS_658175,2026-03-03 16:00:00,newsletter,email,Campaign_Promo_Winter,/promo-deals/page_1,Mobile,349
TP_003449,CUST_0842,7,SESS_658175,2026-02-27 19:00:00,affiliatenetwork,referral,Campaign_Promo_Retarget,/promo-deals/page_4,Desktop,334
TP_003450,CUST_0842,7,SESS_439842,2026-04-09 16:00:00,affiliatenetwork,referral,Campaign_Promo_Brand,/promo-deals/page_1,Tablet,279
TP_003451,CUST_0842,6,SESS_439842,2026-04-18 05:00:00,linkedinads,paidsocial,Campaign_Promo_Retarget,/promo-deals/page_1,Tablet,496
TP_003452,CUST_0843,2,SESS_649823,2026-02-21 08:00:00,facebookads,paidsocial,Campaign_Promo_Brand,/promo-deals/page_6,Mobile,64
TP_003453,CUST_0843,4,SESS_297742,2026-03-02 23:00:00,directtraffic,direct,Campaign_Promo_Summer,/promo-deals/page_2,Mobile,497
TP_003454,CUST_0843,5,SESS_297742,2026-03-08 23:00:00,organicsearch,seo,Campaign_Promo_Winter,/promo-deals/page_1,Desktop,209
TP_003455,CUST_0843,2,SESS_297742,2026-02-28 08:00:00,facebookads,paidsocial,Campaign_Promo_Winter,/promo-deals/page_5,Mobile,173
TP_003456,CUST_0843,1,SESS_297742,2026-03-06 02:00:00,googleads,paidsearch,Campaign_Promo_Brand,/promo-deals/page_3,Mobile,183
TP_003457,CUST_0843,5,SESS_610011,2026-04-18 00:00:00,organicsearch,seo,Campaign_Promo_Brand,/promo-deals/page_10,Mobile,161
TP_003458,CUST_0843,6,SESS_610011,2026-04-13 20:00:00,linkedinads,paidsocial,Campaign_Promo_Summer,/promo-deals/page_9,Desktop,377
TP_003459,CUST_0843,3,SESS_610011,2026-04-14 14:00:00,newsletter,email,Campaign_Promo_Retarget,/promo-deals/page_4,Tablet,202
TP_003460,CUST_0843,3,SESS_610011,2026-04-12 10:00:00,newsletter,email,Campaign_Promo_Retarget,/promo-deals/page_7,Mobile,289
TP_003461,CUST_0844,4,SESS_829130,2026-04-11 00:00:00,directtraffic,direct,Campaign_Promo_Winter,/promo-deals/page_4,Mobile,309
TP_003462,CUST_0844,3,SESS_829130,2026-04-17 05:00:00,newsletter,email,Campaign_Promo_Winter,/promo-deals/page_5,Mobile,292
TP_003463,CUST_0844,7,SESS_829130,2026-04-15 20:00:00,affiliatenetwork,referral,Campaign_Promo_Winter,/promo-deals/page_7,Tablet,396
TP_003464,CUST_0844,2,SESS_829130,2026-04-12 09:00:00,facebookads,paidsocial,Campaign_Promo_Retarget,/promo-deals/page_10,Mobile,454
TP_003465,CUST_0845,1,SESS_690437,2026-03-11 23:00:00,googleads,paidsearch,Campaign_Promo_Brand,/promo-deals/page_6,Mobile,415
TP_003466,CUST_0845,7,SESS_780555,2026-05-09 06:00:00,affiliatenetwork,referral,Campaign_Promo_Winter,/promo-deals/page_1,Desktop,311
TP_003467,CUST_0845,6,SESS_780555,2026-05-08 09:00:00,linkedinads,paidsocial,Campaign_Promo_Summer,/promo-deals/page_1,Mobile,36
TP_003468,CUST_0845,4,SESS_780555,2026-05-17 14:00:00,directtraffic,direct,Campaign_Promo_Summer,/promo-deals/page_6,Desktop,149
TP_003469,CUST_0847,2,SESS_700558,2026-04-16 04:00:00,facebookads,paidsocial,Campaign_Promo_Summer,/promo-deals/page_1,Mobile,197
TP_003470,CUST_0847,6,SESS_700558,2026-04-14 00:00:00,linkedinads,paidsocial,Campaign_Promo_Retarget,/promo-deals/page_6,Mobile,590
TP_003471,CUST_0847,2,SESS_205451,2026-05-06 20:00:00,facebookads,paidsocial,Campaign_Promo_Summer,/promo-deals/page_6,Desktop,197
TP_003472,CUST_0847,5,SESS_205451,2026-04-30 04:00:00,organicsearch,seo,Campaign_Promo_Winter,/promo-deals/page_6,Mobile,184
TP_003473,CUST_0847,2,SESS_205451,2026-04-27 06:00:00,facebookads,paidsocial,Campaign_Promo_Summer,/promo-deals/page_8,Desktop,384
TP_003474,CUST_0848,1,SESS_529970,2026-03-12 16:00:00,googleads,paidsearch,Campaign_Promo_Winter,/promo-deals/page_6,Desktop,554
TP_003475,CUST_0848,5,SESS_529970,2026-03-19 20:00:00,organicsearch,seo,Campaign_Promo_Summer,/promo-deals/page_8,Desktop,241
TP_003476,CUST_0848,2,SESS_693271,2026-03-14 06:00:00,facebookads,paidsocial,Campaign_Promo_Summer,/promo-deals/page_5,Mobile,466
TP_003477,CUST_0848,1,SESS_693271,2026-03-08 01:00:00,googleads,paidsearch,Campaign_Promo_Summer,/promo-deals/page_5,Desktop,119
TP_003478,CUST_0848,2,SESS_693271,2026-03-12 20:00:00,facebookads,paidsocial,Campaign_Promo_Winter,/promo-deals/page_1,Desktop,222
TP_003479,CUST_0848,7,SESS_898609,2026-04-26 17:00:00,affiliatenetwork,referral,Campaign_Promo_Retarget,/promo-deals/page_4,Desktop,280
TP_003480,CUST_0848,2,SESS_898609,2026-05-03 04:00:00,facebookads,paidsocial,Campaign_Promo_Winter,/promo-deals/page_4,Desktop,150
TP_003481,CUST_0848,7,SESS_898609,2026-05-04 19:00:00,affiliatenetwork,referral,Campaign_Promo_Retarget,/promo-deals/page_8,Desktop,528
TP_003482,CUST_0848,7,SESS_898609,2026-05-06 18:00:00,affiliatenetwork,referral,Campaign_Promo_Summer,/promo-deals/page_7,Mobile,198
TP_003483,CUST_0848,7,SESS_898609,2026-05-03 09:00:00,affiliatenetwork,referral,Campaign_Promo_Brand,/promo-deals/page_10,Mobile,568
TP_003484,CUST_0849,1,SESS_232869,2026-02-15 08:00:00,googleads,paidsearch,Campaign_Promo_Summer,/promo-deals/page_1,Desktop,178
TP_003485,CUST_0849,6,SESS_232869,2026-02-18 05:00:00,linkedinads,paidsocial,Campaign_Promo_Summer,/promo-deals/page_7,Mobile,264
TP_003486,CUST_0849,3,SESS_232869,2026-02-12 08:00:00,newsletter,email,Campaign_Promo_Winter,/promo-deals/page_3,Desktop,237
TP_003487,CUST_0849,3,SESS_232869,2026-02-10 18:00:00,newsletter,email,Campaign_Promo_Brand,/promo-deals/page_8,Desktop,539
TP_003488,CUST_0849,7,SESS_232869,2026-02-20 18:00:00,affiliatenetwork,referral,Campaign_Promo_Retarget,/promo-deals/page_3,Desktop,36
TP_003489,CUST_0849,6,SESS_798138,2026-03-19 13:00:00,linkedinads,paidsocial,Campaign_Promo_Summer,/promo-deals/page_3,Desktop,335
TP_003490,CUST_0850,4,SESS_808109,2026-01-29 16:00:00,directtraffic,direct,Campaign_Promo_Winter,/promo-deals/page_4,Mobile,364
TP_003491,CUST_0850,5,SESS_263822,2026-03-04 14:00:00,organicsearch,seo,Campaign_Promo_Summer,/promo-deals/page_9,Mobile,182
TP_003492,CUST_0850,7,SESS_263822,2026-02-23 23:00:00,affiliatenetwork,referral,Campaign_Promo_Winter,/promo-deals/page_3,Mobile,465
TP_003493,CUST_0850,3,SESS_263822,2026-02-21 15:00:00,newsletter,email,Campaign_Promo_Retarget,/promo-deals/page_5,Desktop,347
TP_003494,CUST_0851,3,SESS_956156,2026-02-08 22:00:00,newsletter,email,Campaign_Promo_Brand,/promo-deals/page_1,Mobile,520
TP_003495,CUST_0851,3,SESS_956156,2026-01-30 23:00:00,newsletter,email,Campaign_Promo_Brand,/promo-deals/page_5,Desktop,276
TP_003496,CUST_0851,1,SESS_956156,2026-02-09 09:00:00,googleads,paidsearch,Campaign_Promo_Summer,/promo-deals/page_10,Mobile,83
TP_003497,CUST_0851,5,SESS_956156,2026-02-05 10:00:00,organicsearch,seo,Campaign_Promo_Brand,/promo-deals/page_2,Desktop,181
TP_003498,CUST_0851,4,SESS_579787,2026-02-10 19:00:00,directtraffic,direct,Campaign_Promo_Retarget,/promo-deals/page_3,Mobile,72
TP_003499,CUST_0851,1,SESS_579787,2026-02-03 04:00:00,googleads,paidsearch,Campaign_Promo_Retarget,/promo-deals/page_7,Desktop,421
TP_003500,CUST_0851,3,SESS_579787,2026-02-13 19:00:00,newsletter,email,Campaign_Promo_Summer,/promo-deals/page_8,Mobile,526
TP_003501,CUST_0851,1,SESS_844887,2026-03-19 00:00:00,googleads,paidsearch,Campaign_Promo_Brand,/promo-deals/page_2,Mobile,557
TP_003502,CUST_0853,5,SESS_311442,2026-05-04 16:00:00,organicsearch,seo,Campaign_Promo_Brand,/promo-deals/page_3,Mobile,15
TP_003503,CUST_0853,7,SESS_311442,2026-04-23 00:00:00,affiliatenetwork,referral,Campaign_Promo_Brand,/promo-deals/page_3,Mobile,549
TP_003504,CUST_0853,7,SESS_311442,2026-05-01 14:00:00,affiliatenetwork,referral,Campaign_Promo_Summer,/promo-deals/page_5,Desktop,578
TP_003505,CUST_0853,5,SESS_311442,2026-04-24 08:00:00,organicsearch,seo,Campaign_Promo_Winter,/promo-deals/page_5,Tablet,130
TP_003506,CUST_0854,1,SESS_871800,2026-02-16 20:00:00,googleads,paidsearch,Campaign_Promo_Summer,/promo-deals/page_8,Desktop,236
TP_003507,CUST_0854,7,SESS_871800,2026-02-26 01:00:00,affiliatenetwork,referral,Campaign_Promo_Brand,/promo-deals/page_8,Mobile,108
TP_003508,CUST_0856,2,SESS_960206,2026-01-05 06:00:00,facebookads,paidsocial,Campaign_Promo_Summer,/promo-deals/page_9,Desktop,247
TP_003509,CUST_0856,7,SESS_960206,2025-12-27 15:00:00,affiliatenetwork,referral,Campaign_Promo_Summer,/promo-deals/page_2,Desktop,442
TP_003510,CUST_0856,5,SESS_960206,2025-12-23 14:00:00,organicsearch,seo,Campaign_Promo_Winter,/promo-deals/page_9,Mobile,214
TP_003511,CUST_0856,6,SESS_960206,2026-01-06 14:00:00,linkedinads,paidsocial,Campaign_Promo_Winter,/promo-deals/page_9,Mobile,117
TP_003512,CUST_0857,5,SESS_210043,2026-01-14 11:00:00,organicsearch,seo,Campaign_Promo_Brand,/promo-deals/page_4,Tablet,323
TP_003513,CUST_0859,7,SESS_116040,2026-02-07 05:00:00,affiliatenetwork,referral,Campaign_Promo_Retarget,/promo-deals/page_4,Desktop,66
TP_003514,CUST_0859,3,SESS_116040,2026-02-19 21:00:00,newsletter,email,Campaign_Promo_Brand,/promo-deals/page_8,Desktop,246
TP_003515,CUST_0859,4,SESS_116040,2026-02-19 10:00:00,directtraffic,direct,Campaign_Promo_Brand,/promo-deals/page_7,Mobile,567
TP_003516,CUST_0859,5,SESS_116040,2026-02-05 01:00:00,organicsearch,seo,Campaign_Promo_Winter,/promo-deals/page_9,Mobile,16
TP_003517,CUST_0859,1,SESS_116040,2026-02-16 12:00:00,googleads,paidsearch,Campaign_Promo_Summer,/promo-deals/page_10,Desktop,446
TP_003518,CUST_0859,4,SESS_468834,2026-03-23 03:00:00,directtraffic,direct,Campaign_Promo_Brand,/promo-deals/page_10,Mobile,583
TP_003519,CUST_0859,5,SESS_468834,2026-03-24 09:00:00,organicsearch,seo,Campaign_Promo_Summer,/promo-deals/page_6,Mobile,537
TP_003520,CUST_0859,3,SESS_468834,2026-03-24 10:00:00,newsletter,email,Campaign_Promo_Winter,/promo-deals/page_8,Desktop,145
TP_003521,CUST_0859,6,SESS_410756,2026-04-20 16:00:00,linkedinads,paidsocial,Campaign_Promo_Winter,/promo-deals/page_3,Tablet,38
TP_003522,CUST_0859,1,SESS_410756,2026-04-19 08:00:00,googleads,paidsearch,Campaign_Promo_Winter,/promo-deals/page_9,Mobile,218
TP_003523,CUST_0860,5,SESS_843156,2026-05-02 08:00:00,organicsearch,seo,Campaign_Promo_Retarget,/promo-deals/page_8,Desktop,198
TP_003524,CUST_0860,5,SESS_843156,2026-05-01 19:00:00,organicsearch,seo,Campaign_Promo_Summer,/promo-deals/page_1,Mobile,311
TP_003525,CUST_0860,6,SESS_248224,2026-05-15 15:00:00,linkedinads,paidsocial,Campaign_Promo_Brand,/promo-deals/page_7,Desktop,121
TP_003526,CUST_0861,6,SESS_959980,2026-02-25 08:00:00,linkedinads,paidsocial,Campaign_Promo_Winter,/promo-deals/page_8,Mobile,24
TP_003527,CUST_0861,6,SESS_959980,2026-02-25 22:00:00,linkedinads,paidsocial,Campaign_Promo_Winter,/promo-deals/page_7,Tablet,434
TP_003528,CUST_0861,3,SESS_959980,2026-02-22 22:00:00,newsletter,email,Campaign_Promo_Winter,/promo-deals/page_8,Mobile,335
TP_003529,CUST_0861,7,SESS_959980,2026-02-24 12:00:00,affiliatenetwork,referral,Campaign_Promo_Summer,/promo-deals/page_10,Mobile,341
TP_003530,CUST_0861,2,SESS_959980,2026-02-26 08:00:00,facebookads,paidsocial,Campaign_Promo_Summer,/promo-deals/page_5,Mobile,170
TP_003531,CUST_0861,4,SESS_991347,2026-03-01 12:00:00,directtraffic,direct,Campaign_Promo_Brand,/promo-deals/page_6,Mobile,365
TP_003532,CUST_0861,3,SESS_991347,2026-03-10 07:00:00,newsletter,email,Campaign_Promo_Brand,/promo-deals/page_10,Desktop,156
TP_003533,CUST_0861,4,SESS_526926,2026-04-06 20:00:00,directtraffic,direct,Campaign_Promo_Brand,/promo-deals/page_6,Desktop,95
TP_003534,CUST_0861,3,SESS_526926,2026-04-09 10:00:00,newsletter,email,Campaign_Promo_Retarget,/promo-deals/page_7,Mobile,68
TP_003535,CUST_0861,2,SESS_526926,2026-03-28 22:00:00,facebookads,paidsocial,Campaign_Promo_Retarget,/promo-deals/page_4,Mobile,558
TP_003536,CUST_0861,6,SESS_526926,2026-04-02 13:00:00,linkedinads,paidsocial,Campaign_Promo_Retarget,/promo-deals/page_5,Mobile,54
TP_003537,CUST_0863,1,SESS_632535,2026-01-16 11:00:00,googleads,paidsearch,Campaign_Promo_Retarget,/promo-deals/page_3,Desktop,226
TP_003538,CUST_0863,6,SESS_632535,2026-01-06 00:00:00,linkedinads,paidsocial,Campaign_Promo_Summer,/promo-deals/page_10,Desktop,339
TP_003539,CUST_0863,5,SESS_632535,2026-01-05 21:00:00,organicsearch,seo,Campaign_Promo_Summer,/promo-deals/page_9,Mobile,312
TP_003540,CUST_0863,6,SESS_632535,2026-01-04 09:00:00,linkedinads,paidsocial,Campaign_Promo_Retarget,/promo-deals/page_10,Mobile,439
TP_003541,CUST_0863,5,SESS_632535,2026-01-08 12:00:00,organicsearch,seo,Campaign_Promo_Retarget,/promo-deals/page_1,Mobile,150
TP_003542,CUST_0863,4,SESS_282407,2026-02-20 06:00:00,directtraffic,direct,Campaign_Promo_Brand,/promo-deals/page_9,Mobile,272
TP_003543,CUST_0863,7,SESS_282407,2026-02-26 08:00:00,affiliatenetwork,referral,Campaign_Promo_Brand,/promo-deals/page_6,Tablet,370
TP_003544,CUST_0863,6,SESS_282407,2026-02-23 19:00:00,linkedinads,paidsocial,Campaign_Promo_Retarget,/promo-deals/page_1,Mobile,276
TP_003545,CUST_0863,6,SESS_282407,2026-03-01 03:00:00,linkedinads,paidsocial,Campaign_Promo_Brand,/promo-deals/page_2,Mobile,150
TP_003546,CUST_0863,6,SESS_282407,2026-03-03 04:00:00,linkedinads,paidsocial,Campaign_Promo_Brand,/promo-deals/page_6,Mobile,518
TP_003547,CUST_0864,5,SESS_335122,2026-01-23 11:00:00,organicsearch,seo,Campaign_Promo_Summer,/promo-deals/page_5,Desktop,311
TP_003548,CUST_0864,1,SESS_335122,2026-01-24 00:00:00,googleads,paidsearch,Campaign_Promo_Summer,/promo-deals/page_5,Mobile,214
TP_003549,CUST_0864,4,SESS_902791,2026-02-07 23:00:00,directtraffic,direct,Campaign_Promo_Winter,/promo-deals/page_2,Tablet,597
TP_003550,CUST_0864,4,SESS_902791,2026-01-29 13:00:00,directtraffic,direct,Campaign_Promo_Summer,/promo-deals/page_5,Mobile,222
TP_003551,CUST_0864,6,SESS_902791,2026-01-31 22:00:00,linkedinads,paidsocial,Campaign_Promo_Winter,/promo-deals/page_6,Mobile,244
TP_003552,CUST_0864,6,SESS_902791,2026-02-03 11:00:00,linkedinads,paidsocial,Campaign_Promo_Summer,/promo-deals/page_4,Mobile,354
TP_003553,CUST_0864,3,SESS_902791,2026-02-02 14:00:00,newsletter,email,Campaign_Promo_Brand,/promo-deals/page_7,Desktop,598
TP_003554,CUST_0865,3,SESS_349947,2026-04-15 11:00:00,newsletter,email,Campaign_Promo_Winter,/promo-deals/page_8,Mobile,547
TP_003555,CUST_0865,4,SESS_695696,2026-04-29 19:00:00,directtraffic,direct,Campaign_Promo_Winter,/promo-deals/page_10,Desktop,568
TP_003556,CUST_0865,2,SESS_695696,2026-04-16 00:00:00,facebookads,paidsocial,Campaign_Promo_Winter,/promo-deals/page_8,Mobile,370
TP_003557,CUST_0865,1,SESS_695696,2026-04-23 05:00:00,googleads,paidsearch,Campaign_Promo_Winter,/promo-deals/page_6,Mobile,226
TP_003558,CUST_0865,6,SESS_695696,2026-04-20 10:00:00,linkedinads,paidsocial,Campaign_Promo_Summer,/promo-deals/page_6,Tablet,484
TP_003559,CUST_0865,6,SESS_599054,2026-05-09 13:00:00,linkedinads,paidsocial,Campaign_Promo_Brand,/promo-deals/page_7,Mobile,420
TP_003560,CUST_0865,1,SESS_599054,2026-05-15 21:00:00,googleads,paidsearch,Campaign_Promo_Retarget,/promo-deals/page_7,Mobile,319
TP_003561,CUST_0865,3,SESS_599054,2026-05-08 13:00:00,newsletter,email,Campaign_Promo_Winter,/promo-deals/page_6,Mobile,349
TP_003562,CUST_0866,1,SESS_299942,2026-02-21 09:00:00,googleads,paidsearch,Campaign_Promo_Brand,/promo-deals/page_10,Mobile,141
TP_003563,CUST_0866,2,SESS_299942,2026-02-11 01:00:00,facebookads,paidsocial,Campaign_Promo_Brand,/promo-deals/page_6,Mobile,298
TP_003564,CUST_0867,1,SESS_854425,2026-04-26 18:00:00,googleads,paidsearch,Campaign_Promo_Winter,/promo-deals/page_10,Desktop,187
TP_003565,CUST_0867,2,SESS_854425,2026-05-05 01:00:00,facebookads,paidsocial,Campaign_Promo_Winter,/promo-deals/page_10,Tablet,193
TP_003566,CUST_0867,3,SESS_854425,2026-05-08 02:00:00,newsletter,email,Campaign_Promo_Summer,/promo-deals/page_10,Mobile,383
TP_003567,CUST_0868,4,SESS_882818,2026-04-04 16:00:00,directtraffic,direct,Campaign_Promo_Brand,/promo-deals/page_10,Desktop,363
TP_003568,CUST_0868,4,SESS_882818,2026-04-10 07:00:00,directtraffic,direct,Campaign_Promo_Winter,/promo-deals/page_1,Tablet,421
TP_003569,CUST_0868,1,SESS_477897,2026-04-12 08:00:00,googleads,paidsearch,Campaign_Promo_Winter,/promo-deals/page_8,Mobile,582
TP_003570,CUST_0868,2,SESS_477897,2026-04-16 21:00:00,facebookads,paidsocial,Campaign_Promo_Summer,/promo-deals/page_2,Mobile,119
TP_003571,CUST_0868,4,SESS_477897,2026-04-08 01:00:00,directtraffic,direct,Campaign_Promo_Retarget,/promo-deals/page_8,Mobile,334
TP_003572,CUST_0869,6,SESS_696767,2026-02-17 14:00:00,linkedinads,paidsocial,Campaign_Promo_Brand,/promo-deals/page_5,Mobile,305
TP_003573,CUST_0869,7,SESS_696767,2026-02-28 05:00:00,affiliatenetwork,referral,Campaign_Promo_Summer,/promo-deals/page_7,Desktop,246
TP_003574,CUST_0870,4,SESS_482888,2026-03-19 04:00:00,directtraffic,direct,Campaign_Promo_Winter,/promo-deals/page_3,Desktop,143
TP_003575,CUST_0870,3,SESS_482888,2026-03-07 04:00:00,newsletter,email,Campaign_Promo_Winter,/promo-deals/page_10,Mobile,31
TP_003576,CUST_0870,5,SESS_482888,2026-03-13 16:00:00,organicsearch,seo,Campaign_Promo_Brand,/promo-deals/page_1,Mobile,203
TP_003577,CUST_0870,4,SESS_482888,2026-03-19 00:00:00,directtraffic,direct,Campaign_Promo_Brand,/promo-deals/page_1,Mobile,89
TP_003578,CUST_0870,4,SESS_482888,2026-03-06 04:00:00,directtraffic,direct,Campaign_Promo_Brand,/promo-deals/page_5,Mobile,145
TP_003579,CUST_0870,4,SESS_513557,2026-04-06 18:00:00,directtraffic,direct,Campaign_Promo_Brand,/promo-deals/page_10,Mobile,125
TP_003580,CUST_0870,2,SESS_513557,2026-03-27 19:00:00,facebookads,paidsocial,Campaign_Promo_Summer,/promo-deals/page_8,Mobile,242
TP_003581,CUST_0870,1,SESS_513557,2026-04-06 09:00:00,googleads,paidsearch,Campaign_Promo_Winter,/promo-deals/page_5,Desktop,514
TP_003582,CUST_0870,4,SESS_513557,2026-03-27 23:00:00,directtraffic,direct,Campaign_Promo_Retarget,/promo-deals/page_3,Desktop,382
TP_003583,CUST_0870,3,SESS_957405,2026-04-23 01:00:00,newsletter,email,Campaign_Promo_Brand,/promo-deals/page_2,Desktop,76
TP_003584,CUST_0870,5,SESS_957405,2026-04-19 13:00:00,organicsearch,seo,Campaign_Promo_Retarget,/promo-deals/page_9,Mobile,371
TP_003585,CUST_0870,5,SESS_957405,2026-05-01 09:00:00,organicsearch,seo,Campaign_Promo_Brand,/promo-deals/page_7,Mobile,497
TP_003586,CUST_0870,7,SESS_957405,2026-04-23 08:00:00,affiliatenetwork,referral,Campaign_Promo_Winter,/promo-deals/page_5,Mobile,142
TP_003587,CUST_0871,6,SESS_991675,2026-04-22 19:00:00,linkedinads,paidsocial,Campaign_Promo_Winter,/promo-deals/page_7,Desktop,517
TP_003588,CUST_0871,1,SESS_991675,2026-04-29 16:00:00,googleads,paidsearch,Campaign_Promo_Retarget,/promo-deals/page_1,Mobile,256
TP_003589,CUST_0871,3,SESS_991675,2026-04-30 11:00:00,newsletter,email,Campaign_Promo_Brand,/promo-deals/page_5,Mobile,53
TP_003590,CUST_0871,4,SESS_991675,2026-04-27 17:00:00,directtraffic,direct,Campaign_Promo_Winter,/promo-deals/page_9,Desktop,457
TP_003591,CUST_0871,1,SESS_991675,2026-04-22 05:00:00,googleads,paidsearch,Campaign_Promo_Winter,/promo-deals/page_7,Mobile,519
TP_003592,CUST_0872,6,SESS_996306,2026-02-19 07:00:00,linkedinads,paidsocial,Campaign_Promo_Retarget,/promo-deals/page_6,Desktop,145
TP_003593,CUST_0872,1,SESS_996306,2026-02-24 16:00:00,googleads,paidsearch,Campaign_Promo_Brand,/promo-deals/page_7,Desktop,262
TP_003594,CUST_0872,1,SESS_996306,2026-02-18 09:00:00,googleads,paidsearch,Campaign_Promo_Summer,/promo-deals/page_2,Mobile,55
TP_003595,CUST_0872,6,SESS_996306,2026-02-27 13:00:00,linkedinads,paidsocial,Campaign_Promo_Summer,/promo-deals/page_9,Desktop,263
TP_003596,CUST_0872,6,SESS_996306,2026-02-19 06:00:00,linkedinads,paidsocial,Campaign_Promo_Winter,/promo-deals/page_6,Desktop,375
TP_003597,CUST_0874,5,SESS_905275,2026-04-01 09:00:00,organicsearch,seo,Campaign_Promo_Winter,/promo-deals/page_3,Desktop,131
TP_003598,CUST_0874,4,SESS_905275,2026-04-09 00:00:00,directtraffic,direct,Campaign_Promo_Summer,/promo-deals/page_4,Mobile,299
TP_003599,CUST_0874,2,SESS_905275,2026-04-07 22:00:00,facebookads,paidsocial,Campaign_Promo_Winter,/promo-deals/page_9,Mobile,143
TP_003600,CUST_0874,4,SESS_905275,2026-03-28 12:00:00,directtraffic,direct,Campaign_Promo_Brand,/promo-deals/page_5,Mobile,364
TP_003601,CUST_0875,1,SESS_434571,2026-03-02 08:00:00,googleads,paidsearch,Campaign_Promo_Retarget,/promo-deals/page_9,Mobile,65
TP_003602,CUST_0875,5,SESS_434571,2026-02-24 11:00:00,organicsearch,seo,Campaign_Promo_Retarget,/promo-deals/page_5,Tablet,542
TP_003603,CUST_0875,4,SESS_434571,2026-02-23 09:00:00,directtraffic,direct,Campaign_Promo_Brand,/promo-deals/page_3,Mobile,566
TP_003604,CUST_0875,4,SESS_382991,2026-04-01 18:00:00,directtraffic,direct,Campaign_Promo_Retarget,/promo-deals/page_9,Tablet,311
TP_003605,CUST_0875,5,SESS_382991,2026-03-28 02:00:00,organicsearch,seo,Campaign_Promo_Winter,/promo-deals/page_9,Mobile,516
TP_003606,CUST_0876,3,SESS_811447,2026-03-08 12:00:00,newsletter,email,Campaign_Promo_Brand,/promo-deals/page_2,Mobile,150
TP_003607,CUST_0876,4,SESS_811447,2026-03-07 04:00:00,directtraffic,direct,Campaign_Promo_Retarget,/promo-deals/page_1,Mobile,26
TP_003608,CUST_0876,6,SESS_811447,2026-03-19 18:00:00,linkedinads,paidsocial,Campaign_Promo_Retarget,/promo-deals/page_4,Desktop,440
TP_003609,CUST_0877,1,SESS_594470,2026-03-31 09:00:00,googleads,paidsearch,Campaign_Promo_Winter,/promo-deals/page_6,Mobile,253
TP_003610,CUST_0877,4,SESS_594470,2026-03-24 10:00:00,directtraffic,direct,Campaign_Promo_Brand,/promo-deals/page_1,Desktop,378
TP_003611,CUST_0877,7,SESS_594470,2026-03-26 08:00:00,affiliatenetwork,referral,Campaign_Promo_Winter,/promo-deals/page_3,Mobile,589
TP_003612,CUST_0879,7,SESS_709099,2026-04-08 22:00:00,affiliatenetwork,referral,Campaign_Promo_Summer,/promo-deals/page_7,Mobile,246
TP_003613,CUST_0880,5,SESS_583438,2026-03-01 18:00:00,organicsearch,seo,Campaign_Promo_Brand,/promo-deals/page_10,Desktop,462
TP_003614,CUST_0880,7,SESS_583438,2026-03-03 08:00:00,affiliatenetwork,referral,Campaign_Promo_Winter,/promo-deals/page_3,Mobile,435
TP_003615,CUST_0880,1,SESS_583438,2026-02-28 10:00:00,googleads,paidsearch,Campaign_Promo_Brand,/promo-deals/page_9,Mobile,23
TP_003616,CUST_0880,2,SESS_158348,2026-04-14 21:00:00,facebookads,paidsocial,Campaign_Promo_Retarget,/promo-deals/page_7,Mobile,341
TP_003617,CUST_0880,6,SESS_158348,2026-04-23 08:00:00,linkedinads,paidsocial,Campaign_Promo_Brand,/promo-deals/page_4,Mobile,17
TP_003618,CUST_0880,7,SESS_158348,2026-04-25 17:00:00,affiliatenetwork,referral,Campaign_Promo_Retarget,/promo-deals/page_1,Desktop,192
TP_003619,CUST_0880,1,SESS_158348,2026-04-11 11:00:00,googleads,paidsearch,Campaign_Promo_Retarget,/promo-deals/page_5,Tablet,425
TP_003620,CUST_0880,2,SESS_158348,2026-04-21 09:00:00,facebookads,paidsocial,Campaign_Promo_Brand,/promo-deals/page_7,Mobile,433
TP_003621,CUST_0880,2,SESS_643977,2026-04-10 03:00:00,facebookads,paidsocial,Campaign_Promo_Summer,/promo-deals/page_9,Desktop,284
TP_003622,CUST_0880,1,SESS_643977,2026-04-17 14:00:00,googleads,paidsearch,Campaign_Promo_Summer,/promo-deals/page_2,Desktop,292
TP_003623,CUST_0880,3,SESS_643977,2026-04-16 21:00:00,newsletter,email,Campaign_Promo_Summer,/promo-deals/page_7,Mobile,383
TP_003624,CUST_0881,7,SESS_411295,2026-02-06 16:00:00,affiliatenetwork,referral,Campaign_Promo_Summer,/promo-deals/page_7,Desktop,238
TP_003625,CUST_0882,6,SESS_846650,2026-03-07 12:00:00,linkedinads,paidsocial,Campaign_Promo_Retarget,/promo-deals/page_10,Desktop,463
TP_003626,CUST_0882,6,SESS_517076,2026-03-22 00:00:00,linkedinads,paidsocial,Campaign_Promo_Retarget,/promo-deals/page_3,Desktop,399
TP_003627,CUST_0882,3,SESS_517076,2026-03-18 03:00:00,newsletter,email,Campaign_Promo_Brand,/promo-deals/page_6,Mobile,18
TP_003628,CUST_0883,3,SESS_323736,2026-05-05 01:00:00,newsletter,email,Campaign_Promo_Summer,/promo-deals/page_4,Desktop,563
TP_003629,CUST_0883,6,SESS_323736,2026-05-01 11:00:00,linkedinads,paidsocial,Campaign_Promo_Summer,/promo-deals/page_8,Desktop,214
TP_003630,CUST_0885,5,SESS_630453,2026-02-21 01:00:00,organicsearch,seo,Campaign_Promo_Summer,/promo-deals/page_8,Desktop,194
TP_003631,CUST_0885,2,SESS_836518,2026-03-24 20:00:00,facebookads,paidsocial,Campaign_Promo_Brand,/promo-deals/page_10,Desktop,346
TP_003632,CUST_0885,3,SESS_836518,2026-03-24 23:00:00,newsletter,email,Campaign_Promo_Brand,/promo-deals/page_1,Tablet,298
TP_003633,CUST_0885,7,SESS_836518,2026-03-22 01:00:00,affiliatenetwork,referral,Campaign_Promo_Retarget,/promo-deals/page_5,Mobile,190
TP_003634,CUST_0885,7,SESS_836518,2026-03-29 00:00:00,affiliatenetwork,referral,Campaign_Promo_Retarget,/promo-deals/page_4,Mobile,376
TP_003635,CUST_0885,3,SESS_836518,2026-03-18 13:00:00,newsletter,email,Campaign_Promo_Brand,/promo-deals/page_4,Desktop,354
TP_003636,CUST_0887,6,SESS_342527,2026-04-27 23:00:00,linkedinads,paidsocial,Campaign_Promo_Summer,/promo-deals/page_4,Mobile,255
TP_003637,CUST_0887,5,SESS_342527,2026-04-25 19:00:00,organicsearch,seo,Campaign_Promo_Retarget,/promo-deals/page_4,Tablet,591
TP_003638,CUST_0887,5,SESS_342527,2026-04-28 16:00:00,organicsearch,seo,Campaign_Promo_Brand,/promo-deals/page_1,Mobile,583
TP_003639,CUST_0887,5,SESS_342527,2026-05-02 16:00:00,organicsearch,seo,Campaign_Promo_Brand,/promo-deals/page_2,Desktop,553
TP_003640,CUST_0887,1,SESS_578567,2026-04-18 23:00:00,googleads,paidsearch,Campaign_Promo_Retarget,/promo-deals/page_5,Desktop,52
TP_003641,CUST_0887,1,SESS_578567,2026-04-28 23:00:00,googleads,paidsearch,Campaign_Promo_Brand,/promo-deals/page_3,Desktop,508
TP_003642,CUST_0888,3,SESS_712765,2026-03-29 12:00:00,newsletter,email,Campaign_Promo_Retarget,/promo-deals/page_4,Mobile,271
TP_003643,CUST_0888,5,SESS_712765,2026-03-28 15:00:00,organicsearch,seo,Campaign_Promo_Summer,/promo-deals/page_1,Desktop,414
TP_003644,CUST_0888,5,SESS_712765,2026-03-29 20:00:00,organicsearch,seo,Campaign_Promo_Retarget,/promo-deals/page_7,Desktop,509
TP_003645,CUST_0888,1,SESS_712765,2026-04-06 10:00:00,googleads,paidsearch,Campaign_Promo_Brand,/promo-deals/page_2,Desktop,274
TP_003646,CUST_0888,3,SESS_610408,2026-04-25 12:00:00,newsletter,email,Campaign_Promo_Summer,/promo-deals/page_1,Mobile,406
TP_003647,CUST_0888,5,SESS_610408,2026-05-02 21:00:00,organicsearch,seo,Campaign_Promo_Brand,/promo-deals/page_5,Mobile,285
TP_003648,CUST_0888,6,SESS_610408,2026-05-02 00:00:00,linkedinads,paidsocial,Campaign_Promo_Brand,/promo-deals/page_8,Mobile,401
TP_003649,CUST_0888,3,SESS_610408,2026-05-01 00:00:00,newsletter,email,Campaign_Promo_Brand,/promo-deals/page_1,Desktop,542
TP_003650,CUST_0888,6,SESS_610408,2026-04-22 02:00:00,linkedinads,paidsocial,Campaign_Promo_Winter,/promo-deals/page_2,Desktop,597
TP_003651,CUST_0888,3,SESS_178808,2026-05-07 01:00:00,newsletter,email,Campaign_Promo_Winter,/promo-deals/page_1,Mobile,343
TP_003652,CUST_0888,2,SESS_178808,2026-05-06 22:00:00,facebookads,paidsocial,Campaign_Promo_Retarget,/promo-deals/page_9,Mobile,361
TP_003653,CUST_0889,7,SESS_822792,2026-03-14 20:00:00,affiliatenetwork,referral,Campaign_Promo_Summer,/promo-deals/page_7,Tablet,22
TP_003654,CUST_0889,3,SESS_822792,2026-03-15 13:00:00,newsletter,email,Campaign_Promo_Summer,/promo-deals/page_3,Mobile,91
TP_003655,CUST_0889,1,SESS_822792,2026-03-12 16:00:00,googleads,paidsearch,Campaign_Promo_Retarget,/promo-deals/page_5,Mobile,256
TP_003656,CUST_0889,4,SESS_822792,2026-03-16 11:00:00,directtraffic,direct,Campaign_Promo_Brand,/promo-deals/page_6,Mobile,161
TP_003657,CUST_0889,4,SESS_822792,2026-03-04 16:00:00,directtraffic,direct,Campaign_Promo_Winter,/promo-deals/page_5,Mobile,441
TP_003658,CUST_0890,1,SESS_225159,2026-04-18 04:00:00,googleads,paidsearch,Campaign_Promo_Winter,/promo-deals/page_1,Mobile,175
TP_003659,CUST_0890,1,SESS_225159,2026-04-12 18:00:00,googleads,paidsearch,Campaign_Promo_Brand,/promo-deals/page_7,Mobile,551
TP_003660,CUST_0890,6,SESS_225159,2026-04-25 10:00:00,linkedinads,paidsocial,Campaign_Promo_Winter,/promo-deals/page_5,Desktop,558
TP_003661,CUST_0890,6,SESS_756990,2026-04-21 11:00:00,linkedinads,paidsocial,Campaign_Promo_Retarget,/promo-deals/page_10,Mobile,445
TP_003662,CUST_0890,7,SESS_756990,2026-04-27 02:00:00,affiliatenetwork,referral,Campaign_Promo_Winter,/promo-deals/page_4,Tablet,561
TP_003663,CUST_0890,3,SESS_756990,2026-04-24 06:00:00,newsletter,email,Campaign_Promo_Summer,/promo-deals/page_4,Mobile,530
TP_003664,CUST_0890,4,SESS_756990,2026-04-18 14:00:00,directtraffic,direct,Campaign_Promo_Retarget,/promo-deals/page_10,Mobile,578
TP_003665,CUST_0890,6,SESS_756990,2026-04-15 17:00:00,linkedinads,paidsocial,Campaign_Promo_Winter,/promo-deals/page_1,Mobile,454
TP_003666,CUST_0891,4,SESS_755171,2026-02-21 20:00:00,directtraffic,direct,Campaign_Promo_Winter,/promo-deals/page_4,Desktop,82
TP_003667,CUST_0891,3,SESS_755171,2026-02-22 13:00:00,newsletter,email,Campaign_Promo_Brand,/promo-deals/page_1,Desktop,106
TP_003668,CUST_0891,3,SESS_755171,2026-02-16 02:00:00,newsletter,email,Campaign_Promo_Summer,/promo-deals/page_7,Mobile,554
TP_003669,CUST_0891,5,SESS_250073,2026-03-28 04:00:00,organicsearch,seo,Campaign_Promo_Retarget,/promo-deals/page_7,Desktop,183
TP_003670,CUST_0891,6,SESS_867230,2026-05-07 23:00:00,linkedinads,paidsocial,Campaign_Promo_Winter,/promo-deals/page_3,Desktop,177
TP_003671,CUST_0891,2,SESS_867230,2026-05-06 03:00:00,facebookads,paidsocial,Campaign_Promo_Winter,/promo-deals/page_7,Mobile,495
TP_003672,CUST_0891,5,SESS_867230,2026-05-16 16:00:00,organicsearch,seo,Campaign_Promo_Winter,/promo-deals/page_6,Tablet,14
TP_003673,CUST_0891,1,SESS_867230,2026-05-13 07:00:00,googleads,paidsearch,Campaign_Promo_Brand,/promo-deals/page_7,Desktop,549
TP_003674,CUST_0891,7,SESS_867230,2026-05-13 21:00:00,affiliatenetwork,referral,Campaign_Promo_Retarget,/promo-deals/page_1,Desktop,32
TP_003675,CUST_0892,5,SESS_794324,2026-02-24 10:00:00,organicsearch,seo,Campaign_Promo_Brand,/promo-deals/page_9,Mobile,276
TP_003676,CUST_0892,1,SESS_794324,2026-02-20 02:00:00,googleads,paidsearch,Campaign_Promo_Summer,/promo-deals/page_4,Tablet,374
TP_003677,CUST_0892,6,SESS_794324,2026-02-23 14:00:00,linkedinads,paidsocial,Campaign_Promo_Brand,/promo-deals/page_5,Mobile,51
TP_003678,CUST_0892,3,SESS_794324,2026-02-26 04:00:00,newsletter,email,Campaign_Promo_Summer,/promo-deals/page_7,Mobile,179
TP_003679,CUST_0892,4,SESS_287752,2026-03-22 16:00:00,directtraffic,direct,Campaign_Promo_Retarget,/promo-deals/page_6,Tablet,465
TP_003680,CUST_0892,1,SESS_287752,2026-03-27 11:00:00,googleads,paidsearch,Campaign_Promo_Retarget,/promo-deals/page_5,Tablet,171
TP_003681,CUST_0892,2,SESS_287752,2026-03-19 16:00:00,facebookads,paidsocial,Campaign_Promo_Winter,/promo-deals/page_9,Tablet,92
TP_003682,CUST_0892,7,SESS_287752,2026-03-20 08:00:00,affiliatenetwork,referral,Campaign_Promo_Summer,/promo-deals/page_2,Desktop,322
TP_003683,CUST_0893,2,SESS_102287,2026-01-19 16:00:00,facebookads,paidsocial,Campaign_Promo_Brand,/promo-deals/page_6,Desktop,385
TP_003684,CUST_0893,1,SESS_102287,2026-01-15 14:00:00,googleads,paidsearch,Campaign_Promo_Winter,/promo-deals/page_9,Mobile,567
TP_003685,CUST_0893,1,SESS_102287,2026-01-18 04:00:00,googleads,paidsearch,Campaign_Promo_Retarget,/promo-deals/page_4,Desktop,328
TP_003686,CUST_0894,3,SESS_130572,2026-02-11 04:00:00,newsletter,email,Campaign_Promo_Retarget,/promo-deals/page_2,Tablet,400
TP_003687,CUST_0894,7,SESS_130572,2026-02-10 17:00:00,affiliatenetwork,referral,Campaign_Promo_Winter,/promo-deals/page_9,Mobile,44
TP_003688,CUST_0894,3,SESS_130572,2026-02-05 17:00:00,newsletter,email,Campaign_Promo_Brand,/promo-deals/page_5,Mobile,451
TP_003689,CUST_0894,7,SESS_130572,2026-02-07 14:00:00,affiliatenetwork,referral,Campaign_Promo_Retarget,/promo-deals/page_4,Desktop,337
TP_003690,CUST_0894,6,SESS_719929,2026-03-25 17:00:00,linkedinads,paidsocial,Campaign_Promo_Winter,/promo-deals/page_3,Mobile,196
TP_003691,CUST_0894,7,SESS_719929,2026-03-17 21:00:00,affiliatenetwork,referral,Campaign_Promo_Retarget,/promo-deals/page_2,Desktop,305
TP_003692,CUST_0894,4,SESS_719929,2026-03-23 03:00:00,directtraffic,direct,Campaign_Promo_Winter,/promo-deals/page_7,Mobile,522
TP_003693,CUST_0894,3,SESS_912205,2026-04-16 19:00:00,newsletter,email,Campaign_Promo_Summer,/promo-deals/page_5,Desktop,544
TP_003694,CUST_0895,2,SESS_798834,2026-03-20 16:00:00,facebookads,paidsocial,Campaign_Promo_Summer,/promo-deals/page_10,Desktop,173
TP_003695,CUST_0895,3,SESS_798834,2026-03-24 01:00:00,newsletter,email,Campaign_Promo_Summer,/promo-deals/page_3,Desktop,543
TP_003696,CUST_0895,5,SESS_798834,2026-03-22 03:00:00,organicsearch,seo,Campaign_Promo_Winter,/promo-deals/page_3,Mobile,56
TP_003697,CUST_0895,2,SESS_798834,2026-03-21 02:00:00,facebookads,paidsocial,Campaign_Promo_Brand,/promo-deals/page_9,Mobile,482
TP_003698,CUST_0895,2,SESS_798834,2026-04-01 04:00:00,facebookads,paidsocial,Campaign_Promo_Brand,/promo-deals/page_1,Mobile,129
TP_003699,CUST_0896,6,SESS_819557,2026-01-24 08:00:00,linkedinads,paidsocial,Campaign_Promo_Summer,/promo-deals/page_7,Mobile,141
TP_003700,CUST_0896,6,SESS_819557,2026-01-22 18:00:00,linkedinads,paidsocial,Campaign_Promo_Brand,/promo-deals/page_6,Desktop,246
TP_003701,CUST_0896,4,SESS_819557,2026-01-18 13:00:00,directtraffic,direct,Campaign_Promo_Summer,/promo-deals/page_6,Mobile,88
TP_003702,CUST_0896,6,SESS_819557,2026-01-20 07:00:00,linkedinads,paidsocial,Campaign_Promo_Brand,/promo-deals/page_10,Tablet,31
TP_003703,CUST_0896,7,SESS_819557,2026-01-20 23:00:00,affiliatenetwork,referral,Campaign_Promo_Winter,/promo-deals/page_1,Mobile,290
TP_003704,CUST_0898,5,SESS_709568,2026-03-18 10:00:00,organicsearch,seo,Campaign_Promo_Winter,/promo-deals/page_1,Mobile,15
TP_003705,CUST_0898,2,SESS_709568,2026-03-07 03:00:00,facebookads,paidsocial,Campaign_Promo_Retarget,/promo-deals/page_1,Desktop,342
TP_003706,CUST_0898,3,SESS_309413,2026-04-11 18:00:00,newsletter,email,Campaign_Promo_Winter,/promo-deals/page_7,Tablet,225
TP_003707,CUST_0898,2,SESS_309413,2026-04-08 04:00:00,facebookads,paidsocial,Campaign_Promo_Winter,/promo-deals/page_1,Mobile,536
TP_003708,CUST_0898,3,SESS_309413,2026-04-20 07:00:00,newsletter,email,Campaign_Promo_Summer,/promo-deals/page_3,Tablet,228
TP_003709,CUST_0898,6,SESS_309413,2026-04-15 21:00:00,linkedinads,paidsocial,Campaign_Promo_Winter,/promo-deals/page_3,Desktop,63
TP_003710,CUST_0898,7,SESS_309413,2026-04-08 13:00:00,affiliatenetwork,referral,Campaign_Promo_Retarget,/promo-deals/page_5,Mobile,124
TP_003711,CUST_0900,5,SESS_129088,2026-04-08 22:00:00,organicsearch,seo,Campaign_Promo_Winter,/promo-deals/page_7,Mobile,132
TP_003712,CUST_0900,5,SESS_129088,2026-04-15 10:00:00,organicsearch,seo,Campaign_Promo_Retarget,/promo-deals/page_8,Mobile,25
TP_003713,CUST_0900,2,SESS_129088,2026-04-08 18:00:00,facebookads,paidsocial,Campaign_Promo_Retarget,/promo-deals/page_10,Mobile,394
TP_003714,CUST_0900,4,SESS_129088,2026-04-05 18:00:00,directtraffic,direct,Campaign_Promo_Winter,/promo-deals/page_9,Tablet,456
TP_003715,CUST_0901,2,SESS_676132,2026-02-04 12:00:00,facebookads,paidsocial,Campaign_Promo_Winter,/promo-deals/page_3,Tablet,429
TP_003716,CUST_0901,2,SESS_676132,2026-02-02 03:00:00,facebookads,paidsocial,Campaign_Promo_Winter,/promo-deals/page_5,Mobile,147
TP_003717,CUST_0901,1,SESS_676132,2026-01-30 08:00:00,googleads,paidsearch,Campaign_Promo_Summer,/promo-deals/page_2,Desktop,40
TP_003718,CUST_0901,6,SESS_676132,2026-01-27 23:00:00,linkedinads,paidsocial,Campaign_Promo_Brand,/promo-deals/page_1,Tablet,211
TP_003719,CUST_0901,7,SESS_676132,2026-01-28 06:00:00,affiliatenetwork,referral,Campaign_Promo_Summer,/promo-deals/page_8,Mobile,598
TP_003720,CUST_0901,6,SESS_214247,2026-02-15 06:00:00,linkedinads,paidsocial,Campaign_Promo_Summer,/promo-deals/page_3,Mobile,463
TP_003721,CUST_0901,6,SESS_214247,2026-02-21 18:00:00,linkedinads,paidsocial,Campaign_Promo_Summer,/promo-deals/page_6,Mobile,18
TP_003722,CUST_0901,4,SESS_214247,2026-02-15 11:00:00,directtraffic,direct,Campaign_Promo_Retarget,/promo-deals/page_4,Desktop,109
TP_003723,CUST_0902,3,SESS_516794,2026-03-28 15:00:00,newsletter,email,Campaign_Promo_Winter,/promo-deals/page_6,Mobile,271
TP_003724,CUST_0902,1,SESS_516794,2026-03-23 00:00:00,googleads,paidsearch,Campaign_Promo_Brand,/promo-deals/page_2,Mobile,569
TP_003725,CUST_0902,6,SESS_516794,2026-03-28 14:00:00,linkedinads,paidsocial,Campaign_Promo_Brand,/promo-deals/page_8,Mobile,168
TP_003726,CUST_0903,3,SESS_657060,2026-01-25 02:00:00,newsletter,email,Campaign_Promo_Summer,/promo-deals/page_4,Mobile,352
TP_003727,CUST_0903,1,SESS_657060,2026-01-24 20:00:00,googleads,paidsearch,Campaign_Promo_Brand,/promo-deals/page_3,Desktop,419
TP_003728,CUST_0903,6,SESS_657060,2026-01-23 13:00:00,linkedinads,paidsocial,Campaign_Promo_Winter,/promo-deals/page_10,Mobile,398
TP_003729,CUST_0903,6,SESS_657060,2026-01-27 18:00:00,linkedinads,paidsocial,Campaign_Promo_Winter,/promo-deals/page_7,Mobile,333
TP_003730,CUST_0903,3,SESS_657060,2026-02-03 00:00:00,newsletter,email,Campaign_Promo_Brand,/promo-deals/page_8,Mobile,260
TP_003731,CUST_0905,1,SESS_182476,2026-03-21 06:00:00,googleads,paidsearch,Campaign_Promo_Retarget,/promo-deals/page_8,Mobile,486
TP_003732,CUST_0905,6,SESS_182476,2026-03-16 12:00:00,linkedinads,paidsocial,Campaign_Promo_Summer,/promo-deals/page_9,Mobile,218
TP_003733,CUST_0905,7,SESS_182476,2026-03-24 23:00:00,affiliatenetwork,referral,Campaign_Promo_Brand,/promo-deals/page_7,Mobile,270
TP_003734,CUST_0905,3,SESS_182476,2026-03-21 06:00:00,newsletter,email,Campaign_Promo_Brand,/promo-deals/page_8,Desktop,394
TP_003735,CUST_0905,6,SESS_182476,2026-03-21 21:00:00,linkedinads,paidsocial,Campaign_Promo_Winter,/promo-deals/page_8,Mobile,453
TP_003736,CUST_0905,5,SESS_806358,2026-04-26 19:00:00,organicsearch,seo,Campaign_Promo_Summer,/promo-deals/page_3,Mobile,285
TP_003737,CUST_0905,6,SESS_806358,2026-05-04 07:00:00,linkedinads,paidsocial,Campaign_Promo_Retarget,/promo-deals/page_6,Desktop,128
TP_003738,CUST_0906,6,SESS_279498,2026-03-15 12:00:00,linkedinads,paidsocial,Campaign_Promo_Winter,/promo-deals/page_9,Desktop,390
TP_003739,CUST_0906,3,SESS_279498,2026-03-07 23:00:00,newsletter,email,Campaign_Promo_Winter,/promo-deals/page_10,Desktop,341
TP_003740,CUST_0906,1,SESS_917878,2026-03-04 05:00:00,googleads,paidsearch,Campaign_Promo_Brand,/promo-deals/page_9,Mobile,550
TP_003741,CUST_0907,6,SESS_960432,2026-02-28 19:00:00,linkedinads,paidsocial,Campaign_Promo_Brand,/promo-deals/page_8,Desktop,215
TP_003742,CUST_0907,5,SESS_960432,2026-03-12 19:00:00,organicsearch,seo,Campaign_Promo_Retarget,/promo-deals/page_7,Mobile,163
TP_003743,CUST_0907,1,SESS_960432,2026-03-07 14:00:00,googleads,paidsearch,Campaign_Promo_Retarget,/promo-deals/page_5,Desktop,54
TP_003744,CUST_0907,4,SESS_960432,2026-03-07 14:00:00,directtraffic,direct,Campaign_Promo_Brand,/promo-deals/page_9,Mobile,254
TP_003745,CUST_0907,5,SESS_947268,2026-04-14 17:00:00,organicsearch,seo,Campaign_Promo_Brand,/promo-deals/page_10,Mobile,520
TP_003746,CUST_0907,5,SESS_947268,2026-04-12 06:00:00,organicsearch,seo,Campaign_Promo_Winter,/promo-deals/page_9,Mobile,466
TP_003747,CUST_0907,2,SESS_947268,2026-04-20 06:00:00,facebookads,paidsocial,Campaign_Promo_Retarget,/promo-deals/page_6,Mobile,230
TP_003748,CUST_0909,4,SESS_396134,2026-05-06 05:00:00,directtraffic,direct,Campaign_Promo_Summer,/promo-deals/page_7,Mobile,238
TP_003749,CUST_0909,4,SESS_410949,2026-05-10 07:00:00,directtraffic,direct,Campaign_Promo_Winter,/promo-deals/page_5,Mobile,406
TP_003750,CUST_0909,1,SESS_410949,2026-05-14 09:00:00,googleads,paidsearch,Campaign_Promo_Winter,/promo-deals/page_6,Desktop,270
TP_003751,CUST_0909,1,SESS_410949,2026-05-07 07:00:00,googleads,paidsearch,Campaign_Promo_Summer,/promo-deals/page_6,Desktop,94
TP_003752,CUST_0910,2,SESS_260036,2026-04-16 06:00:00,facebookads,paidsocial,Campaign_Promo_Winter,/promo-deals/page_4,Desktop,306
TP_003753,CUST_0910,1,SESS_260036,2026-04-14 23:00:00,googleads,paidsearch,Campaign_Promo_Winter,/promo-deals/page_5,Desktop,491
TP_003754,CUST_0910,7,SESS_260036,2026-04-17 05:00:00,affiliatenetwork,referral,Campaign_Promo_Summer,/promo-deals/page_6,Mobile,385
TP_003755,CUST_0910,6,SESS_260036,2026-04-13 20:00:00,linkedinads,paidsocial,Campaign_Promo_Summer,/promo-deals/page_1,Mobile,540
TP_003756,CUST_0910,5,SESS_260036,2026-04-18 03:00:00,organicsearch,seo,Campaign_Promo_Winter,/promo-deals/page_5,Mobile,143
TP_003757,CUST_0912,6,SESS_445513,2026-02-08 21:00:00,linkedinads,paidsocial,Campaign_Promo_Brand,/promo-deals/page_4,Mobile,361
TP_003758,CUST_0912,3,SESS_445513,2026-02-10 23:00:00,newsletter,email,Campaign_Promo_Summer,/promo-deals/page_6,Desktop,82
TP_003759,CUST_0912,6,SESS_445513,2026-02-10 12:00:00,linkedinads,paidsocial,Campaign_Promo_Retarget,/promo-deals/page_3,Desktop,178
TP_003760,CUST_0912,6,SESS_445513,2026-02-12 19:00:00,linkedinads,paidsocial,Campaign_Promo_Brand,/promo-deals/page_9,Mobile,352
TP_003761,CUST_0912,7,SESS_878514,2026-03-10 05:00:00,affiliatenetwork,referral,Campaign_Promo_Summer,/promo-deals/page_2,Mobile,109
TP_003762,CUST_0912,6,SESS_878514,2026-03-19 03:00:00,linkedinads,paidsocial,Campaign_Promo_Winter,/promo-deals/page_1,Desktop,371
TP_003763,CUST_0912,1,SESS_193053,2026-04-24 08:00:00,googleads,paidsearch,Campaign_Promo_Retarget,/promo-deals/page_4,Desktop,469
TP_003764,CUST_0914,5,SESS_130033,2026-02-24 09:00:00,organicsearch,seo,Campaign_Promo_Brand,/promo-deals/page_1,Mobile,544
TP_003765,CUST_0914,4,SESS_130033,2026-02-17 09:00:00,directtraffic,direct,Campaign_Promo_Retarget,/promo-deals/page_2,Mobile,431
TP_003766,CUST_0914,3,SESS_130033,2026-03-01 02:00:00,newsletter,email,Campaign_Promo_Brand,/promo-deals/page_4,Mobile,473
TP_003767,CUST_0915,7,SESS_467651,2026-03-20 03:00:00,affiliatenetwork,referral,Campaign_Promo_Retarget,/promo-deals/page_3,Mobile,551
TP_003768,CUST_0915,3,SESS_467651,2026-03-24 12:00:00,newsletter,email,Campaign_Promo_Summer,/promo-deals/page_4,Mobile,550
TP_003769,CUST_0915,2,SESS_467651,2026-03-20 03:00:00,facebookads,paidsocial,Campaign_Promo_Winter,/promo-deals/page_10,Desktop,561
TP_003770,CUST_0915,1,SESS_467651,2026-03-20 16:00:00,googleads,paidsearch,Campaign_Promo_Summer,/promo-deals/page_1,Mobile,431
TP_003771,CUST_0916,6,SESS_466946,2026-02-19 21:00:00,linkedinads,paidsocial,Campaign_Promo_Winter,/promo-deals/page_8,Mobile,171
TP_003772,CUST_0916,3,SESS_141669,2026-02-25 14:00:00,newsletter,email,Campaign_Promo_Summer,/promo-deals/page_1,Mobile,32
TP_003773,CUST_0916,7,SESS_141669,2026-02-25 20:00:00,affiliatenetwork,referral,Campaign_Promo_Summer,/promo-deals/page_4,Mobile,293
TP_003774,CUST_0916,4,SESS_141669,2026-03-09 01:00:00,directtraffic,direct,Campaign_Promo_Retarget,/promo-deals/page_2,Mobile,279
TP_003775,CUST_0916,1,SESS_141669,2026-03-08 13:00:00,googleads,paidsearch,Campaign_Promo_Summer,/promo-deals/page_10,Mobile,88
TP_003776,CUST_0916,6,SESS_141669,2026-03-09 10:00:00,linkedinads,paidsocial,Campaign_Promo_Winter,/promo-deals/page_2,Tablet,533
TP_003777,CUST_0918,4,SESS_526839,2026-02-16 15:00:00,directtraffic,direct,Campaign_Promo_Winter,/promo-deals/page_8,Mobile,174
TP_003778,CUST_0918,1,SESS_526839,2026-02-18 00:00:00,googleads,paidsearch,Campaign_Promo_Winter,/promo-deals/page_6,Mobile,480
TP_003779,CUST_0920,2,SESS_611367,2026-04-14 15:00:00,facebookads,paidsocial,Campaign_Promo_Winter,/promo-deals/page_4,Mobile,464
TP_003780,CUST_0920,7,SESS_611367,2026-04-13 12:00:00,affiliatenetwork,referral,Campaign_Promo_Retarget,/promo-deals/page_5,Mobile,22
TP_003781,CUST_0920,6,SESS_611367,2026-04-18 02:00:00,linkedinads,paidsocial,Campaign_Promo_Winter,/promo-deals/page_3,Desktop,172
TP_003782,CUST_0920,1,SESS_611367,2026-04-13 04:00:00,googleads,paidsearch,Campaign_Promo_Brand,/promo-deals/page_9,Desktop,363
TP_003783,CUST_0921,7,SESS_463775,2026-03-16 20:00:00,affiliatenetwork,referral,Campaign_Promo_Retarget,/promo-deals/page_3,Mobile,95
TP_003784,CUST_0921,5,SESS_463775,2026-03-27 07:00:00,organicsearch,seo,Campaign_Promo_Summer,/promo-deals/page_3,Mobile,162
TP_003785,CUST_0921,3,SESS_463775,2026-03-17 01:00:00,newsletter,email,Campaign_Promo_Summer,/promo-deals/page_5,Mobile,136
TP_003786,CUST_0921,7,SESS_463775,2026-03-29 19:00:00,affiliatenetwork,referral,Campaign_Promo_Summer,/promo-deals/page_4,Mobile,464
TP_003787,CUST_0922,4,SESS_190600,2026-01-09 12:00:00,directtraffic,direct,Campaign_Promo_Winter,/promo-deals/page_9,Desktop,128
TP_003788,CUST_0922,5,SESS_904515,2026-02-05 01:00:00,organicsearch,seo,Campaign_Promo_Retarget,/promo-deals/page_9,Mobile,276
TP_003789,CUST_0923,4,SESS_527399,2026-03-24 04:00:00,directtraffic,direct,Campaign_Promo_Summer,/promo-deals/page_1,Desktop,266
TP_003790,CUST_0923,7,SESS_527399,2026-03-27 20:00:00,affiliatenetwork,referral,Campaign_Promo_Retarget,/promo-deals/page_3,Mobile,251
TP_003791,CUST_0923,1,SESS_146485,2026-04-27 13:00:00,googleads,paidsearch,Campaign_Promo_Retarget,/promo-deals/page_10,Mobile,222
TP_003792,CUST_0923,1,SESS_146485,2026-04-17 09:00:00,googleads,paidsearch,Campaign_Promo_Retarget,/promo-deals/page_3,Desktop,347
TP_003793,CUST_0926,6,SESS_735950,2026-02-04 11:00:00,linkedinads,paidsocial,Campaign_Promo_Retarget,/promo-deals/page_4,Mobile,145
TP_003794,CUST_0926,1,SESS_735950,2026-02-03 20:00:00,googleads,paidsearch,Campaign_Promo_Winter,/promo-deals/page_3,Desktop,220
TP_003795,CUST_0928,1,SESS_736443,2026-04-13 19:00:00,googleads,paidsearch,Campaign_Promo_Summer,/promo-deals/page_9,Mobile,546
TP_003796,CUST_0928,6,SESS_736443,2026-04-19 21:00:00,linkedinads,paidsocial,Campaign_Promo_Winter,/promo-deals/page_5,Desktop,578
TP_003797,CUST_0928,5,SESS_736443,2026-04-08 14:00:00,organicsearch,seo,Campaign_Promo_Brand,/promo-deals/page_3,Mobile,287
TP_003798,CUST_0928,6,SESS_366286,2026-05-02 17:00:00,linkedinads,paidsocial,Campaign_Promo_Brand,/promo-deals/page_5,Mobile,208
TP_003799,CUST_0928,7,SESS_366286,2026-04-30 02:00:00,affiliatenetwork,referral,Campaign_Promo_Brand,/promo-deals/page_8,Desktop,534
TP_003800,CUST_0928,3,SESS_366286,2026-05-05 22:00:00,newsletter,email,Campaign_Promo_Retarget,/promo-deals/page_8,Desktop,365
TP_003801,CUST_0928,1,SESS_366286,2026-04-24 03:00:00,googleads,paidsearch,Campaign_Promo_Summer,/promo-deals/page_1,Mobile,569
TP_003802,CUST_0928,3,SESS_366286,2026-04-28 18:00:00,newsletter,email,Campaign_Promo_Winter,/promo-deals/page_6,Mobile,465
TP_003803,CUST_0929,1,SESS_175298,2026-01-04 22:00:00,googleads,paidsearch,Campaign_Promo_Retarget,/promo-deals/page_8,Mobile,275
TP_003804,CUST_0929,3,SESS_175298,2026-01-05 14:00:00,newsletter,email,Campaign_Promo_Retarget,/promo-deals/page_9,Desktop,562
TP_003805,CUST_0930,6,SESS_908817,2026-03-29 05:00:00,linkedinads,paidsocial,Campaign_Promo_Summer,/promo-deals/page_7,Mobile,538
TP_003806,CUST_0930,7,SESS_908817,2026-03-20 04:00:00,affiliatenetwork,referral,Campaign_Promo_Summer,/promo-deals/page_8,Desktop,303
TP_003807,CUST_0930,6,SESS_908817,2026-03-22 04:00:00,linkedinads,paidsocial,Campaign_Promo_Retarget,/promo-deals/page_10,Desktop,18
TP_003808,CUST_0930,7,SESS_908817,2026-03-31 21:00:00,affiliatenetwork,referral,Campaign_Promo_Retarget,/promo-deals/page_10,Mobile,444
TP_003809,CUST_0930,6,SESS_360149,2026-04-23 10:00:00,linkedinads,paidsocial,Campaign_Promo_Winter,/promo-deals/page_7,Mobile,86
TP_003810,CUST_0930,4,SESS_360149,2026-04-22 03:00:00,directtraffic,direct,Campaign_Promo_Brand,/promo-deals/page_6,Mobile,283
TP_003811,CUST_0930,1,SESS_360149,2026-04-18 14:00:00,googleads,paidsearch,Campaign_Promo_Brand,/promo-deals/page_1,Mobile,567
TP_003812,CUST_0930,2,SESS_360149,2026-04-27 07:00:00,facebookads,paidsocial,Campaign_Promo_Brand,/promo-deals/page_7,Desktop,64
TP_003813,CUST_0930,1,SESS_360149,2026-04-18 23:00:00,googleads,paidsearch,Campaign_Promo_Retarget,/promo-deals/page_10,Mobile,200
TP_003814,CUST_0931,5,SESS_309065,2026-02-17 04:00:00,organicsearch,seo,Campaign_Promo_Summer,/promo-deals/page_3,Desktop,76
TP_003815,CUST_0931,7,SESS_309065,2026-02-18 16:00:00,affiliatenetwork,referral,Campaign_Promo_Summer,/promo-deals/page_1,Mobile,191
TP_003816,CUST_0931,6,SESS_309065,2026-02-14 19:00:00,linkedinads,paidsocial,Campaign_Promo_Summer,/promo-deals/page_4,Mobile,581
TP_003817,CUST_0931,5,SESS_989247,2026-03-08 07:00:00,organicsearch,seo,Campaign_Promo_Brand,/promo-deals/page_1,Mobile,173
TP_003818,CUST_0931,7,SESS_989247,2026-03-05 19:00:00,affiliatenetwork,referral,Campaign_Promo_Retarget,/promo-deals/page_4,Mobile,340
TP_003819,CUST_0931,7,SESS_989247,2026-03-02 06:00:00,affiliatenetwork,referral,Campaign_Promo_Brand,/promo-deals/page_5,Mobile,248
TP_003820,CUST_0931,5,SESS_989247,2026-03-05 15:00:00,organicsearch,seo,Campaign_Promo_Winter,/promo-deals/page_9,Desktop,167
TP_003821,CUST_0931,2,SESS_221419,2026-04-26 05:00:00,facebookads,paidsocial,Campaign_Promo_Retarget,/promo-deals/page_3,Desktop,551
TP_003822,CUST_0931,1,SESS_221419,2026-04-28 02:00:00,googleads,paidsearch,Campaign_Promo_Summer,/promo-deals/page_9,Mobile,375
TP_003823,CUST_0932,4,SESS_735379,2026-02-27 09:00:00,directtraffic,direct,Campaign_Promo_Brand,/promo-deals/page_6,Mobile,471
TP_003824,CUST_0932,3,SESS_199407,2026-03-24 07:00:00,newsletter,email,Campaign_Promo_Retarget,/promo-deals/page_7,Desktop,13
TP_003825,CUST_0932,2,SESS_498006,2026-04-28 05:00:00,facebookads,paidsocial,Campaign_Promo_Retarget,/promo-deals/page_10,Tablet,550
TP_003826,CUST_0932,4,SESS_498006,2026-04-27 04:00:00,directtraffic,direct,Campaign_Promo_Winter,/promo-deals/page_7,Mobile,157
TP_003827,CUST_0933,7,SESS_276536,2026-03-02 11:00:00,affiliatenetwork,referral,Campaign_Promo_Retarget,/promo-deals/page_2,Mobile,145
TP_003828,CUST_0933,2,SESS_276536,2026-03-06 06:00:00,facebookads,paidsocial,Campaign_Promo_Brand,/promo-deals/page_1,Desktop,59
TP_003829,CUST_0933,3,SESS_114742,2026-03-06 20:00:00,newsletter,email,Campaign_Promo_Summer,/promo-deals/page_4,Mobile,553
TP_003830,CUST_0936,1,SESS_310417,2026-02-16 10:00:00,googleads,paidsearch,Campaign_Promo_Summer,/promo-deals/page_2,Tablet,584
TP_003831,CUST_0936,1,SESS_310417,2026-02-14 13:00:00,googleads,paidsearch,Campaign_Promo_Brand,/promo-deals/page_7,Desktop,275
TP_003832,CUST_0936,1,SESS_310417,2026-02-10 20:00:00,googleads,paidsearch,Campaign_Promo_Winter,/promo-deals/page_1,Tablet,186
TP_003833,CUST_0936,1,SESS_131622,2026-03-20 11:00:00,googleads,paidsearch,Campaign_Promo_Brand,/promo-deals/page_3,Mobile,451
TP_003834,CUST_0936,1,SESS_359192,2026-04-20 15:00:00,googleads,paidsearch,Campaign_Promo_Brand,/promo-deals/page_3,Desktop,502
TP_003835,CUST_0936,2,SESS_359192,2026-04-29 21:00:00,facebookads,paidsocial,Campaign_Promo_Summer,/promo-deals/page_1,Mobile,173
TP_003836,CUST_0936,3,SESS_359192,2026-04-30 19:00:00,newsletter,email,Campaign_Promo_Brand,/promo-deals/page_4,Mobile,62
TP_003837,CUST_0936,4,SESS_359192,2026-04-25 05:00:00,directtraffic,direct,Campaign_Promo_Brand,/promo-deals/page_7,Desktop,324
TP_003838,CUST_0938,6,SESS_970317,2026-02-19 12:00:00,linkedinads,paidsocial,Campaign_Promo_Brand,/promo-deals/page_7,Desktop,396
TP_003839,CUST_0938,1,SESS_850951,2026-03-12 10:00:00,googleads,paidsearch,Campaign_Promo_Retarget,/promo-deals/page_2,Mobile,148
TP_003840,CUST_0938,7,SESS_850951,2026-03-19 13:00:00,affiliatenetwork,referral,Campaign_Promo_Winter,/promo-deals/page_10,Mobile,319
TP_003841,CUST_0938,3,SESS_850951,2026-03-11 10:00:00,newsletter,email,Campaign_Promo_Brand,/promo-deals/page_10,Mobile,507
TP_003842,CUST_0938,2,SESS_850951,2026-03-16 03:00:00,facebookads,paidsocial,Campaign_Promo_Winter,/promo-deals/page_5,Mobile,328
TP_003843,CUST_0938,2,SESS_846015,2026-04-30 05:00:00,facebookads,paidsocial,Campaign_Promo_Brand,/promo-deals/page_3,Mobile,356
TP_003844,CUST_0938,5,SESS_846015,2026-05-08 12:00:00,organicsearch,seo,Campaign_Promo_Winter,/promo-deals/page_10,Mobile,392
TP_003845,CUST_0939,1,SESS_315601,2026-04-10 17:00:00,googleads,paidsearch,Campaign_Promo_Summer,/promo-deals/page_5,Mobile,275
TP_003846,CUST_0939,3,SESS_315601,2026-04-10 13:00:00,newsletter,email,Campaign_Promo_Brand,/promo-deals/page_2,Mobile,447
TP_003847,CUST_0939,5,SESS_315601,2026-04-11 01:00:00,organicsearch,seo,Campaign_Promo_Winter,/promo-deals/page_10,Mobile,569
TP_003848,CUST_0939,3,SESS_315601,2026-04-19 03:00:00,newsletter,email,Campaign_Promo_Summer,/promo-deals/page_4,Mobile,246
TP_003849,CUST_0939,4,SESS_315601,2026-04-19 02:00:00,directtraffic,direct,Campaign_Promo_Retarget,/promo-deals/page_2,Mobile,491
TP_003850,CUST_0940,1,SESS_455836,2026-01-17 03:00:00,googleads,paidsearch,Campaign_Promo_Winter,/promo-deals/page_1,Mobile,60
TP_003851,CUST_0940,5,SESS_455836,2026-01-21 23:00:00,organicsearch,seo,Campaign_Promo_Summer,/promo-deals/page_1,Mobile,69
TP_003852,CUST_0940,4,SESS_455836,2026-01-17 07:00:00,directtraffic,direct,Campaign_Promo_Brand,/promo-deals/page_3,Mobile,86
TP_003853,CUST_0940,7,SESS_556382,2026-03-02 08:00:00,affiliatenetwork,referral,Campaign_Promo_Retarget,/promo-deals/page_2,Mobile,450
TP_003854,CUST_0940,4,SESS_556382,2026-02-25 21:00:00,directtraffic,direct,Campaign_Promo_Retarget,/promo-deals/page_10,Mobile,106
TP_003855,CUST_0940,7,SESS_556382,2026-02-20 06:00:00,affiliatenetwork,referral,Campaign_Promo_Brand,/promo-deals/page_10,Mobile,487
TP_003856,CUST_0940,2,SESS_556382,2026-02-23 19:00:00,facebookads,paidsocial,Campaign_Promo_Brand,/promo-deals/page_2,Mobile,386
TP_003857,CUST_0940,5,SESS_556382,2026-02-28 11:00:00,organicsearch,seo,Campaign_Promo_Retarget,/promo-deals/page_8,Desktop,600
TP_003858,CUST_0940,4,SESS_120785,2026-04-05 03:00:00,directtraffic,direct,Campaign_Promo_Summer,/promo-deals/page_2,Mobile,70
TP_003859,CUST_0942,7,SESS_987369,2026-01-20 23:00:00,affiliatenetwork,referral,Campaign_Promo_Brand,/promo-deals/page_8,Mobile,469
TP_003860,CUST_0942,5,SESS_987369,2026-01-13 03:00:00,organicsearch,seo,Campaign_Promo_Summer,/promo-deals/page_3,Tablet,199
TP_003861,CUST_0942,2,SESS_993116,2026-02-22 01:00:00,facebookads,paidsocial,Campaign_Promo_Brand,/promo-deals/page_5,Mobile,149
TP_003862,CUST_0942,4,SESS_993116,2026-02-13 01:00:00,directtraffic,direct,Campaign_Promo_Summer,/promo-deals/page_5,Mobile,218
TP_003863,CUST_0942,4,SESS_993116,2026-02-13 03:00:00,directtraffic,direct,Campaign_Promo_Retarget,/promo-deals/page_1,Desktop,136
TP_003864,CUST_0942,5,SESS_993116,2026-02-13 10:00:00,organicsearch,seo,Campaign_Promo_Summer,/promo-deals/page_2,Desktop,473
TP_003865,CUST_0942,3,SESS_993116,2026-02-13 18:00:00,newsletter,email,Campaign_Promo_Brand,/promo-deals/page_5,Desktop,263
TP_003866,CUST_0942,4,SESS_891793,2026-04-04 19:00:00,directtraffic,direct,Campaign_Promo_Brand,/promo-deals/page_6,Mobile,343
TP_003867,CUST_0942,5,SESS_891793,2026-03-28 02:00:00,organicsearch,seo,Campaign_Promo_Brand,/promo-deals/page_6,Mobile,235
TP_003868,CUST_0942,4,SESS_891793,2026-03-31 09:00:00,directtraffic,direct,Campaign_Promo_Retarget,/promo-deals/page_6,Mobile,191
TP_003869,CUST_0942,1,SESS_891793,2026-03-24 16:00:00,googleads,paidsearch,Campaign_Promo_Brand,/promo-deals/page_6,Mobile,465
TP_003870,CUST_0943,2,SESS_849937,2026-03-06 18:00:00,facebookads,paidsocial,Campaign_Promo_Brand,/promo-deals/page_8,Mobile,73
TP_003871,CUST_0943,7,SESS_849937,2026-02-26 12:00:00,affiliatenetwork,referral,Campaign_Promo_Summer,/promo-deals/page_4,Mobile,34
TP_003872,CUST_0944,3,SESS_640702,2026-04-16 06:00:00,newsletter,email,Campaign_Promo_Brand,/promo-deals/page_9,Tablet,404
TP_003873,CUST_0944,1,SESS_640702,2026-04-21 14:00:00,googleads,paidsearch,Campaign_Promo_Winter,/promo-deals/page_9,Desktop,180
TP_003874,CUST_0944,1,SESS_367229,2026-04-19 23:00:00,googleads,paidsearch,Campaign_Promo_Brand,/promo-deals/page_3,Mobile,148
TP_003875,CUST_0944,3,SESS_367229,2026-04-25 17:00:00,newsletter,email,Campaign_Promo_Brand,/promo-deals/page_3,Desktop,137
TP_003876,CUST_0944,3,SESS_367229,2026-04-29 23:00:00,newsletter,email,Campaign_Promo_Summer,/promo-deals/page_10,Mobile,548
TP_003877,CUST_0944,1,SESS_367229,2026-04-29 11:00:00,googleads,paidsearch,Campaign_Promo_Retarget,/promo-deals/page_9,Mobile,392
TP_003878,CUST_0945,6,SESS_544205,2026-03-07 23:00:00,linkedinads,paidsocial,Campaign_Promo_Winter,/promo-deals/page_9,Mobile,161
TP_003879,CUST_0945,4,SESS_544205,2026-03-11 19:00:00,directtraffic,direct,Campaign_Promo_Summer,/promo-deals/page_4,Desktop,119
TP_003880,CUST_0945,4,SESS_528772,2026-04-10 12:00:00,directtraffic,direct,Campaign_Promo_Retarget,/promo-deals/page_2,Mobile,329
TP_003881,CUST_0945,4,SESS_528772,2026-04-02 09:00:00,directtraffic,direct,Campaign_Promo_Retarget,/promo-deals/page_9,Mobile,276
TP_003882,CUST_0945,5,SESS_528772,2026-03-31 02:00:00,organicsearch,seo,Campaign_Promo_Winter,/promo-deals/page_9,Mobile,322
TP_003883,CUST_0945,5,SESS_528772,2026-04-08 22:00:00,organicsearch,seo,Campaign_Promo_Winter,/promo-deals/page_9,Desktop,311
TP_003884,CUST_0945,4,SESS_528772,2026-04-07 12:00:00,directtraffic,direct,Campaign_Promo_Summer,/promo-deals/page_6,Desktop,78
TP_003885,CUST_0949,1,SESS_707293,2026-01-18 16:00:00,googleads,paidsearch,Campaign_Promo_Summer,/promo-deals/page_10,Desktop,346
TP_003886,CUST_0949,2,SESS_707293,2026-01-17 14:00:00,facebookads,paidsocial,Campaign_Promo_Retarget,/promo-deals/page_6,Mobile,555
TP_003887,CUST_0949,5,SESS_707293,2026-01-23 04:00:00,organicsearch,seo,Campaign_Promo_Winter,/promo-deals/page_3,Mobile,77
TP_003888,CUST_0950,7,SESS_722767,2026-02-03 11:00:00,affiliatenetwork,referral,Campaign_Promo_Summer,/promo-deals/page_5,Mobile,123
TP_003889,CUST_0950,2,SESS_906272,2026-02-26 15:00:00,facebookads,paidsocial,Campaign_Promo_Brand,/promo-deals/page_4,Desktop,46
TP_003890,CUST_0950,5,SESS_906272,2026-03-05 00:00:00,organicsearch,seo,Campaign_Promo_Retarget,/promo-deals/page_5,Desktop,118
TP_003891,CUST_0950,5,SESS_906272,2026-03-07 14:00:00,organicsearch,seo,Campaign_Promo_Winter,/promo-deals/page_5,Mobile,39
TP_003892,CUST_0950,5,SESS_906272,2026-03-06 10:00:00,organicsearch,seo,Campaign_Promo_Retarget,/promo-deals/page_2,Mobile,354
TP_003893,CUST_0950,7,SESS_906272,2026-02-25 16:00:00,affiliatenetwork,referral,Campaign_Promo_Winter,/promo-deals/page_10,Mobile,215
TP_003894,CUST_0951,7,SESS_367293,2026-01-18 19:00:00,affiliatenetwork,referral,Campaign_Promo_Summer,/promo-deals/page_5,Mobile,172
TP_003895,CUST_0951,2,SESS_367293,2026-01-10 10:00:00,facebookads,paidsocial,Campaign_Promo_Winter,/promo-deals/page_2,Desktop,325
TP_003896,CUST_0952,3,SESS_468754,2026-03-20 03:00:00,newsletter,email,Campaign_Promo_Retarget,/promo-deals/page_4,Desktop,206
TP_003897,CUST_0952,3,SESS_468754,2026-03-29 11:00:00,newsletter,email,Campaign_Promo_Brand,/promo-deals/page_10,Mobile,195
TP_003898,CUST_0952,5,SESS_274120,2026-04-28 22:00:00,organicsearch,seo,Campaign_Promo_Winter,/promo-deals/page_5,Mobile,312
TP_003899,CUST_0952,6,SESS_274120,2026-04-29 13:00:00,linkedinads,paidsocial,Campaign_Promo_Summer,/promo-deals/page_10,Mobile,231
TP_003900,CUST_0952,6,SESS_274120,2026-05-07 11:00:00,linkedinads,paidsocial,Campaign_Promo_Retarget,/promo-deals/page_3,Mobile,373
TP_003901,CUST_0952,2,SESS_274120,2026-05-06 12:00:00,facebookads,paidsocial,Campaign_Promo_Brand,/promo-deals/page_10,Desktop,73
TP_003902,CUST_0952,2,SESS_274120,2026-04-29 10:00:00,facebookads,paidsocial,Campaign_Promo_Winter,/promo-deals/page_1,Desktop,352
TP_003903,CUST_0953,6,SESS_243522,2026-03-29 13:00:00,linkedinads,paidsocial,Campaign_Promo_Summer,/promo-deals/page_4,Mobile,49
TP_003904,CUST_0953,2,SESS_243522,2026-03-27 04:00:00,facebookads,paidsocial,Campaign_Promo_Retarget,/promo-deals/page_8,Desktop,535
TP_003905,CUST_0953,4,SESS_243522,2026-03-31 02:00:00,directtraffic,direct,Campaign_Promo_Retarget,/promo-deals/page_6,Mobile,64
TP_003906,CUST_0953,3,SESS_249471,2026-04-05 15:00:00,newsletter,email,Campaign_Promo_Summer,/promo-deals/page_4,Desktop,314
TP_003907,CUST_0953,1,SESS_249471,2026-04-07 14:00:00,googleads,paidsearch,Campaign_Promo_Summer,/promo-deals/page_3,Mobile,513
TP_003908,CUST_0953,2,SESS_249471,2026-04-17 07:00:00,facebookads,paidsocial,Campaign_Promo_Summer,/promo-deals/page_6,Desktop,103
TP_003909,CUST_0953,2,SESS_249471,2026-04-11 13:00:00,facebookads,paidsocial,Campaign_Promo_Summer,/promo-deals/page_7,Tablet,343
TP_003910,CUST_0953,1,SESS_249471,2026-04-10 11:00:00,googleads,paidsearch,Campaign_Promo_Winter,/promo-deals/page_6,Mobile,512
TP_003911,CUST_0954,5,SESS_782917,2026-02-26 17:00:00,organicsearch,seo,Campaign_Promo_Brand,/promo-deals/page_5,Desktop,476
TP_003912,CUST_0954,1,SESS_782917,2026-02-28 00:00:00,googleads,paidsearch,Campaign_Promo_Retarget,/promo-deals/page_8,Mobile,563
TP_003913,CUST_0954,4,SESS_455696,2026-03-29 04:00:00,directtraffic,direct,Campaign_Promo_Summer,/promo-deals/page_2,Desktop,150
TP_003914,CUST_0955,4,SESS_543061,2026-02-01 16:00:00,directtraffic,direct,Campaign_Promo_Winter,/promo-deals/page_8,Desktop,242
TP_003915,CUST_0956,5,SESS_789907,2026-03-08 23:00:00,organicsearch,seo,Campaign_Promo_Summer,/promo-deals/page_4,Mobile,435
TP_003916,CUST_0956,6,SESS_789907,2026-03-10 10:00:00,linkedinads,paidsocial,Campaign_Promo_Brand,/promo-deals/page_4,Desktop,180
TP_003917,CUST_0956,5,SESS_789907,2026-03-11 17:00:00,organicsearch,seo,Campaign_Promo_Brand,/promo-deals/page_5,Desktop,565
TP_003918,CUST_0956,6,SESS_789907,2026-03-05 14:00:00,linkedinads,paidsocial,Campaign_Promo_Summer,/promo-deals/page_5,Mobile,217
TP_003919,CUST_0958,3,SESS_784201,2026-04-12 20:00:00,newsletter,email,Campaign_Promo_Brand,/promo-deals/page_1,Desktop,394
TP_003920,CUST_0958,2,SESS_784201,2026-04-20 01:00:00,facebookads,paidsocial,Campaign_Promo_Winter,/promo-deals/page_5,Desktop,435
TP_003921,CUST_0958,4,SESS_784201,2026-04-13 10:00:00,directtraffic,direct,Campaign_Promo_Retarget,/promo-deals/page_9,Mobile,52
TP_003922,CUST_0958,1,SESS_784201,2026-04-14 07:00:00,googleads,paidsearch,Campaign_Promo_Retarget,/promo-deals/page_8,Mobile,410
TP_003923,CUST_0958,4,SESS_784201,2026-04-10 15:00:00,directtraffic,direct,Campaign_Promo_Summer,/promo-deals/page_4,Mobile,518
TP_003924,CUST_0958,1,SESS_463720,2026-04-23 07:00:00,googleads,paidsearch,Campaign_Promo_Summer,/promo-deals/page_7,Mobile,592
TP_003925,CUST_0958,6,SESS_463720,2026-05-03 21:00:00,linkedinads,paidsocial,Campaign_Promo_Summer,/promo-deals/page_2,Desktop,452
TP_003926,CUST_0958,1,SESS_463720,2026-05-05 02:00:00,googleads,paidsearch,Campaign_Promo_Winter,/promo-deals/page_3,Mobile,382
TP_003927,CUST_0958,6,SESS_463720,2026-05-06 07:00:00,linkedinads,paidsocial,Campaign_Promo_Retarget,/promo-deals/page_7,Mobile,228
TP_003928,CUST_0959,7,SESS_746838,2026-02-08 05:00:00,affiliatenetwork,referral,Campaign_Promo_Winter,/promo-deals/page_10,Mobile,284
TP_003929,CUST_0959,3,SESS_746838,2026-02-07 13:00:00,newsletter,email,Campaign_Promo_Retarget,/promo-deals/page_5,Mobile,310
TP_003930,CUST_0959,4,SESS_427815,2026-03-15 16:00:00,directtraffic,direct,Campaign_Promo_Summer,/promo-deals/page_4,Desktop,235
TP_003931,CUST_0959,1,SESS_524070,2026-04-22 20:00:00,googleads,paidsearch,Campaign_Promo_Brand,/promo-deals/page_4,Desktop,274
TP_003932,CUST_0959,7,SESS_524070,2026-04-16 19:00:00,affiliatenetwork,referral,Campaign_Promo_Retarget,/promo-deals/page_1,Mobile,266
TP_003933,CUST_0959,3,SESS_524070,2026-04-17 23:00:00,newsletter,email,Campaign_Promo_Brand,/promo-deals/page_4,Mobile,372
TP_003934,CUST_0960,6,SESS_170413,2026-03-13 18:00:00,linkedinads,paidsocial,Campaign_Promo_Brand,/promo-deals/page_3,Mobile,538
TP_003935,CUST_0961,5,SESS_223588,2026-04-16 00:00:00,organicsearch,seo,Campaign_Promo_Brand,/promo-deals/page_1,Mobile,72
TP_003936,CUST_0961,4,SESS_223588,2026-04-19 20:00:00,directtraffic,direct,Campaign_Promo_Winter,/promo-deals/page_1,Tablet,523
TP_003937,CUST_0961,4,SESS_223588,2026-04-20 12:00:00,directtraffic,direct,Campaign_Promo_Summer,/promo-deals/page_6,Mobile,83
TP_003938,CUST_0961,2,SESS_223588,2026-04-27 04:00:00,facebookads,paidsocial,Campaign_Promo_Winter,/promo-deals/page_9,Desktop,304
TP_003939,CUST_0962,7,SESS_314834,2026-02-12 16:00:00,affiliatenetwork,referral,Campaign_Promo_Winter,/promo-deals/page_10,Mobile,467
TP_003940,CUST_0962,2,SESS_150534,2026-03-12 11:00:00,facebookads,paidsocial,Campaign_Promo_Brand,/promo-deals/page_1,Mobile,374
TP_003941,CUST_0962,5,SESS_150534,2026-03-12 16:00:00,organicsearch,seo,Campaign_Promo_Brand,/promo-deals/page_8,Mobile,537
TP_003942,CUST_0962,1,SESS_150534,2026-03-12 22:00:00,googleads,paidsearch,Campaign_Promo_Retarget,/promo-deals/page_4,Desktop,183
TP_003943,CUST_0962,5,SESS_150534,2026-03-13 10:00:00,organicsearch,seo,Campaign_Promo_Winter,/promo-deals/page_2,Mobile,185
TP_003944,CUST_0963,2,SESS_845261,2026-02-10 19:00:00,facebookads,paidsocial,Campaign_Promo_Summer,/promo-deals/page_6,Desktop,175
TP_003945,CUST_0963,2,SESS_845261,2026-02-08 06:00:00,facebookads,paidsocial,Campaign_Promo_Winter,/promo-deals/page_3,Desktop,549
TP_003946,CUST_0963,3,SESS_959604,2026-03-05 06:00:00,newsletter,email,Campaign_Promo_Retarget,/promo-deals/page_9,Mobile,507
TP_003947,CUST_0964,5,SESS_875782,2026-04-01 14:00:00,organicsearch,seo,Campaign_Promo_Winter,/promo-deals/page_2,Tablet,166
TP_003948,CUST_0965,3,SESS_575356,2026-02-18 08:00:00,newsletter,email,Campaign_Promo_Winter,/promo-deals/page_4,Mobile,144
TP_003949,CUST_0965,5,SESS_575356,2026-02-17 22:00:00,organicsearch,seo,Campaign_Promo_Retarget,/promo-deals/page_6,Mobile,425
TP_003950,CUST_0965,1,SESS_575356,2026-02-27 18:00:00,googleads,paidsearch,Campaign_Promo_Summer,/promo-deals/page_3,Mobile,349
TP_003951,CUST_0965,3,SESS_871550,2026-02-24 07:00:00,newsletter,email,Campaign_Promo_Retarget,/promo-deals/page_9,Desktop,598
TP_003952,CUST_0965,1,SESS_871550,2026-02-26 07:00:00,googleads,paidsearch,Campaign_Promo_Retarget,/promo-deals/page_1,Mobile,591
TP_003953,CUST_0965,5,SESS_871550,2026-03-01 16:00:00,organicsearch,seo,Campaign_Promo_Brand,/promo-deals/page_2,Desktop,169
TP_003954,CUST_0965,6,SESS_619047,2026-04-09 13:00:00,linkedinads,paidsocial,Campaign_Promo_Brand,/promo-deals/page_4,Mobile,93
TP_003955,CUST_0965,7,SESS_619047,2026-03-31 09:00:00,affiliatenetwork,referral,Campaign_Promo_Brand,/promo-deals/page_2,Mobile,476
TP_003956,CUST_0965,4,SESS_619047,2026-03-31 14:00:00,directtraffic,direct,Campaign_Promo_Brand,/promo-deals/page_7,Desktop,60
TP_003957,CUST_0965,4,SESS_619047,2026-04-14 11:00:00,directtraffic,direct,Campaign_Promo_Winter,/promo-deals/page_9,Desktop,422
TP_003958,CUST_0969,5,SESS_194735,2026-02-14 00:00:00,organicsearch,seo,Campaign_Promo_Winter,/promo-deals/page_10,Mobile,448
TP_003959,CUST_0969,4,SESS_194735,2026-02-11 00:00:00,directtraffic,direct,Campaign_Promo_Summer,/promo-deals/page_6,Mobile,593
TP_003960,CUST_0969,1,SESS_589236,2026-04-19 14:00:00,googleads,paidsearch,Campaign_Promo_Retarget,/promo-deals/page_2,Mobile,140
TP_003961,CUST_0969,1,SESS_589236,2026-04-20 18:00:00,googleads,paidsearch,Campaign_Promo_Winter,/promo-deals/page_2,Mobile,524
TP_003962,CUST_0969,4,SESS_589236,2026-04-08 22:00:00,directtraffic,direct,Campaign_Promo_Retarget,/promo-deals/page_1,Mobile,482
TP_003963,CUST_0969,2,SESS_935240,2026-04-07 08:00:00,facebookads,paidsocial,Campaign_Promo_Brand,/promo-deals/page_1,Desktop,293
TP_003964,CUST_0969,4,SESS_935240,2026-04-12 15:00:00,directtraffic,direct,Campaign_Promo_Summer,/promo-deals/page_7,Mobile,459
TP_003965,CUST_0970,6,SESS_741090,2026-05-07 10:00:00,linkedinads,paidsocial,Campaign_Promo_Brand,/promo-deals/page_4,Desktop,312
TP_003966,CUST_0970,2,SESS_741090,2026-04-24 20:00:00,facebookads,paidsocial,Campaign_Promo_Retarget,/promo-deals/page_4,Mobile,134
TP_003967,CUST_0970,1,SESS_151037,2026-05-07 01:00:00,googleads,paidsearch,Campaign_Promo_Retarget,/promo-deals/page_5,Desktop,42
TP_003968,CUST_0970,4,SESS_151037,2026-04-27 17:00:00,directtraffic,direct,Campaign_Promo_Summer,/promo-deals/page_5,Mobile,510
TP_003969,CUST_0972,3,SESS_380197,2026-04-10 17:00:00,newsletter,email,Campaign_Promo_Brand,/promo-deals/page_2,Mobile,375
TP_003970,CUST_0972,4,SESS_380197,2026-04-16 13:00:00,directtraffic,direct,Campaign_Promo_Brand,/promo-deals/page_3,Desktop,530
TP_003971,CUST_0972,5,SESS_380197,2026-04-18 23:00:00,organicsearch,seo,Campaign_Promo_Retarget,/promo-deals/page_3,Mobile,367
TP_003972,CUST_0973,7,SESS_727132,2026-04-03 12:00:00,affiliatenetwork,referral,Campaign_Promo_Retarget,/promo-deals/page_5,Desktop,261
TP_003973,CUST_0973,1,SESS_727132,2026-04-13 06:00:00,googleads,paidsearch,Campaign_Promo_Brand,/promo-deals/page_4,Mobile,212
TP_003974,CUST_0973,1,SESS_727132,2026-04-09 02:00:00,googleads,paidsearch,Campaign_Promo_Brand,/promo-deals/page_10,Mobile,564
TP_003975,CUST_0973,3,SESS_727132,2026-04-09 20:00:00,newsletter,email,Campaign_Promo_Winter,/promo-deals/page_1,Desktop,258
TP_003976,CUST_0974,1,SESS_916055,2026-04-15 19:00:00,googleads,paidsearch,Campaign_Promo_Brand,/promo-deals/page_9,Mobile,522
TP_003977,CUST_0974,1,SESS_916055,2026-04-23 00:00:00,googleads,paidsearch,Campaign_Promo_Brand,/promo-deals/page_1,Mobile,346
TP_003978,CUST_0975,2,SESS_967330,2026-03-23 02:00:00,facebookads,paidsocial,Campaign_Promo_Brand,/promo-deals/page_1,Desktop,464
TP_003979,CUST_0976,1,SESS_953560,2026-02-15 14:00:00,googleads,paidsearch,Campaign_Promo_Summer,/promo-deals/page_6,Desktop,593
TP_003980,CUST_0976,6,SESS_953560,2026-02-08 12:00:00,linkedinads,paidsocial,Campaign_Promo_Brand,/promo-deals/page_5,Desktop,188
TP_003981,CUST_0976,2,SESS_953560,2026-02-19 02:00:00,facebookads,paidsocial,Campaign_Promo_Retarget,/promo-deals/page_5,Mobile,107
TP_003982,CUST_0976,3,SESS_953560,2026-02-14 08:00:00,newsletter,email,Campaign_Promo_Retarget,/promo-deals/page_5,Tablet,159
TP_003983,CUST_0976,6,SESS_953560,2026-02-13 12:00:00,linkedinads,paidsocial,Campaign_Promo_Winter,/promo-deals/page_9,Mobile,313
TP_003984,CUST_0977,3,SESS_225733,2026-02-02 14:00:00,newsletter,email,Campaign_Promo_Summer,/promo-deals/page_2,Desktop,187
TP_003985,CUST_0977,4,SESS_225733,2026-01-26 00:00:00,directtraffic,direct,Campaign_Promo_Winter,/promo-deals/page_10,Desktop,452
TP_003986,CUST_0977,5,SESS_225733,2026-01-23 19:00:00,organicsearch,seo,Campaign_Promo_Brand,/promo-deals/page_9,Mobile,148
TP_003987,CUST_0977,6,SESS_793787,2026-03-11 04:00:00,linkedinads,paidsocial,Campaign_Promo_Summer,/promo-deals/page_5,Mobile,216
TP_003988,CUST_0977,6,SESS_793787,2026-03-20 21:00:00,linkedinads,paidsocial,Campaign_Promo_Summer,/promo-deals/page_6,Mobile,491
TP_003989,CUST_0977,1,SESS_793787,2026-03-09 06:00:00,googleads,paidsearch,Campaign_Promo_Retarget,/promo-deals/page_3,Mobile,497
TP_003990,CUST_0977,1,SESS_793787,2026-03-07 14:00:00,googleads,paidsearch,Campaign_Promo_Summer,/promo-deals/page_10,Desktop,297
TP_003991,CUST_0977,5,SESS_793787,2026-03-10 21:00:00,organicsearch,seo,Campaign_Promo_Retarget,/promo-deals/page_1,Mobile,251
TP_003992,CUST_0977,1,SESS_353753,2026-04-11 08:00:00,googleads,paidsearch,Campaign_Promo_Brand,/promo-deals/page_7,Mobile,51
TP_003993,CUST_0977,2,SESS_353753,2026-04-17 16:00:00,facebookads,paidsocial,Campaign_Promo_Winter,/promo-deals/page_9,Desktop,119
TP_003994,CUST_0977,1,SESS_353753,2026-04-22 07:00:00,googleads,paidsearch,Campaign_Promo_Brand,/promo-deals/page_7,Tablet,355
TP_003995,CUST_0977,4,SESS_353753,2026-04-20 16:00:00,directtraffic,direct,Campaign_Promo_Summer,/promo-deals/page_8,Mobile,308
TP_003996,CUST_0977,2,SESS_353753,2026-04-09 16:00:00,facebookads,paidsocial,Campaign_Promo_Winter,/promo-deals/page_6,Desktop,408
TP_003997,CUST_0978,4,SESS_666563,2026-02-05 15:00:00,directtraffic,direct,Campaign_Promo_Retarget,/promo-deals/page_8,Mobile,260
TP_003998,CUST_0978,1,SESS_666563,2026-02-10 13:00:00,googleads,paidsearch,Campaign_Promo_Brand,/promo-deals/page_1,Desktop,55
TP_003999,CUST_0978,6,SESS_666563,2026-02-09 21:00:00,linkedinads,paidsocial,Campaign_Promo_Winter,/promo-deals/page_3,Mobile,299
TP_004000,CUST_0978,1,SESS_666563,2026-02-06 15:00:00,googleads,paidsearch,Campaign_Promo_Retarget,/promo-deals/page_2,Mobile,560
TP_004001,CUST_0978,6,SESS_666563,2026-02-15 08:00:00,linkedinads,paidsocial,Campaign_Promo_Winter,/promo-deals/page_1,Mobile,581
TP_004002,CUST_0978,4,SESS_809968,2026-03-19 08:00:00,directtraffic,direct,Campaign_Promo_Winter,/promo-deals/page_6,Mobile,34
TP_004003,CUST_0979,5,SESS_674805,2026-03-21 19:00:00,organicsearch,seo,Campaign_Promo_Brand,/promo-deals/page_8,Mobile,291
TP_004004,CUST_0979,4,SESS_674805,2026-03-22 08:00:00,directtraffic,direct,Campaign_Promo_Brand,/promo-deals/page_3,Mobile,128
TP_004005,CUST_0979,3,SESS_674805,2026-03-12 07:00:00,newsletter,email,Campaign_Promo_Brand,/promo-deals/page_1,Tablet,435
TP_004006,CUST_0979,2,SESS_674805,2026-03-14 07:00:00,facebookads,paidsocial,Campaign_Promo_Retarget,/promo-deals/page_1,Mobile,150
TP_004007,CUST_0979,5,SESS_153452,2026-04-03 10:00:00,organicsearch,seo,Campaign_Promo_Retarget,/promo-deals/page_6,Mobile,78
TP_004008,CUST_0979,5,SESS_153452,2026-04-05 16:00:00,organicsearch,seo,Campaign_Promo_Winter,/promo-deals/page_3,Mobile,24
TP_004009,CUST_0980,7,SESS_205286,2026-03-20 03:00:00,affiliatenetwork,referral,Campaign_Promo_Summer,/promo-deals/page_5,Desktop,467
TP_004010,CUST_0981,7,SESS_719962,2026-04-14 04:00:00,affiliatenetwork,referral,Campaign_Promo_Summer,/promo-deals/page_3,Mobile,543
TP_004011,CUST_0981,5,SESS_719962,2026-04-21 17:00:00,organicsearch,seo,Campaign_Promo_Retarget,/promo-deals/page_5,Desktop,289
TP_004012,CUST_0981,5,SESS_719962,2026-04-19 16:00:00,organicsearch,seo,Campaign_Promo_Winter,/promo-deals/page_2,Mobile,64
TP_004013,CUST_0981,2,SESS_350702,2026-05-21 16:00:00,facebookads,paidsocial,Campaign_Promo_Brand,/promo-deals/page_3,Desktop,307
TP_004014,CUST_0981,6,SESS_350702,2026-05-22 11:00:00,linkedinads,paidsocial,Campaign_Promo_Retarget,/promo-deals/page_6,Mobile,172
TP_004015,CUST_0981,1,SESS_350702,2026-05-16 00:00:00,googleads,paidsearch,Campaign_Promo_Retarget,/promo-deals/page_8,Mobile,372
TP_004016,CUST_0981,7,SESS_350702,2026-05-18 10:00:00,affiliatenetwork,referral,Campaign_Promo_Brand,/promo-deals/page_6,Mobile,300
TP_004017,CUST_0981,1,SESS_350702,2026-05-18 00:00:00,googleads,paidsearch,Campaign_Promo_Retarget,/promo-deals/page_10,Mobile,461
TP_004018,CUST_0984,5,SESS_544008,2026-03-12 14:00:00,organicsearch,seo,Campaign_Promo_Brand,/promo-deals/page_10,Mobile,231
TP_004019,CUST_0984,1,SESS_544008,2026-03-13 21:00:00,googleads,paidsearch,Campaign_Promo_Summer,/promo-deals/page_8,Mobile,89
TP_004020,CUST_0984,6,SESS_544008,2026-03-19 00:00:00,linkedinads,paidsocial,Campaign_Promo_Retarget,/promo-deals/page_1,Desktop,165
TP_004021,CUST_0984,4,SESS_544008,2026-03-11 14:00:00,directtraffic,direct,Campaign_Promo_Retarget,/promo-deals/page_4,Mobile,386
TP_004022,CUST_0984,7,SESS_544008,2026-03-13 00:00:00,affiliatenetwork,referral,Campaign_Promo_Retarget,/promo-deals/page_5,Mobile,296
TP_004023,CUST_0984,3,SESS_431895,2026-04-06 08:00:00,newsletter,email,Campaign_Promo_Summer,/promo-deals/page_2,Mobile,193
TP_004024,CUST_0984,3,SESS_431895,2026-04-10 20:00:00,newsletter,email,Campaign_Promo_Winter,/promo-deals/page_2,Desktop,441
TP_004025,CUST_0984,5,SESS_431895,2026-04-06 08:00:00,organicsearch,seo,Campaign_Promo_Retarget,/promo-deals/page_10,Mobile,265
TP_004026,CUST_0984,5,SESS_431895,2026-04-05 13:00:00,organicsearch,seo,Campaign_Promo_Summer,/promo-deals/page_5,Mobile,523
TP_004027,CUST_0984,4,SESS_431895,2026-04-13 03:00:00,directtraffic,direct,Campaign_Promo_Winter,/promo-deals/page_7,Tablet,231
TP_004028,CUST_0986,7,SESS_462493,2026-04-19 14:00:00,affiliatenetwork,referral,Campaign_Promo_Retarget,/promo-deals/page_4,Mobile,308
TP_004029,CUST_0986,7,SESS_462493,2026-04-09 11:00:00,affiliatenetwork,referral,Campaign_Promo_Retarget,/promo-deals/page_8,Mobile,247
TP_004030,CUST_0987,5,SESS_466219,2026-02-12 07:00:00,organicsearch,seo,Campaign_Promo_Winter,/promo-deals/page_4,Mobile,506
TP_004031,CUST_0987,1,SESS_466219,2026-01-30 10:00:00,googleads,paidsearch,Campaign_Promo_Summer,/promo-deals/page_9,Tablet,380
TP_004032,CUST_0988,7,SESS_276202,2026-02-21 00:00:00,affiliatenetwork,referral,Campaign_Promo_Summer,/promo-deals/page_3,Mobile,509
TP_004033,CUST_0988,6,SESS_276202,2026-02-28 03:00:00,linkedinads,paidsocial,Campaign_Promo_Brand,/promo-deals/page_8,Tablet,80
TP_004034,CUST_0988,5,SESS_276202,2026-02-21 08:00:00,organicsearch,seo,Campaign_Promo_Brand,/promo-deals/page_2,Mobile,466
TP_004035,CUST_0988,4,SESS_276202,2026-02-18 22:00:00,directtraffic,direct,Campaign_Promo_Brand,/promo-deals/page_1,Mobile,374
TP_004036,CUST_0988,4,SESS_932427,2026-02-25 01:00:00,directtraffic,direct,Campaign_Promo_Retarget,/promo-deals/page_2,Mobile,454
TP_004037,CUST_0989,7,SESS_870306,2026-04-02 14:00:00,affiliatenetwork,referral,Campaign_Promo_Brand,/promo-deals/page_6,Mobile,23
TP_004038,CUST_0989,1,SESS_870306,2026-04-08 08:00:00,googleads,paidsearch,Campaign_Promo_Brand,/promo-deals/page_4,Mobile,533
TP_004039,CUST_0989,3,SESS_870306,2026-04-15 03:00:00,newsletter,email,Campaign_Promo_Summer,/promo-deals/page_6,Tablet,218
TP_004040,CUST_0989,1,SESS_870306,2026-04-12 23:00:00,googleads,paidsearch,Campaign_Promo_Retarget,/promo-deals/page_8,Desktop,84
TP_004041,CUST_0989,2,SESS_870306,2026-04-15 08:00:00,facebookads,paidsocial,Campaign_Promo_Brand,/promo-deals/page_10,Tablet,282
TP_004042,CUST_0989,7,SESS_870077,2026-05-07 13:00:00,affiliatenetwork,referral,Campaign_Promo_Winter,/promo-deals/page_5,Mobile,578
TP_004043,CUST_0989,6,SESS_870077,2026-05-02 17:00:00,linkedinads,paidsocial,Campaign_Promo_Brand,/promo-deals/page_7,Mobile,286
TP_004044,CUST_0990,4,SESS_106299,2026-03-15 05:00:00,directtraffic,direct,Campaign_Promo_Winter,/promo-deals/page_6,Mobile,122
TP_004045,CUST_0990,7,SESS_386072,2026-05-08 12:00:00,affiliatenetwork,referral,Campaign_Promo_Retarget,/promo-deals/page_5,Mobile,324
TP_004046,CUST_0990,6,SESS_386072,2026-05-11 14:00:00,linkedinads,paidsocial,Campaign_Promo_Summer,/promo-deals/page_8,Mobile,22
TP_004047,CUST_0990,3,SESS_386072,2026-05-02 00:00:00,newsletter,email,Campaign_Promo_Brand,/promo-deals/page_9,Desktop,567
TP_004048,CUST_0991,6,SESS_669461,2026-02-22 20:00:00,linkedinads,paidsocial,Campaign_Promo_Winter,/promo-deals/page_9,Tablet,416
TP_004049,CUST_0991,5,SESS_669461,2026-03-04 06:00:00,organicsearch,seo,Campaign_Promo_Retarget,/promo-deals/page_1,Desktop,571
TP_004050,CUST_0992,5,SESS_508209,2026-03-02 23:00:00,organicsearch,seo,Campaign_Promo_Brand,/promo-deals/page_3,Desktop,595
TP_004051,CUST_0992,7,SESS_508209,2026-03-03 08:00:00,affiliatenetwork,referral,Campaign_Promo_Winter,/promo-deals/page_2,Desktop,401
TP_004052,CUST_0992,1,SESS_508209,2026-02-26 14:00:00,googleads,paidsearch,Campaign_Promo_Retarget,/promo-deals/page_1,Mobile,501
TP_004053,CUST_0992,4,SESS_381259,2026-04-21 12:00:00,directtraffic,direct,Campaign_Promo_Winter,/promo-deals/page_5,Desktop,529
TP_004054,CUST_0992,1,SESS_381259,2026-04-14 11:00:00,googleads,paidsearch,Campaign_Promo_Summer,/promo-deals/page_5,Mobile,469
TP_004055,CUST_0992,1,SESS_381259,2026-04-17 05:00:00,googleads,paidsearch,Campaign_Promo_Winter,/promo-deals/page_9,Mobile,55
TP_004056,CUST_0992,2,SESS_381259,2026-04-18 03:00:00,facebookads,paidsocial,Campaign_Promo_Summer,/promo-deals/page_6,Mobile,516
TP_004057,CUST_0992,5,SESS_381259,2026-04-24 18:00:00,organicsearch,seo,Campaign_Promo_Summer,/promo-deals/page_5,Mobile,133
TP_004058,CUST_0992,3,SESS_176163,2026-04-26 14:00:00,newsletter,email,Campaign_Promo_Brand,/promo-deals/page_1,Desktop,450
TP_004059,CUST_0994,1,SESS_991342,2026-03-04 18:00:00,googleads,paidsearch,Campaign_Promo_Retarget,/promo-deals/page_9,Desktop,170
TP_004060,CUST_0994,3,SESS_991342,2026-03-05 23:00:00,newsletter,email,Campaign_Promo_Summer,/promo-deals/page_2,Desktop,113
TP_004061,CUST_0994,6,SESS_991342,2026-03-03 07:00:00,linkedinads,paidsocial,Campaign_Promo_Summer,/promo-deals/page_3,Mobile,440
TP_004062,CUST_0994,1,SESS_991342,2026-03-01 13:00:00,googleads,paidsearch,Campaign_Promo_Retarget,/promo-deals/page_1,Mobile,242
TP_004063,CUST_0994,4,SESS_652466,2026-03-08 05:00:00,directtraffic,direct,Campaign_Promo_Summer,/promo-deals/page_8,Mobile,336
TP_004064,CUST_0994,2,SESS_652466,2026-02-28 20:00:00,facebookads,paidsocial,Campaign_Promo_Winter,/promo-deals/page_4,Mobile,333
TP_004065,CUST_0995,3,SESS_406640,2026-02-17 20:00:00,newsletter,email,Campaign_Promo_Winter,/promo-deals/page_1,Mobile,115
TP_004066,CUST_0995,5,SESS_406640,2026-02-17 04:00:00,organicsearch,seo,Campaign_Promo_Winter,/promo-deals/page_10,Desktop,246
TP_004067,CUST_0995,4,SESS_715490,2026-03-07 15:00:00,directtraffic,direct,Campaign_Promo_Retarget,/promo-deals/page_2,Mobile,453
TP_004068,CUST_0995,6,SESS_715490,2026-03-03 08:00:00,linkedinads,paidsocial,Campaign_Promo_Summer,/promo-deals/page_4,Mobile,214
TP_004069,CUST_0995,1,SESS_715490,2026-02-27 00:00:00,googleads,paidsearch,Campaign_Promo_Summer,/promo-deals/page_6,Mobile,96
TP_004070,CUST_0995,1,SESS_715490,2026-03-02 12:00:00,googleads,paidsearch,Campaign_Promo_Brand,/promo-deals/page_8,Mobile,298
TP_004071,CUST_0996,5,SESS_952840,2026-02-05 09:00:00,organicsearch,seo,Campaign_Promo_Summer,/promo-deals/page_3,Mobile,557
TP_004072,CUST_0996,2,SESS_952840,2026-01-30 19:00:00,facebookads,paidsocial,Campaign_Promo_Retarget,/promo-deals/page_5,Tablet,467
TP_004073,CUST_0996,6,SESS_952840,2026-01-27 12:00:00,linkedinads,paidsocial,Campaign_Promo_Winter,/promo-deals/page_2,Desktop,448
TP_004074,CUST_0996,3,SESS_952840,2026-02-07 01:00:00,newsletter,email,Campaign_Promo_Winter,/promo-deals/page_7,Desktop,143
TP_004075,CUST_0998,7,SESS_154513,2026-01-25 01:00:00,affiliatenetwork,referral,Campaign_Promo_Winter,/promo-deals/page_5,Desktop,187
TP_004076,CUST_0998,1,SESS_782484,2026-03-02 17:00:00,googleads,paidsearch,Campaign_Promo_Retarget,/promo-deals/page_3,Mobile,112
TP_004077,CUST_0998,7,SESS_782484,2026-02-21 23:00:00,affiliatenetwork,referral,Campaign_Promo_Winter,/promo-deals/page_3,Mobile,446
TP_004078,CUST_0999,3,SESS_521877,2026-01-30 14:00:00,newsletter,email,Campaign_Promo_Summer,/promo-deals/page_4,Mobile,311
TP_004079,CUST_0999,4,SESS_521877,2026-02-02 10:00:00,directtraffic,direct,Campaign_Promo_Winter,/promo-deals/page_10,Mobile,542
TP_004080,CUST_0999,3,SESS_521877,2026-01-28 02:00:00,newsletter,email,Campaign_Promo_Summer,/promo-deals/page_1,Desktop,120
TP_004081,CUST_0999,1,SESS_521877,2026-01-24 17:00:00,googleads,paidsearch,Campaign_Promo_Summer,/promo-deals/page_2,Desktop,333
TP_004082,CUST_0999,5,SESS_608282,2026-03-13 08:00:00,organicsearch,seo,Campaign_Promo_Retarget,/promo-deals/page_6,Mobile,390
TP_004083,CUST_0999,5,SESS_608282,2026-03-17 11:00:00,organicsearch,seo,Campaign_Promo_Summer,/promo-deals/page_5,Desktop,265
TP_004084,CUST_0999,4,SESS_608282,2026-03-15 19:00:00,directtraffic,direct,Campaign_Promo_Summer,/promo-deals/page_4,Desktop,16
TP_004085,CUST_1000,4,SESS_126040,2026-02-28 15:00:00,directtraffic,direct,Campaign_Promo_Retarget,/promo-deals/page_2,Desktop,171
TP_004086,CUST_1000,3,SESS_126040,2026-03-04 12:00:00,newsletter,email,Campaign_Promo_Retarget,/promo-deals/page_10,Desktop,261
TP_004087,CUST_1000,1,SESS_126040,2026-03-10 21:00:00,googleads,paidsearch,Campaign_Promo_Summer,/promo-deals/page_3,Tablet,275
TP_004088,CUST_1000,3,SESS_126040,2026-03-01 09:00:00,newsletter,email,Campaign_Promo_Winter,/promo-deals/page_10,Mobile,196
TP_004089,CUST_1000,1,SESS_967528,2026-03-05 05:00:00,googleads,paidsearch,Campaign_Promo_Summer,/promo-deals/page_3,Mobile,93
TP_004090,CUST_1000,6,SESS_967528,2026-03-03 16:00:00,linkedinads,paidsocial,Campaign_Promo_Retarget,/promo-deals/page_1,Mobile,421
TP_004091,CUST_1000,4,SESS_967528,2026-03-03 03:00:00,directtraffic,direct,Campaign_Promo_Summer,/promo-deals/page_6,Mobile,75
TP_004092,CUST_1000,5,SESS_460231,2026-03-30 08:00:00,organicsearch,seo,Campaign_Promo_Winter,/promo-deals/page_2,Desktop,68
TP_004093,CUST_1000,5,SESS_460231,2026-03-27 23:00:00,organicsearch,seo,Campaign_Promo_Retarget,/promo-deals/page_6,Desktop,465
