order_id,customer_id,session_id,order_timestamp,subtotal_amount,tax_amount,discount_amount,total_order_amount,payment_method
ORDER_00001,CUST_0001,SESS_516736,2026-03-03 00:00:00,11592.73,579.64,0.0,12172.37,Credit Card
ORDER_00002,CUST_0001,SESS_276027,2026-03-11 00:00:00,6820.26,289.86,1023.04,6087.08,PayPal
ORDER_00003,CUST_0001,SESS_225962,2026-04-26 00:00:00,2854.06,142.7,0.0,2996.76,UPI
ORDER_00004,CUST_0002,SESS_793201,2026-02-07 00:00:00,9771.21,488.56,0.0,10259.77,UPI
ORDER_00005,CUST_0003,SESS_385650,2026-04-19 00:00:00,9189.04,459.45,0.0,9648.49,UPI
ORDER_00006,CUST_0003,SESS_340136,2026-05-16 00:00:00,2161.75,91.87,324.26,1929.36,PayPal
ORDER_00007,CUST_0004,SESS_653067,2026-04-22 00:00:00,845.05,42.25,0.0,887.3,NetBanking
ORDER_00008,CUST_0006,SESS_288522,2026-01-14 00:00:00,9559.56,477.98,0.0,10037.54,UPI
ORDER_00009,CUST_0007,SESS_587431,2026-03-11 00:00:00,1338.64,66.93,0.0,1405.57,PayPal
ORDER_00010,CUST_0007,SESS_234666,2026-04-28 00:00:00,6589.51,329.48,0.0,6918.99,Credit Card
ORDER_00011,CUST_0007,SESS_242534,2026-05-15 00:00:00,4748.61,237.43,0.0,4986.04,NetBanking
ORDER_00012,CUST_0008,SESS_660210,2026-02-09 00:00:00,1923.96,96.2,0.0,2020.16,NetBanking
ORDER_00013,CUST_0008,SESS_332307,2026-03-18 00:00:00,9813.24,490.66,0.0,10303.9,NetBanking
ORDER_00014,CUST_0009,SESS_378095,2026-01-19 00:00:00,9898.92,494.95,0.0,10393.87,NetBanking
ORDER_00015,CUST_0010,SESS_696145,2026-02-22 00:00:00,9881.89,494.09,0.0,10375.98,PayPal
ORDER_00016,CUST_0010,SESS_961170,2026-03-26 00:00:00,8555.18,427.76,0.0,8982.94,Credit Card
ORDER_00017,CUST_0011,SESS_247296,2026-01-07 00:00:00,4963.36,248.17,0.0,5211.53,UPI
ORDER_00018,CUST_0011,SESS_153224,2026-02-05 00:00:00,9252.45,462.62,0.0,9715.07,PayPal
ORDER_00019,CUST_0013,SESS_842869,2026-02-11 00:00:00,10211.95,510.6,0.0,10722.55,NetBanking
ORDER_00020,CUST_0013,SESS_791403,2026-03-27 00:00:00,4428.38,188.21,664.26,3952.33,UPI
ORDER_00021,CUST_0013,SESS_986539,2026-05-13 00:00:00,348.8,14.82,52.32,311.3,PayPal
ORDER_00022,CUST_0014,SESS_458344,2026-02-17 00:00:00,2370.93,118.55,0.0,2489.48,UPI
ORDER_00023,CUST_0015,SESS_387333,2026-05-05 00:00:00,6370.87,318.54,0.0,6689.41,PayPal
ORDER_00024,CUST_0015,SESS_132363,2026-05-01 00:00:00,10210.31,510.52,0.0,10720.83,PayPal
ORDER_00025,CUST_0016,SESS_637748,2026-03-27 00:00:00,2536.05,126.8,0.0,2662.85,Credit Card
ORDER_00026,CUST_0018,SESS_499955,2026-02-20 00:00:00,3827.64,162.67,574.15,3416.16,Credit Card
ORDER_00027,CUST_0018,SESS_191620,2026-03-13 00:00:00,1495.21,63.55,224.28,1334.48,PayPal
ORDER_00028,CUST_0018,SESS_908070,2026-04-20 00:00:00,8877.0,443.85,0.0,9320.85,NetBanking
ORDER_00029,CUST_0019,SESS_110784,2026-03-16 00:00:00,442.97,22.15,0.0,465.12,PayPal
ORDER_00030,CUST_0019,SESS_435076,2026-05-09 00:00:00,6873.6,343.68,0.0,7217.28,UPI
ORDER_00031,CUST_0021,SESS_866844,2026-03-23 00:00:00,4100.45,205.02,0.0,4305.47,NetBanking
ORDER_00032,CUST_0022,SESS_730241,2026-03-02 00:00:00,1974.64,83.92,296.2,1762.36,PayPal
ORDER_00033,CUST_0024,SESS_693361,2026-01-27 00:00:00,1962.3,83.4,294.34,1751.36,UPI
ORDER_00034,CUST_0024,SESS_430705,2026-03-24 00:00:00,8893.57,444.68,0.0,9338.25,UPI
ORDER_00035,CUST_0025,SESS_482806,2026-02-04 00:00:00,1858.46,78.98,278.77,1658.67,PayPal
ORDER_00036,CUST_0025,SESS_208482,2026-02-20 00:00:00,5703.23,242.39,855.48,5090.14,NetBanking
ORDER_00037,CUST_0025,SESS_984015,2026-04-12 00:00:00,10550.88,527.54,0.0,11078.42,Credit Card
ORDER_00038,CUST_0026,SESS_285306,2026-02-13 00:00:00,5124.5,256.23,0.0,5380.73,Credit Card
ORDER_00039,CUST_0026,SESS_792960,2026-03-19 00:00:00,6306.21,268.01,945.93,5628.29,UPI
ORDER_00040,CUST_0027,SESS_541726,2026-04-20 00:00:00,7870.5,393.53,0.0,8264.03,UPI
ORDER_00041,CUST_0027,SESS_642439,2026-05-11 00:00:00,9457.66,472.88,0.0,9930.54,Credit Card
ORDER_00042,CUST_0028,SESS_217189,2026-01-24 00:00:00,888.59,44.43,0.0,933.02,PayPal
ORDER_00043,CUST_0028,SESS_117777,2026-03-23 00:00:00,8986.55,449.33,0.0,9435.88,PayPal
ORDER_00044,CUST_0030,SESS_602450,2026-03-19 00:00:00,10250.75,512.54,0.0,10763.29,UPI
ORDER_00045,CUST_0031,SESS_241086,2026-03-23 00:00:00,5485.15,274.26,0.0,5759.41,UPI
ORDER_00046,CUST_0033,SESS_141883,2026-03-06 00:00:00,11976.49,509.0,1796.47,10689.02,NetBanking
ORDER_00047,CUST_0036,SESS_793546,2026-02-10 00:00:00,11070.52,553.53,0.0,11624.05,UPI
ORDER_00048,CUST_0036,SESS_503657,2026-03-11 00:00:00,4608.77,230.44,0.0,4839.21,UPI
ORDER_00049,CUST_0036,SESS_184180,2026-04-13 00:00:00,10381.77,519.09,0.0,10900.86,PayPal
ORDER_00050,CUST_0037,SESS_509549,2026-05-01 00:00:00,6917.33,345.87,0.0,7263.2,NetBanking
ORDER_00051,CUST_0038,SESS_789916,2026-02-06 00:00:00,3919.11,195.96,0.0,4115.07,Credit Card
ORDER_00052,CUST_0039,SESS_372585,2026-02-12 00:00:00,9867.05,493.35,0.0,10360.4,NetBanking
ORDER_00053,CUST_0040,SESS_118278,2026-03-30 00:00:00,2358.48,117.92,0.0,2476.4,PayPal
ORDER_00054,CUST_0040,SESS_996643,2026-05-02 00:00:00,4402.81,220.14,0.0,4622.95,PayPal
ORDER_00055,CUST_0041,SESS_955509,2026-03-26 00:00:00,2377.64,101.05,356.65,2122.04,NetBanking
ORDER_00056,CUST_0041,SESS_760961,2026-04-13 00:00:00,808.53,40.43,0.0,848.96,Credit Card
ORDER_00057,CUST_0042,SESS_315774,2026-04-10 00:00:00,6874.17,343.71,0.0,7217.88,Credit Card
ORDER_00058,CUST_0042,SESS_782656,2026-04-29 00:00:00,6791.41,339.57,0.0,7130.98,PayPal
ORDER_00059,CUST_0043,SESS_508587,2026-02-18 00:00:00,5309.46,265.47,0.0,5574.93,Credit Card
ORDER_00060,CUST_0043,SESS_799919,2026-03-07 00:00:00,5122.84,256.14,0.0,5378.98,UPI
ORDER_00061,CUST_0044,SESS_937084,2026-03-20 00:00:00,2393.23,119.66,0.0,2512.89,PayPal
ORDER_00062,CUST_0045,SESS_599791,2026-05-03 00:00:00,6391.48,271.64,958.72,5704.4,Credit Card
ORDER_00063,CUST_0045,SESS_568105,2026-05-10 00:00:00,9555.38,477.77,0.0,10033.15,NetBanking
ORDER_00064,CUST_0046,SESS_760746,2026-02-21 00:00:00,1008.78,50.44,0.0,1059.22,UPI
ORDER_00065,CUST_0047,SESS_276227,2026-04-12 00:00:00,3780.05,189.0,0.0,3969.05,Credit Card
ORDER_00066,CUST_0047,SESS_356211,2026-05-10 00:00:00,11203.21,560.16,0.0,11763.37,NetBanking
ORDER_00067,CUST_0048,SESS_313659,2026-03-07 00:00:00,4206.24,210.31,0.0,4416.55,UPI
ORDER_00068,CUST_0048,SESS_276611,2026-04-15 00:00:00,1948.19,97.41,0.0,2045.6,PayPal
ORDER_00069,CUST_0048,SESS_187033,2026-05-11 00:00:00,5934.19,252.2,890.13,5296.26,UPI
ORDER_00070,CUST_0049,SESS_618748,2026-02-27 00:00:00,7571.8,378.59,0.0,7950.39,PayPal
ORDER_00071,CUST_0050,SESS_160108,2026-01-31 00:00:00,10757.22,537.86,0.0,11295.08,PayPal
ORDER_00072,CUST_0050,SESS_211937,2026-03-07 00:00:00,5762.26,288.11,0.0,6050.37,UPI
ORDER_00073,CUST_0050,SESS_881227,2026-04-16 00:00:00,7783.78,330.81,1167.57,6947.02,PayPal
ORDER_00074,CUST_0053,SESS_291549,2026-03-13 00:00:00,1492.56,74.63,0.0,1567.19,UPI
ORDER_00075,CUST_0054,SESS_113176,2026-01-22 00:00:00,5848.97,292.45,0.0,6141.42,Credit Card
ORDER_00076,CUST_0056,SESS_855510,2026-04-05 00:00:00,9878.91,493.95,0.0,10372.86,Credit Card
ORDER_00077,CUST_0056,SESS_793311,2026-04-27 00:00:00,252.29,12.61,0.0,264.9,PayPal
ORDER_00078,CUST_0057,SESS_641013,2026-03-13 00:00:00,11172.47,474.83,1675.87,9971.43,PayPal
ORDER_00079,CUST_0057,SESS_535622,2026-04-01 00:00:00,1792.17,89.61,0.0,1881.78,PayPal
ORDER_00080,CUST_0058,SESS_308159,2026-05-13 00:00:00,10590.26,529.51,0.0,11119.77,NetBanking
ORDER_00081,CUST_0060,SESS_431149,2026-02-04 00:00:00,4101.38,205.07,0.0,4306.45,Credit Card
ORDER_00082,CUST_0060,SESS_233288,2026-02-20 00:00:00,8355.6,355.11,1253.34,7457.37,PayPal
ORDER_00083,CUST_0061,SESS_894615,2026-04-05 00:00:00,485.44,24.27,0.0,509.71,Credit Card
ORDER_00084,CUST_0061,SESS_134370,2026-04-20 00:00:00,5558.87,277.94,0.0,5836.81,Credit Card
ORDER_00085,CUST_0062,SESS_728226,2026-03-01 00:00:00,7881.5,394.08,0.0,8275.58,NetBanking
ORDER_00086,CUST_0062,SESS_483878,2026-03-28 00:00:00,1292.99,64.65,0.0,1357.64,NetBanking
ORDER_00087,CUST_0062,SESS_993832,2026-04-09 00:00:00,5610.07,280.5,0.0,5890.57,PayPal
ORDER_00088,CUST_0063,SESS_990535,2026-01-23 00:00:00,1009.81,50.49,0.0,1060.3,NetBanking
ORDER_00089,CUST_0063,SESS_749541,2026-03-03 00:00:00,9369.69,398.21,1405.45,8362.45,UPI
ORDER_00090,CUST_0063,SESS_356229,2026-03-21 00:00:00,9104.57,455.23,0.0,9559.8,NetBanking
ORDER_00091,CUST_0065,SESS_564361,2026-02-23 00:00:00,11421.93,571.1,0.0,11993.03,PayPal
ORDER_00092,CUST_0066,SESS_967665,2026-03-21 00:00:00,6171.04,308.55,0.0,6479.59,UPI
ORDER_00093,CUST_0067,SESS_423588,2026-03-21 00:00:00,5351.08,267.55,0.0,5618.63,NetBanking
ORDER_00094,CUST_0068,SESS_386938,2026-01-18 00:00:00,6788.2,339.41,0.0,7127.61,NetBanking
ORDER_00095,CUST_0069,SESS_565508,2026-02-21 00:00:00,3768.8,160.17,565.32,3363.65,UPI
ORDER_00096,CUST_0069,SESS_229580,2026-03-28 00:00:00,4720.07,200.6,708.01,4212.66,UPI
ORDER_00097,CUST_0071,SESS_444794,2026-03-15 00:00:00,6062.36,257.65,909.35,5410.66,PayPal
ORDER_00098,CUST_0072,SESS_530851,2026-03-25 00:00:00,9027.87,451.39,0.0,9479.26,Credit Card
ORDER_00099,CUST_0072,SESS_494929,2026-04-25 00:00:00,3683.25,184.16,0.0,3867.41,NetBanking
ORDER_00100,CUST_0074,SESS_368677,2026-03-28 00:00:00,10556.03,527.8,0.0,11083.83,UPI
ORDER_00101,CUST_0074,SESS_516310,2026-05-04 00:00:00,7799.94,390.0,0.0,8189.94,NetBanking
ORDER_00102,CUST_0075,SESS_641643,2026-02-03 00:00:00,1078.11,53.91,0.0,1132.02,Credit Card
ORDER_00103,CUST_0075,SESS_207113,2026-02-18 00:00:00,6090.54,258.85,913.58,5435.81,UPI
ORDER_00104,CUST_0076,SESS_762231,2026-05-02 00:00:00,10429.19,521.46,0.0,10950.65,UPI
ORDER_00105,CUST_0078,SESS_804995,2026-03-09 00:00:00,10644.12,532.21,0.0,11176.33,PayPal
ORDER_00106,CUST_0078,SESS_723294,2026-03-29 00:00:00,11808.17,590.41,0.0,12398.58,UPI
ORDER_00107,CUST_0079,SESS_983261,2026-04-04 00:00:00,2125.39,90.33,318.81,1896.91,Credit Card
ORDER_00108,CUST_0083,SESS_488992,2026-03-05 00:00:00,1602.3,80.12,0.0,1682.42,UPI
ORDER_00109,CUST_0085,SESS_553278,2026-03-09 00:00:00,5742.73,287.14,0.0,6029.87,Credit Card
ORDER_00110,CUST_0086,SESS_423860,2026-03-14 00:00:00,4473.58,223.68,0.0,4697.26,NetBanking
ORDER_00111,CUST_0087,SESS_893403,2026-02-27 00:00:00,4499.12,224.96,0.0,4724.08,PayPal
ORDER_00112,CUST_0087,SESS_585670,2026-03-23 00:00:00,438.57,21.93,0.0,460.5,UPI
ORDER_00113,CUST_0088,SESS_939868,2026-03-08 00:00:00,1535.51,76.78,0.0,1612.29,Credit Card
ORDER_00114,CUST_0088,SESS_340304,2026-04-04 00:00:00,6534.01,326.7,0.0,6860.71,Credit Card
ORDER_00115,CUST_0089,SESS_263311,2026-01-20 00:00:00,2903.19,123.39,435.48,2591.1,Credit Card
ORDER_00116,CUST_0089,SESS_111362,2026-02-19 00:00:00,3982.59,199.13,0.0,4181.72,PayPal
ORDER_00117,CUST_0090,SESS_745800,2026-01-27 00:00:00,2367.68,118.38,0.0,2486.06,NetBanking
ORDER_00118,CUST_0090,SESS_273280,2026-02-25 00:00:00,4894.87,208.03,734.23,4368.67,UPI
ORDER_00119,CUST_0091,SESS_481825,2026-03-05 00:00:00,7535.62,320.26,1130.34,6725.54,NetBanking
ORDER_00120,CUST_0093,SESS_131889,2026-02-20 00:00:00,2963.1,148.16,0.0,3111.26,Credit Card
ORDER_00121,CUST_0094,SESS_513830,2026-04-02 00:00:00,3820.35,191.02,0.0,4011.37,UPI
ORDER_00122,CUST_0094,SESS_366216,2026-04-29 00:00:00,4210.6,210.53,0.0,4421.13,UPI
ORDER_00123,CUST_0094,SESS_511743,2026-05-25 00:00:00,2410.86,120.54,0.0,2531.4,NetBanking
ORDER_00124,CUST_0096,SESS_391501,2026-03-12 00:00:00,3186.55,159.33,0.0,3345.88,NetBanking
ORDER_00125,CUST_0097,SESS_350870,2026-02-28 00:00:00,444.62,22.23,0.0,466.85,Credit Card
ORDER_00126,CUST_0097,SESS_793527,2026-03-10 00:00:00,6161.66,261.87,924.25,5499.28,Credit Card
ORDER_00127,CUST_0098,SESS_855114,2026-04-14 00:00:00,10386.67,519.33,0.0,10906.0,UPI
ORDER_00128,CUST_0098,SESS_723292,2026-05-18 00:00:00,5872.8,293.64,0.0,6166.44,NetBanking
ORDER_00129,CUST_0100,SESS_861936,2026-02-10 00:00:00,5839.59,291.98,0.0,6131.57,UPI
ORDER_00130,CUST_0101,SESS_457152,2026-01-31 00:00:00,9428.57,471.43,0.0,9900.0,UPI
ORDER_00131,CUST_0102,SESS_717243,2026-02-11 00:00:00,3775.77,188.79,0.0,3964.56,NetBanking
ORDER_00132,CUST_0102,SESS_861332,2026-03-01 00:00:00,8438.98,421.95,0.0,8860.93,NetBanking
ORDER_00133,CUST_0102,SESS_100757,2026-03-17 00:00:00,11171.73,474.8,1675.76,9970.77,PayPal
ORDER_00134,CUST_0103,SESS_330540,2026-02-17 00:00:00,3749.39,187.47,0.0,3936.86,NetBanking
ORDER_00135,CUST_0103,SESS_597192,2026-03-10 00:00:00,2597.58,110.4,389.64,2318.34,Credit Card
ORDER_00136,CUST_0104,SESS_155716,2026-04-29 00:00:00,11514.13,575.71,0.0,12089.84,Credit Card
ORDER_00137,CUST_0106,SESS_641842,2026-04-25 00:00:00,7350.64,312.4,1102.6,6560.44,UPI
ORDER_00138,CUST_0107,SESS_225872,2026-03-27 00:00:00,1788.09,75.99,268.21,1595.87,UPI
ORDER_00139,CUST_0108,SESS_573492,2026-03-05 00:00:00,1888.48,94.42,0.0,1982.9,PayPal
ORDER_00140,CUST_0109,SESS_427988,2026-03-20 00:00:00,8541.31,427.07,0.0,8968.38,NetBanking
ORDER_00141,CUST_0109,SESS_958549,2026-04-02 00:00:00,10453.02,522.65,0.0,10975.67,UPI
ORDER_00142,CUST_0110,SESS_359634,2026-03-22 00:00:00,9004.21,450.21,0.0,9454.42,NetBanking
ORDER_00143,CUST_0110,SESS_485903,2026-04-24 00:00:00,1291.83,54.9,193.77,1152.96,UPI
ORDER_00144,CUST_0110,SESS_930369,2026-05-18 00:00:00,2697.81,134.89,0.0,2832.7,PayPal
ORDER_00145,CUST_0111,SESS_740928,2026-05-01 00:00:00,10483.39,524.17,0.0,11007.56,Credit Card
ORDER_00146,CUST_0112,SESS_221680,2026-04-20 00:00:00,7488.2,374.41,0.0,7862.61,UPI
ORDER_00147,CUST_0113,SESS_764801,2026-04-10 00:00:00,10006.46,500.32,0.0,10506.78,NetBanking
ORDER_00148,CUST_0114,SESS_446603,2026-01-22 00:00:00,4248.01,212.4,0.0,4460.41,PayPal
ORDER_00149,CUST_0114,SESS_368436,2026-03-23 00:00:00,3985.73,199.29,0.0,4185.02,Credit Card
ORDER_00150,CUST_0115,SESS_655665,2026-03-09 00:00:00,10750.1,537.5,0.0,11287.6,NetBanking
ORDER_00151,CUST_0115,SESS_519983,2026-03-20 00:00:00,3949.23,167.84,592.38,3524.69,PayPal
ORDER_00152,CUST_0115,SESS_305169,2026-04-11 00:00:00,11466.51,573.33,0.0,12039.84,UPI
ORDER_00153,CUST_0119,SESS_755017,2026-04-02 00:00:00,11485.23,574.26,0.0,12059.49,UPI
ORDER_00154,CUST_0120,SESS_242571,2026-03-17 00:00:00,11762.83,588.14,0.0,12350.97,PayPal
ORDER_00155,CUST_0121,SESS_301769,2026-04-30 00:00:00,7446.07,372.3,0.0,7818.37,Credit Card
ORDER_00156,CUST_0121,SESS_751250,2026-05-21 00:00:00,8511.7,425.59,0.0,8937.29,PayPal
ORDER_00157,CUST_0122,SESS_915573,2026-05-07 00:00:00,8277.51,413.88,0.0,8691.39,Credit Card
ORDER_00158,CUST_0122,SESS_763430,2026-05-19 00:00:00,8740.4,437.02,0.0,9177.42,PayPal
ORDER_00159,CUST_0123,SESS_455742,2026-04-22 00:00:00,8964.79,448.24,0.0,9413.03,NetBanking
ORDER_00160,CUST_0123,SESS_759259,2026-05-02 00:00:00,3122.44,156.12,0.0,3278.56,Credit Card
ORDER_00161,CUST_0124,SESS_331507,2026-02-11 00:00:00,5494.99,274.75,0.0,5769.74,Credit Card
ORDER_00162,CUST_0125,SESS_332643,2026-04-02 00:00:00,8633.45,366.92,1295.02,7705.35,PayPal
ORDER_00163,CUST_0125,SESS_815616,2026-04-28 00:00:00,4884.5,207.59,732.67,4359.42,Credit Card
ORDER_00164,CUST_0126,SESS_236602,2026-01-28 00:00:00,1455.19,72.76,0.0,1527.95,UPI
ORDER_00165,CUST_0126,SESS_408340,2026-03-11 00:00:00,5570.71,278.54,0.0,5849.25,PayPal
ORDER_00166,CUST_0126,SESS_341210,2026-04-14 00:00:00,9402.27,470.11,0.0,9872.38,NetBanking
ORDER_00167,CUST_0127,SESS_258500,2026-04-18 00:00:00,4091.22,173.88,613.68,3651.42,PayPal
ORDER_00168,CUST_0128,SESS_966543,2026-05-10 00:00:00,5006.25,212.77,750.94,4468.08,PayPal
ORDER_00169,CUST_0129,SESS_354859,2026-02-04 00:00:00,1086.56,54.33,0.0,1140.89,NetBanking
ORDER_00170,CUST_0129,SESS_469056,2026-03-15 00:00:00,1105.0,55.25,0.0,1160.25,UPI
ORDER_00171,CUST_0130,SESS_594152,2026-04-21 00:00:00,6128.77,306.44,0.0,6435.21,UPI
ORDER_00172,CUST_0133,SESS_725519,2026-02-17 00:00:00,11219.21,560.96,0.0,11780.17,Credit Card
ORDER_00173,CUST_0133,SESS_488642,2026-02-26 00:00:00,10384.73,519.24,0.0,10903.97,PayPal
ORDER_00174,CUST_0133,SESS_494570,2026-03-22 00:00:00,7143.2,303.59,1071.48,6375.31,UPI
ORDER_00175,CUST_0134,SESS_885218,2026-04-08 00:00:00,11223.68,561.18,0.0,11784.86,Credit Card
ORDER_00176,CUST_0135,SESS_215003,2026-04-06 00:00:00,2881.96,122.48,432.29,2572.15,NetBanking
ORDER_00177,CUST_0136,SESS_521658,2026-04-13 00:00:00,10163.63,508.18,0.0,10671.81,NetBanking
ORDER_00178,CUST_0136,SESS_947346,2026-04-20 00:00:00,9081.23,454.06,0.0,9535.29,Credit Card
ORDER_00179,CUST_0137,SESS_163359,2026-03-08 00:00:00,8433.77,421.69,0.0,8855.46,UPI
ORDER_00180,CUST_0138,SESS_738414,2026-04-25 00:00:00,1001.76,42.58,150.26,894.08,Credit Card
ORDER_00181,CUST_0139,SESS_864415,2026-03-07 00:00:00,6675.98,333.8,0.0,7009.78,UPI
ORDER_00182,CUST_0139,SESS_403414,2026-04-11 00:00:00,6896.91,293.12,1034.54,6155.49,Credit Card
ORDER_00183,CUST_0140,SESS_746173,2026-03-02 00:00:00,6082.82,304.14,0.0,6386.96,NetBanking
ORDER_00184,CUST_0140,SESS_437005,2026-03-11 00:00:00,6561.79,328.09,0.0,6889.88,UPI
ORDER_00185,CUST_0141,SESS_301634,2026-04-04 00:00:00,11561.91,578.1,0.0,12140.01,PayPal
ORDER_00186,CUST_0141,SESS_620791,2026-04-19 00:00:00,2437.06,121.85,0.0,2558.91,NetBanking
ORDER_00187,CUST_0142,SESS_332191,2026-01-26 00:00:00,689.24,34.46,0.0,723.7,NetBanking
ORDER_00188,CUST_0144,SESS_870987,2026-02-07 00:00:00,4074.53,203.73,0.0,4278.26,PayPal
ORDER_00189,CUST_0145,SESS_403418,2026-03-17 00:00:00,7830.29,391.51,0.0,8221.8,Credit Card
ORDER_00190,CUST_0146,SESS_976128,2026-03-13 00:00:00,1523.02,76.15,0.0,1599.17,PayPal
ORDER_00191,CUST_0146,SESS_933396,2026-04-15 00:00:00,2843.16,142.16,0.0,2985.32,NetBanking
ORDER_00192,CUST_0146,SESS_436718,2026-05-25 00:00:00,4087.71,204.39,0.0,4292.1,PayPal
ORDER_00193,CUST_0147,SESS_565809,2026-01-24 00:00:00,6490.98,324.55,0.0,6815.53,PayPal
ORDER_00194,CUST_0147,SESS_551424,2026-03-21 00:00:00,8570.74,428.54,0.0,8999.28,UPI
ORDER_00195,CUST_0148,SESS_874851,2026-05-03 00:00:00,8596.44,429.82,0.0,9026.26,NetBanking
ORDER_00196,CUST_0149,SESS_386489,2026-04-25 00:00:00,11100.85,555.04,0.0,11655.89,NetBanking
ORDER_00197,CUST_0151,SESS_597079,2026-03-12 00:00:00,2275.16,113.76,0.0,2388.92,PayPal
ORDER_00198,CUST_0155,SESS_150249,2026-03-26 00:00:00,9554.78,406.08,1433.22,8527.64,Credit Card
ORDER_00199,CUST_0155,SESS_405156,2026-05-03 00:00:00,2986.09,149.3,0.0,3135.39,UPI
ORDER_00200,CUST_0155,SESS_429470,2026-04-29 00:00:00,10140.37,507.02,0.0,10647.39,Credit Card
ORDER_00201,CUST_0156,SESS_851009,2026-04-18 00:00:00,9401.7,470.09,0.0,9871.79,Credit Card
ORDER_00202,CUST_0157,SESS_641694,2026-01-30 00:00:00,11893.77,594.69,0.0,12488.46,Credit Card
ORDER_00203,CUST_0158,SESS_609758,2026-02-12 00:00:00,10214.29,434.11,1532.14,9116.26,Credit Card
ORDER_00204,CUST_0159,SESS_178640,2026-02-11 00:00:00,4645.81,232.29,0.0,4878.1,NetBanking
ORDER_00205,CUST_0160,SESS_996931,2026-01-28 00:00:00,2315.88,115.79,0.0,2431.67,PayPal
ORDER_00206,CUST_0160,SESS_235114,2026-03-14 00:00:00,3813.96,162.09,572.09,3403.96,NetBanking
ORDER_00207,CUST_0160,SESS_405315,2026-03-28 00:00:00,502.92,25.15,0.0,528.07,PayPal
ORDER_00208,CUST_0162,SESS_676883,2026-02-03 00:00:00,2572.98,128.65,0.0,2701.63,UPI
ORDER_00209,CUST_0162,SESS_283201,2026-02-15 00:00:00,726.21,30.86,108.93,648.14,UPI
ORDER_00210,CUST_0163,SESS_586276,2026-02-21 00:00:00,10276.83,513.84,0.0,10790.67,Credit Card
ORDER_00211,CUST_0163,SESS_405304,2026-03-21 00:00:00,6039.18,301.96,0.0,6341.14,PayPal
ORDER_00212,CUST_0164,SESS_369961,2026-03-26 00:00:00,2756.71,117.16,413.51,2460.36,Credit Card
ORDER_00213,CUST_0168,SESS_843454,2026-03-18 00:00:00,4725.62,200.84,708.84,4217.62,UPI
ORDER_00214,CUST_0168,SESS_907152,2026-04-08 00:00:00,1430.35,71.52,0.0,1501.87,NetBanking
ORDER_00215,CUST_0169,SESS_668420,2026-02-17 00:00:00,8034.34,401.72,0.0,8436.06,PayPal
ORDER_00216,CUST_0170,SESS_986390,2026-02-20 00:00:00,6985.42,349.27,0.0,7334.69,NetBanking
ORDER_00217,CUST_0170,SESS_146199,2026-04-04 00:00:00,4830.71,241.54,0.0,5072.25,Credit Card
ORDER_00218,CUST_0170,SESS_306683,2026-05-26 00:00:00,5386.61,269.33,0.0,5655.94,UPI
ORDER_00219,CUST_0171,SESS_310461,2026-05-02 00:00:00,6688.41,284.26,1003.26,5969.41,UPI
ORDER_00220,CUST_0172,SESS_566676,2026-03-13 00:00:00,10398.33,519.92,0.0,10918.25,NetBanking
ORDER_00221,CUST_0174,SESS_862959,2026-05-10 00:00:00,11684.48,496.59,1752.67,10428.4,NetBanking
ORDER_00222,CUST_0176,SESS_298313,2026-02-06 00:00:00,2041.37,102.07,0.0,2143.44,UPI
ORDER_00223,CUST_0176,SESS_663607,2026-03-23 00:00:00,8220.04,349.35,1233.01,7336.38,UPI
ORDER_00224,CUST_0179,SESS_673795,2026-03-29 00:00:00,3111.81,155.59,0.0,3267.4,Credit Card
ORDER_00225,CUST_0179,SESS_618841,2026-05-09 00:00:00,2764.27,138.21,0.0,2902.48,Credit Card
ORDER_00226,CUST_0180,SESS_982039,2026-03-28 00:00:00,5944.12,297.21,0.0,6241.33,Credit Card
ORDER_00227,CUST_0180,SESS_370876,2026-05-03 00:00:00,3934.71,196.74,0.0,4131.45,UPI
ORDER_00228,CUST_0181,SESS_992585,2026-03-21 00:00:00,4972.35,248.62,0.0,5220.97,PayPal
ORDER_00229,CUST_0181,SESS_742535,2026-05-06 00:00:00,2071.58,103.58,0.0,2175.16,UPI
ORDER_00230,CUST_0182,SESS_454298,2026-04-24 00:00:00,9258.26,462.91,0.0,9721.17,NetBanking
ORDER_00231,CUST_0183,SESS_295656,2026-02-21 00:00:00,6239.8,311.99,0.0,6551.79,PayPal
ORDER_00232,CUST_0183,SESS_665963,2026-03-21 00:00:00,10152.38,507.62,0.0,10660.0,NetBanking
ORDER_00233,CUST_0183,SESS_843187,2026-04-09 00:00:00,2600.28,110.51,390.04,2320.75,PayPal
ORDER_00234,CUST_0184,SESS_940668,2026-01-10 00:00:00,4176.73,208.84,0.0,4385.57,Credit Card
ORDER_00235,CUST_0184,SESS_236260,2026-02-25 00:00:00,10726.11,536.31,0.0,11262.42,PayPal
ORDER_00236,CUST_0185,SESS_246352,2026-04-25 00:00:00,6191.72,309.59,0.0,6501.31,PayPal
ORDER_00237,CUST_0185,SESS_707609,2026-05-23 00:00:00,8391.57,419.58,0.0,8811.15,NetBanking
ORDER_00238,CUST_0186,SESS_817505,2026-01-30 00:00:00,7069.27,353.46,0.0,7422.73,PayPal
ORDER_00239,CUST_0186,SESS_813144,2026-02-07 00:00:00,9218.18,460.91,0.0,9679.09,Credit Card
ORDER_00240,CUST_0190,SESS_423986,2026-02-14 00:00:00,7850.98,392.55,0.0,8243.53,NetBanking
ORDER_00241,CUST_0191,SESS_299358,2026-04-15 00:00:00,4644.78,232.24,0.0,4877.02,PayPal
ORDER_00242,CUST_0192,SESS_126662,2026-01-20 00:00:00,11675.66,583.78,0.0,12259.44,Credit Card
ORDER_00243,CUST_0192,SESS_641678,2026-03-18 00:00:00,9496.77,474.84,0.0,9971.61,NetBanking
ORDER_00244,CUST_0192,SESS_154102,2026-04-10 00:00:00,1172.96,58.65,0.0,1231.61,PayPal
ORDER_00245,CUST_0194,SESS_826713,2026-02-07 00:00:00,7236.45,361.82,0.0,7598.27,PayPal
ORDER_00246,CUST_0194,SESS_924478,2026-04-03 00:00:00,3885.97,194.3,0.0,4080.27,NetBanking
ORDER_00247,CUST_0196,SESS_886955,2026-02-17 00:00:00,5552.5,277.62,0.0,5830.12,NetBanking
ORDER_00248,CUST_0196,SESS_604300,2026-03-05 00:00:00,719.27,35.96,0.0,755.23,Credit Card
ORDER_00249,CUST_0197,SESS_151050,2026-03-23 00:00:00,11349.72,567.49,0.0,11917.21,Credit Card
ORDER_00250,CUST_0198,SESS_101554,2026-03-23 00:00:00,11902.36,505.85,1785.35,10622.86,UPI
ORDER_00251,CUST_0199,SESS_966266,2026-05-09 00:00:00,8342.27,417.11,0.0,8759.38,UPI
ORDER_00252,CUST_0199,SESS_460552,2026-05-04 00:00:00,763.54,38.18,0.0,801.72,UPI
ORDER_00253,CUST_0200,SESS_710846,2026-02-03 00:00:00,6850.69,291.15,1027.6,6114.24,PayPal
ORDER_00254,CUST_0201,SESS_923763,2026-01-24 00:00:00,6566.73,279.09,985.01,5860.81,PayPal
ORDER_00255,CUST_0201,SESS_983381,2026-03-12 00:00:00,3780.35,189.02,0.0,3969.37,NetBanking
ORDER_00256,CUST_0203,SESS_317635,2026-03-12 00:00:00,5460.62,273.03,0.0,5733.65,PayPal
ORDER_00257,CUST_0203,SESS_227766,2026-03-20 00:00:00,5262.48,223.66,789.37,4696.77,UPI
ORDER_00258,CUST_0204,SESS_325527,2026-03-17 00:00:00,661.28,33.06,0.0,694.34,PayPal
ORDER_00259,CUST_0204,SESS_610585,2026-04-01 00:00:00,3627.4,154.16,544.11,3237.45,PayPal
ORDER_00260,CUST_0205,SESS_580879,2026-02-26 00:00:00,9158.52,389.24,1373.78,8173.98,PayPal
ORDER_00261,CUST_0205,SESS_282121,2026-03-21 00:00:00,10347.51,517.38,0.0,10864.89,UPI
ORDER_00262,CUST_0208,SESS_215118,2026-01-30 00:00:00,3896.72,194.84,0.0,4091.56,PayPal
ORDER_00263,CUST_0209,SESS_213693,2026-02-13 00:00:00,3258.75,162.94,0.0,3421.69,UPI
ORDER_00264,CUST_0209,SESS_305424,2026-02-22 00:00:00,7607.29,380.36,0.0,7987.65,Credit Card
ORDER_00265,CUST_0210,SESS_699695,2026-02-26 00:00:00,10539.01,526.95,0.0,11065.96,Credit Card
ORDER_00266,CUST_0210,SESS_545607,2026-04-16 00:00:00,8909.62,445.48,0.0,9355.1,PayPal
ORDER_00267,CUST_0210,SESS_722293,2026-05-05 00:00:00,11638.53,581.93,0.0,12220.46,Credit Card
ORDER_00268,CUST_0213,SESS_746516,2026-03-17 00:00:00,7939.14,396.96,0.0,8336.1,PayPal
ORDER_00269,CUST_0214,SESS_734536,2026-04-06 00:00:00,10793.0,539.65,0.0,11332.65,UPI
ORDER_00270,CUST_0214,SESS_359578,2026-05-23 00:00:00,3685.03,184.25,0.0,3869.28,NetBanking
ORDER_00271,CUST_0215,SESS_185784,2026-03-25 00:00:00,9755.83,414.62,1463.37,8707.08,PayPal
ORDER_00272,CUST_0216,SESS_640994,2026-02-15 00:00:00,11175.69,474.97,1676.35,9974.31,Credit Card
ORDER_00273,CUST_0217,SESS_544093,2026-04-13 00:00:00,3668.74,183.44,0.0,3852.18,PayPal
ORDER_00274,CUST_0217,SESS_872812,2026-04-28 00:00:00,5219.76,260.99,0.0,5480.75,UPI
ORDER_00275,CUST_0217,SESS_292223,2026-05-21 00:00:00,8043.47,402.17,0.0,8445.64,PayPal
ORDER_00276,CUST_0218,SESS_199498,2026-04-04 00:00:00,8433.69,421.68,0.0,8855.37,NetBanking
ORDER_00277,CUST_0218,SESS_765789,2026-04-20 00:00:00,6395.91,319.8,0.0,6715.71,Credit Card
ORDER_00278,CUST_0218,SESS_587927,2026-05-16 00:00:00,6964.8,348.24,0.0,7313.04,PayPal
ORDER_00279,CUST_0219,SESS_504130,2026-02-06 00:00:00,2473.41,123.67,0.0,2597.08,Credit Card
ORDER_00280,CUST_0219,SESS_355359,2026-03-15 00:00:00,2058.89,102.94,0.0,2161.83,PayPal
ORDER_00281,CUST_0220,SESS_892393,2026-01-28 00:00:00,4277.55,213.88,0.0,4491.43,Credit Card
ORDER_00282,CUST_0222,SESS_799208,2026-01-09 00:00:00,1330.34,66.52,0.0,1396.86,NetBanking
ORDER_00283,CUST_0222,SESS_925245,2026-02-19 00:00:00,8301.21,415.06,0.0,8716.27,NetBanking
ORDER_00284,CUST_0224,SESS_569788,2026-03-10 00:00:00,1523.12,76.16,0.0,1599.28,Credit Card
ORDER_00285,CUST_0225,SESS_171743,2026-02-14 00:00:00,9213.46,460.67,0.0,9674.13,Credit Card
ORDER_00286,CUST_0225,SESS_503382,2026-03-25 00:00:00,6669.43,333.47,0.0,7002.9,PayPal
ORDER_00287,CUST_0225,SESS_561278,2026-04-18 00:00:00,10506.09,525.3,0.0,11031.39,Credit Card
ORDER_00288,CUST_0228,SESS_517957,2026-03-23 00:00:00,2919.77,145.99,0.0,3065.76,UPI
ORDER_00289,CUST_0229,SESS_935786,2026-04-08 00:00:00,4446.04,222.3,0.0,4668.34,Credit Card
ORDER_00290,CUST_0229,SESS_591078,2026-04-16 00:00:00,6589.21,329.46,0.0,6918.67,PayPal
ORDER_00291,CUST_0230,SESS_195513,2026-04-12 00:00:00,6728.87,336.44,0.0,7065.31,NetBanking
ORDER_00292,CUST_0231,SESS_876788,2026-01-30 00:00:00,940.18,47.01,0.0,987.19,UPI
ORDER_00293,CUST_0231,SESS_109025,2026-03-25 00:00:00,6373.1,270.86,955.97,5687.99,Credit Card
ORDER_00294,CUST_0232,SESS_467414,2026-03-13 00:00:00,1578.07,78.9,0.0,1656.97,PayPal
ORDER_00295,CUST_0232,SESS_260419,2026-03-24 00:00:00,7372.94,368.65,0.0,7741.59,PayPal
ORDER_00296,CUST_0235,SESS_355675,2026-03-09 00:00:00,2970.9,148.55,0.0,3119.45,NetBanking
ORDER_00297,CUST_0236,SESS_142695,2026-01-19 00:00:00,8177.47,347.54,1226.62,7298.39,PayPal
ORDER_00298,CUST_0237,SESS_236160,2026-01-27 00:00:00,1432.52,71.63,0.0,1504.15,PayPal
ORDER_00299,CUST_0238,SESS_605439,2026-03-05 00:00:00,8506.72,425.34,0.0,8932.06,NetBanking
ORDER_00300,CUST_0239,SESS_110872,2026-02-04 00:00:00,3632.73,154.39,544.91,3242.21,UPI
ORDER_00301,CUST_0239,SESS_316414,2026-02-15 00:00:00,1684.87,84.24,0.0,1769.11,UPI
ORDER_00302,CUST_0240,SESS_256073,2026-03-08 00:00:00,11816.88,590.84,0.0,12407.72,UPI
ORDER_00303,CUST_0243,SESS_791220,2026-03-10 00:00:00,2550.08,127.5,0.0,2677.58,Credit Card
ORDER_00304,CUST_0245,SESS_731110,2026-01-26 00:00:00,5105.2,255.26,0.0,5360.46,Credit Card
ORDER_00305,CUST_0245,SESS_138536,2026-03-24 00:00:00,5673.11,283.66,0.0,5956.77,Credit Card
ORDER_00306,CUST_0246,SESS_492716,2026-02-25 00:00:00,3149.61,157.48,0.0,3307.09,NetBanking
ORDER_00307,CUST_0247,SESS_811113,2026-04-11 00:00:00,9626.96,481.35,0.0,10108.31,UPI
ORDER_00308,CUST_0247,SESS_629812,2026-05-02 00:00:00,1724.77,73.3,258.72,1539.35,Credit Card
ORDER_00309,CUST_0248,SESS_460697,2026-04-16 00:00:00,5694.94,242.03,854.24,5082.73,PayPal
ORDER_00310,CUST_0248,SESS_105232,2026-05-18 00:00:00,1402.73,70.14,0.0,1472.87,UPI
ORDER_00311,CUST_0249,SESS_968100,2026-02-04 00:00:00,6521.36,277.16,978.2,5820.32,PayPal
ORDER_00312,CUST_0249,SESS_894267,2026-03-02 00:00:00,9934.03,496.7,0.0,10430.73,PayPal
ORDER_00313,CUST_0250,SESS_490463,2026-03-30 00:00:00,8634.62,431.73,0.0,9066.35,UPI
ORDER_00314,CUST_0250,SESS_566569,2026-05-12 00:00:00,9708.07,412.59,1456.21,8664.45,PayPal
ORDER_00315,CUST_0253,SESS_913022,2026-03-23 00:00:00,11701.88,585.09,0.0,12286.97,NetBanking
ORDER_00316,CUST_0253,SESS_446114,2026-04-16 00:00:00,1480.25,74.01,0.0,1554.26,Credit Card
ORDER_00317,CUST_0254,SESS_225114,2026-05-05 00:00:00,1459.64,72.98,0.0,1532.62,UPI
ORDER_00318,CUST_0254,SESS_338459,2026-05-15 00:00:00,4343.18,184.59,651.48,3876.29,UPI
ORDER_00319,CUST_0255,SESS_363592,2026-02-07 00:00:00,11803.61,501.65,1770.54,10534.72,UPI
ORDER_00320,CUST_0255,SESS_791169,2026-03-13 00:00:00,5415.69,270.78,0.0,5686.47,NetBanking
ORDER_00321,CUST_0255,SESS_627796,2026-04-04 00:00:00,10903.75,545.19,0.0,11448.94,Credit Card
ORDER_00322,CUST_0257,SESS_306936,2026-04-10 00:00:00,733.88,36.69,0.0,770.57,NetBanking
ORDER_00323,CUST_0258,SESS_143362,2026-03-31 00:00:00,9997.7,499.89,0.0,10497.59,NetBanking
ORDER_00324,CUST_0259,SESS_695035,2026-04-04 00:00:00,11556.96,577.85,0.0,12134.81,PayPal
ORDER_00325,CUST_0259,SESS_137960,2026-05-03 00:00:00,5119.78,255.99,0.0,5375.77,NetBanking
ORDER_00326,CUST_0261,SESS_194555,2026-04-04 00:00:00,1783.26,89.16,0.0,1872.42,Credit Card
ORDER_00327,CUST_0262,SESS_826294,2026-02-08 00:00:00,3614.91,180.75,0.0,3795.66,Credit Card
ORDER_00328,CUST_0262,SESS_680806,2026-03-30 00:00:00,10836.92,541.85,0.0,11378.77,PayPal
ORDER_00329,CUST_0265,SESS_792612,2026-02-03 00:00:00,1011.39,50.57,0.0,1061.96,PayPal
ORDER_00330,CUST_0266,SESS_899333,2026-03-01 00:00:00,5462.68,273.13,0.0,5735.81,PayPal
ORDER_00331,CUST_0267,SESS_382295,2026-04-17 00:00:00,4621.5,231.08,0.0,4852.58,NetBanking
ORDER_00332,CUST_0268,SESS_409074,2026-04-01 00:00:00,3036.47,151.82,0.0,3188.29,Credit Card
ORDER_00333,CUST_0269,SESS_460653,2026-03-30 00:00:00,6255.37,312.77,0.0,6568.14,NetBanking
ORDER_00334,CUST_0270,SESS_258166,2026-03-03 00:00:00,5437.74,271.89,0.0,5709.63,Credit Card
ORDER_00335,CUST_0272,SESS_641757,2026-03-06 00:00:00,260.34,13.02,0.0,273.36,UPI
ORDER_00336,CUST_0273,SESS_849048,2026-03-12 00:00:00,2973.44,126.37,446.02,2653.79,UPI
ORDER_00337,CUST_0274,SESS_760134,2026-03-12 00:00:00,10476.32,523.82,0.0,11000.14,NetBanking
ORDER_00338,CUST_0274,SESS_487393,2026-04-24 00:00:00,5865.05,293.25,0.0,6158.3,NetBanking
ORDER_00339,CUST_0275,SESS_496574,2026-03-08 00:00:00,10496.04,524.8,0.0,11020.84,Credit Card
ORDER_00340,CUST_0275,SESS_135552,2026-03-30 00:00:00,7587.47,379.37,0.0,7966.84,Credit Card
ORDER_00341,CUST_0277,SESS_375800,2026-01-28 00:00:00,6819.46,289.83,1022.92,6086.37,Credit Card
ORDER_00342,CUST_0277,SESS_861190,2026-03-17 00:00:00,11346.84,567.34,0.0,11914.18,PayPal
ORDER_00343,CUST_0278,SESS_984501,2026-05-17 00:00:00,1851.58,78.69,277.74,1652.53,Credit Card
ORDER_00344,CUST_0278,SESS_871401,2026-05-14 00:00:00,6762.36,338.12,0.0,7100.48,Credit Card
ORDER_00345,CUST_0279,SESS_996211,2026-03-26 00:00:00,11405.78,570.29,0.0,11976.07,UPI
ORDER_00346,CUST_0280,SESS_151677,2026-03-28 00:00:00,8164.79,408.24,0.0,8573.03,NetBanking
ORDER_00347,CUST_0281,SESS_803762,2026-01-29 00:00:00,6779.49,288.13,1016.92,6050.7,NetBanking
ORDER_00348,CUST_0281,SESS_180507,2026-02-27 00:00:00,3372.83,168.64,0.0,3541.47,NetBanking
ORDER_00349,CUST_0281,SESS_659292,2026-03-23 00:00:00,5265.83,223.8,789.87,4699.76,NetBanking
ORDER_00350,CUST_0283,SESS_143937,2026-04-12 00:00:00,5819.4,290.97,0.0,6110.37,Credit Card
ORDER_00351,CUST_0283,SESS_859864,2026-05-18 00:00:00,7168.67,304.67,1075.3,6398.04,UPI
ORDER_00352,CUST_0284,SESS_939596,2026-04-06 00:00:00,3933.64,167.18,590.05,3510.77,Credit Card
ORDER_00353,CUST_0285,SESS_536859,2026-05-14 00:00:00,3513.18,149.31,526.98,3135.51,UPI
ORDER_00354,CUST_0285,SESS_176514,2026-05-20 00:00:00,4001.9,170.08,600.28,3571.7,Credit Card
ORDER_00355,CUST_0286,SESS_382817,2026-03-16 00:00:00,6373.23,318.66,0.0,6691.89,PayPal
ORDER_00356,CUST_0287,SESS_873191,2026-04-18 00:00:00,2072.27,88.07,310.84,1849.5,NetBanking
ORDER_00357,CUST_0287,SESS_880868,2026-05-13 00:00:00,9699.29,484.96,0.0,10184.25,PayPal
ORDER_00358,CUST_0290,SESS_687918,2026-03-01 00:00:00,8076.54,403.83,0.0,8480.37,PayPal
ORDER_00359,CUST_0290,SESS_173328,2026-04-26 00:00:00,2297.21,97.63,344.58,2050.26,NetBanking
ORDER_00360,CUST_0290,SESS_479991,2026-05-23 00:00:00,9664.67,483.23,0.0,10147.9,NetBanking
ORDER_00361,CUST_0291,SESS_538924,2026-01-25 00:00:00,7535.13,376.76,0.0,7911.89,PayPal
ORDER_00362,CUST_0291,SESS_622345,2026-03-15 00:00:00,2715.7,135.78,0.0,2851.48,Credit Card
ORDER_00363,CUST_0291,SESS_340801,2026-03-13 00:00:00,6935.98,346.8,0.0,7282.78,NetBanking
ORDER_00364,CUST_0292,SESS_289266,2026-03-27 00:00:00,4053.96,202.7,0.0,4256.66,Credit Card
ORDER_00365,CUST_0292,SESS_255704,2026-04-25 00:00:00,8498.57,424.93,0.0,8923.5,NetBanking
ORDER_00366,CUST_0292,SESS_484302,2026-04-26 00:00:00,507.01,25.35,0.0,532.36,NetBanking
ORDER_00367,CUST_0293,SESS_447840,2026-03-06 00:00:00,10103.71,505.19,0.0,10608.9,PayPal
ORDER_00368,CUST_0293,SESS_304490,2026-03-29 00:00:00,5516.2,275.81,0.0,5792.01,NetBanking
ORDER_00369,CUST_0294,SESS_240967,2026-02-18 00:00:00,3360.65,168.03,0.0,3528.68,Credit Card
ORDER_00370,CUST_0296,SESS_384515,2026-04-11 00:00:00,5242.4,262.12,0.0,5504.52,Credit Card
ORDER_00371,CUST_0296,SESS_250772,2026-05-03 00:00:00,4047.16,202.36,0.0,4249.52,UPI
ORDER_00372,CUST_0297,SESS_952606,2026-04-26 00:00:00,2660.21,133.01,0.0,2793.22,PayPal
ORDER_00373,CUST_0299,SESS_178052,2026-05-02 00:00:00,2904.97,145.25,0.0,3050.22,UPI
ORDER_00374,CUST_0300,SESS_279514,2026-03-03 00:00:00,5741.9,287.09,0.0,6028.99,PayPal
ORDER_00375,CUST_0300,SESS_402612,2026-03-26 00:00:00,10946.87,465.24,1642.03,9770.08,UPI
ORDER_00376,CUST_0300,SESS_378153,2026-04-13 00:00:00,8968.86,381.18,1345.33,8004.71,Credit Card
ORDER_00377,CUST_0301,SESS_903289,2026-04-08 00:00:00,11055.32,552.77,0.0,11608.09,UPI
ORDER_00378,CUST_0301,SESS_761477,2026-05-12 00:00:00,2202.91,110.15,0.0,2313.06,PayPal
ORDER_00379,CUST_0302,SESS_220682,2026-03-14 00:00:00,7376.04,368.8,0.0,7744.84,NetBanking
ORDER_00380,CUST_0302,SESS_870118,2026-03-24 00:00:00,7799.07,331.46,1169.86,6960.67,NetBanking
ORDER_00381,CUST_0303,SESS_973459,2026-03-13 00:00:00,6748.88,337.44,0.0,7086.32,UPI
ORDER_00382,CUST_0304,SESS_877496,2026-03-22 00:00:00,8672.21,433.61,0.0,9105.82,NetBanking
ORDER_00383,CUST_0305,SESS_293648,2026-04-03 00:00:00,1242.45,62.12,0.0,1304.57,UPI
ORDER_00384,CUST_0305,SESS_330598,2026-05-08 00:00:00,313.73,15.69,0.0,329.42,PayPal
ORDER_00385,CUST_0305,SESS_409143,2026-05-20 00:00:00,9136.83,456.84,0.0,9593.67,NetBanking
ORDER_00386,CUST_0306,SESS_542053,2026-04-11 00:00:00,2119.97,106.0,0.0,2225.97,UPI
ORDER_00387,CUST_0306,SESS_442504,2026-04-22 00:00:00,9061.98,453.1,0.0,9515.08,UPI
ORDER_00388,CUST_0307,SESS_160133,2026-04-05 00:00:00,8802.65,440.13,0.0,9242.78,NetBanking
ORDER_00389,CUST_0309,SESS_514438,2026-04-20 00:00:00,3828.47,191.42,0.0,4019.89,UPI
ORDER_00390,CUST_0309,SESS_318947,2026-04-23 00:00:00,5093.05,254.65,0.0,5347.7,UPI
ORDER_00391,CUST_0310,SESS_357658,2026-02-23 00:00:00,6770.99,287.77,1015.65,6043.11,PayPal
ORDER_00392,CUST_0310,SESS_248729,2026-03-19 00:00:00,2491.67,105.9,373.75,2223.82,UPI
ORDER_00393,CUST_0310,SESS_168101,2026-04-29 00:00:00,903.22,45.16,0.0,948.38,NetBanking
ORDER_00394,CUST_0313,SESS_638101,2026-02-13 00:00:00,4687.39,199.21,703.11,4183.49,UPI
ORDER_00395,CUST_0313,SESS_654284,2026-03-06 00:00:00,3418.25,170.91,0.0,3589.16,PayPal
ORDER_00396,CUST_0313,SESS_140128,2026-05-05 00:00:00,3547.07,177.35,0.0,3724.42,UPI
ORDER_00397,CUST_0315,SESS_479648,2026-04-17 00:00:00,9717.89,485.89,0.0,10203.78,NetBanking
ORDER_00398,CUST_0317,SESS_650146,2026-02-12 00:00:00,6749.72,337.49,0.0,7087.21,UPI
ORDER_00399,CUST_0317,SESS_555282,2026-03-10 00:00:00,5155.98,257.8,0.0,5413.78,PayPal
ORDER_00400,CUST_0317,SESS_637750,2026-03-25 00:00:00,6729.41,336.47,0.0,7065.88,Credit Card
ORDER_00401,CUST_0318,SESS_355051,2026-03-13 00:00:00,3857.45,192.87,0.0,4050.32,Credit Card
ORDER_00402,CUST_0318,SESS_452688,2026-05-04 00:00:00,2867.91,143.4,0.0,3011.31,UPI
ORDER_00403,CUST_0320,SESS_202075,2026-05-08 00:00:00,8449.04,359.08,1267.36,7540.76,Credit Card
ORDER_00404,CUST_0321,SESS_953162,2026-02-05 00:00:00,10226.74,511.34,0.0,10738.08,NetBanking
ORDER_00405,CUST_0321,SESS_469813,2026-03-05 00:00:00,8821.25,441.06,0.0,9262.31,UPI
ORDER_00406,CUST_0321,SESS_236192,2026-04-19 00:00:00,4063.27,203.16,0.0,4266.43,UPI
ORDER_00407,CUST_0322,SESS_872176,2026-02-20 00:00:00,3562.46,178.12,0.0,3740.58,Credit Card
ORDER_00408,CUST_0322,SESS_440235,2026-03-24 00:00:00,6654.41,332.72,0.0,6987.13,UPI
ORDER_00409,CUST_0322,SESS_709250,2026-04-01 00:00:00,1174.09,58.7,0.0,1232.79,Credit Card
ORDER_00410,CUST_0323,SESS_871341,2026-02-21 00:00:00,6335.89,316.79,0.0,6652.68,PayPal
ORDER_00411,CUST_0323,SESS_439335,2026-03-28 00:00:00,6946.07,347.3,0.0,7293.37,NetBanking
ORDER_00412,CUST_0325,SESS_240514,2026-03-21 00:00:00,5476.42,232.75,821.46,4887.71,NetBanking
ORDER_00413,CUST_0325,SESS_557300,2026-05-04 00:00:00,3381.01,143.69,507.15,3017.55,UPI
ORDER_00414,CUST_0327,SESS_842262,2026-03-21 00:00:00,8948.59,447.43,0.0,9396.02,NetBanking
ORDER_00415,CUST_0327,SESS_245462,2026-04-20 00:00:00,7696.0,327.08,1154.4,6868.68,Credit Card
ORDER_00416,CUST_0327,SESS_924803,2026-05-08 00:00:00,1597.08,67.88,239.56,1425.4,PayPal
ORDER_00417,CUST_0328,SESS_970055,2026-01-24 00:00:00,3683.28,184.16,0.0,3867.44,PayPal
ORDER_00418,CUST_0329,SESS_517949,2026-03-27 00:00:00,9643.33,482.17,0.0,10125.5,Credit Card
ORDER_00419,CUST_0329,SESS_965006,2026-04-01 00:00:00,9085.59,454.28,0.0,9539.87,NetBanking
ORDER_00420,CUST_0329,SESS_891197,2026-05-17 00:00:00,8850.54,442.53,0.0,9293.07,NetBanking
ORDER_00421,CUST_0330,SESS_891552,2026-05-06 00:00:00,4313.03,215.65,0.0,4528.68,Credit Card
ORDER_00422,CUST_0331,SESS_298667,2026-01-29 00:00:00,2497.2,124.86,0.0,2622.06,PayPal
ORDER_00423,CUST_0331,SESS_322952,2026-02-23 00:00:00,5899.64,294.98,0.0,6194.62,Credit Card
ORDER_00424,CUST_0332,SESS_104006,2026-04-03 00:00:00,4604.3,195.68,690.64,4109.34,Credit Card
ORDER_00425,CUST_0333,SESS_809959,2026-05-03 00:00:00,5097.61,254.88,0.0,5352.49,NetBanking
ORDER_00426,CUST_0334,SESS_416790,2026-02-14 00:00:00,5180.51,220.17,777.08,4623.6,Credit Card
ORDER_00427,CUST_0334,SESS_694155,2026-04-07 00:00:00,6042.09,302.1,0.0,6344.19,PayPal
ORDER_00428,CUST_0334,SESS_996422,2026-04-24 00:00:00,2626.67,131.33,0.0,2758.0,UPI
ORDER_00429,CUST_0335,SESS_408172,2026-03-20 00:00:00,2777.64,118.05,416.65,2479.04,NetBanking
ORDER_00430,CUST_0335,SESS_674241,2026-04-19 00:00:00,9423.49,471.17,0.0,9894.66,PayPal
ORDER_00431,CUST_0336,SESS_297634,2026-02-22 00:00:00,9287.18,464.36,0.0,9751.54,UPI
ORDER_00432,CUST_0336,SESS_452897,2026-04-15 00:00:00,10165.39,508.27,0.0,10673.66,UPI
ORDER_00433,CUST_0336,SESS_119207,2026-04-29 00:00:00,5083.61,216.05,762.54,4537.12,UPI
ORDER_00434,CUST_0337,SESS_303790,2026-02-27 00:00:00,11018.27,550.91,0.0,11569.18,Credit Card
ORDER_00435,CUST_0337,SESS_653761,2026-03-04 00:00:00,839.43,41.97,0.0,881.4,Credit Card
ORDER_00436,CUST_0338,SESS_800365,2026-05-04 00:00:00,8915.87,445.79,0.0,9361.66,NetBanking
ORDER_00437,CUST_0339,SESS_577260,2026-05-05 00:00:00,3273.54,163.68,0.0,3437.22,PayPal
ORDER_00438,CUST_0340,SESS_793822,2026-02-28 00:00:00,7482.24,374.11,0.0,7856.35,UPI
ORDER_00439,CUST_0342,SESS_853566,2026-04-09 00:00:00,9482.81,403.02,1422.42,8463.41,NetBanking
ORDER_00440,CUST_0342,SESS_448961,2026-05-17 00:00:00,791.93,39.6,0.0,831.53,Credit Card
ORDER_00441,CUST_0344,SESS_429579,2026-02-02 00:00:00,3322.47,166.12,0.0,3488.59,NetBanking
ORDER_00442,CUST_0344,SESS_703099,2026-02-23 00:00:00,4745.95,237.3,0.0,4983.25,PayPal
ORDER_00443,CUST_0345,SESS_270163,2026-03-27 00:00:00,7716.97,385.85,0.0,8102.82,NetBanking
ORDER_00444,CUST_0345,SESS_982722,2026-05-22 00:00:00,9305.56,465.28,0.0,9770.84,UPI
ORDER_00445,CUST_0347,SESS_667820,2026-03-04 00:00:00,9950.05,497.5,0.0,10447.55,PayPal
ORDER_00446,CUST_0347,SESS_260092,2026-03-10 00:00:00,9697.13,484.86,0.0,10181.99,PayPal
ORDER_00447,CUST_0347,SESS_177809,2026-05-05 00:00:00,6877.56,343.88,0.0,7221.44,Credit Card
ORDER_00448,CUST_0349,SESS_477732,2026-03-26 00:00:00,267.85,13.39,0.0,281.24,NetBanking
ORDER_00449,CUST_0350,SESS_187265,2026-04-16 00:00:00,8189.86,409.49,0.0,8599.35,UPI
ORDER_00450,CUST_0351,SESS_648878,2026-02-20 00:00:00,5448.83,272.44,0.0,5721.27,NetBanking
ORDER_00451,CUST_0351,SESS_177819,2026-03-31 00:00:00,5180.12,220.16,777.02,4623.26,PayPal
ORDER_00452,CUST_0351,SESS_796431,2026-04-29 00:00:00,10467.36,523.37,0.0,10990.73,PayPal
ORDER_00453,CUST_0352,SESS_328096,2026-03-06 00:00:00,7246.98,308.0,1087.05,6467.93,UPI
ORDER_00454,CUST_0353,SESS_137606,2026-04-21 00:00:00,11187.4,559.37,0.0,11746.77,PayPal
ORDER_00455,CUST_0353,SESS_791456,2026-05-27 00:00:00,3592.55,179.63,0.0,3772.18,UPI
ORDER_00456,CUST_0354,SESS_545921,2026-01-23 00:00:00,10797.66,539.88,0.0,11337.54,PayPal
ORDER_00457,CUST_0354,SESS_710939,2026-02-10 00:00:00,11782.87,589.14,0.0,12372.01,NetBanking
ORDER_00458,CUST_0354,SESS_731593,2026-03-12 00:00:00,1816.54,90.83,0.0,1907.37,NetBanking
ORDER_00459,CUST_0356,SESS_587459,2026-02-27 00:00:00,11870.17,593.51,0.0,12463.68,Credit Card
ORDER_00460,CUST_0356,SESS_357118,2026-04-13 00:00:00,5221.18,261.06,0.0,5482.24,UPI
ORDER_00461,CUST_0356,SESS_247911,2026-04-25 00:00:00,740.75,37.04,0.0,777.79,NetBanking
ORDER_00462,CUST_0357,SESS_877133,2026-01-15 00:00:00,7338.29,366.91,0.0,7705.2,PayPal
ORDER_00463,CUST_0358,SESS_353981,2026-05-15 00:00:00,5321.6,266.08,0.0,5587.68,NetBanking
ORDER_00464,CUST_0358,SESS_464696,2026-05-26 00:00:00,8343.95,417.2,0.0,8761.15,Credit Card
ORDER_00465,CUST_0359,SESS_937232,2026-02-28 00:00:00,8592.22,429.61,0.0,9021.83,NetBanking
ORDER_00466,CUST_0360,SESS_511879,2026-01-25 00:00:00,7012.76,298.04,1051.91,6258.89,PayPal
ORDER_00467,CUST_0360,SESS_223478,2026-02-05 00:00:00,5360.51,227.82,804.08,4784.25,PayPal
ORDER_00468,CUST_0360,SESS_427209,2026-03-14 00:00:00,8123.72,406.19,0.0,8529.91,PayPal
ORDER_00469,CUST_0361,SESS_170851,2026-04-09 00:00:00,462.25,23.11,0.0,485.36,NetBanking
ORDER_00470,CUST_0362,SESS_436953,2026-05-02 00:00:00,5322.12,266.11,0.0,5588.23,Credit Card
ORDER_00471,CUST_0364,SESS_628854,2026-03-22 00:00:00,4258.5,180.99,638.77,3800.72,PayPal
ORDER_00472,CUST_0365,SESS_364148,2026-03-30 00:00:00,6713.67,335.68,0.0,7049.35,PayPal
ORDER_00473,CUST_0366,SESS_764987,2026-04-06 00:00:00,6154.67,307.73,0.0,6462.4,Credit Card
ORDER_00474,CUST_0366,SESS_764253,2026-04-20 00:00:00,2436.38,121.82,0.0,2558.2,UPI
ORDER_00475,CUST_0366,SESS_858649,2026-05-21 00:00:00,7223.24,361.16,0.0,7584.4,UPI
ORDER_00476,CUST_0369,SESS_217736,2026-03-02 00:00:00,7087.25,354.36,0.0,7441.61,UPI
ORDER_00477,CUST_0369,SESS_945679,2026-03-31 00:00:00,3378.1,143.57,506.71,3014.96,UPI
ORDER_00478,CUST_0369,SESS_523578,2026-05-05 00:00:00,11223.48,561.17,0.0,11784.65,Credit Card
ORDER_00479,CUST_0370,SESS_712169,2026-02-22 00:00:00,2853.56,121.28,428.03,2546.81,UPI
ORDER_00480,CUST_0370,SESS_153437,2026-04-16 00:00:00,406.38,20.32,0.0,426.7,PayPal
ORDER_00481,CUST_0370,SESS_345783,2026-04-26 00:00:00,2031.7,101.59,0.0,2133.29,PayPal
ORDER_00482,CUST_0373,SESS_472325,2026-03-12 00:00:00,8642.22,432.11,0.0,9074.33,PayPal
ORDER_00483,CUST_0373,SESS_701468,2026-04-17 00:00:00,10968.34,548.42,0.0,11516.76,Credit Card
ORDER_00484,CUST_0373,SESS_899491,2026-05-23 00:00:00,6194.8,309.74,0.0,6504.54,UPI
ORDER_00485,CUST_0374,SESS_485178,2026-05-13 00:00:00,2091.63,104.58,0.0,2196.21,Credit Card
ORDER_00486,CUST_0374,SESS_863786,2026-05-27 00:00:00,973.38,48.67,0.0,1022.05,PayPal
ORDER_00487,CUST_0376,SESS_669746,2026-04-19 00:00:00,1901.44,80.81,285.22,1697.03,Credit Card
ORDER_00488,CUST_0376,SESS_684199,2026-05-11 00:00:00,558.43,27.92,0.0,586.35,Credit Card
ORDER_00489,CUST_0378,SESS_134769,2026-04-12 00:00:00,11775.67,588.78,0.0,12364.45,NetBanking
ORDER_00490,CUST_0382,SESS_709845,2026-03-13 00:00:00,7978.24,339.08,1196.74,7120.58,NetBanking
ORDER_00491,CUST_0383,SESS_697167,2026-01-22 00:00:00,6033.04,301.65,0.0,6334.69,UPI
ORDER_00492,CUST_0385,SESS_175163,2026-01-20 00:00:00,6842.17,342.11,0.0,7184.28,Credit Card
ORDER_00493,CUST_0385,SESS_470527,2026-03-10 00:00:00,7428.12,371.41,0.0,7799.53,NetBanking
ORDER_00494,CUST_0385,SESS_923020,2026-04-20 00:00:00,10128.65,506.43,0.0,10635.08,NetBanking
ORDER_00495,CUST_0386,SESS_717905,2026-03-23 00:00:00,7951.13,397.56,0.0,8348.69,PayPal
ORDER_00496,CUST_0387,SESS_366435,2026-03-24 00:00:00,10113.02,505.65,0.0,10618.67,UPI
ORDER_00497,CUST_0387,SESS_451442,2026-05-23 00:00:00,5555.38,277.77,0.0,5833.15,UPI
ORDER_00498,CUST_0388,SESS_180283,2026-04-15 00:00:00,3991.54,199.58,0.0,4191.12,NetBanking
ORDER_00499,CUST_0388,SESS_995702,2026-05-19 00:00:00,10022.38,501.12,0.0,10523.5,NetBanking
ORDER_00500,CUST_0389,SESS_348264,2026-03-22 00:00:00,11360.47,568.02,0.0,11928.49,PayPal
ORDER_00501,CUST_0389,SESS_189710,2026-04-21 00:00:00,11453.39,486.77,1718.01,10222.15,Credit Card
ORDER_00502,CUST_0390,SESS_337493,2026-04-12 00:00:00,709.99,35.5,0.0,745.49,PayPal
ORDER_00503,CUST_0391,SESS_493479,2026-03-31 00:00:00,6053.13,302.66,0.0,6355.79,UPI
ORDER_00504,CUST_0392,SESS_899626,2026-01-22 00:00:00,10604.31,530.22,0.0,11134.53,NetBanking
ORDER_00505,CUST_0392,SESS_416418,2026-03-11 00:00:00,7904.12,395.21,0.0,8299.33,Credit Card
ORDER_00506,CUST_0392,SESS_863770,2026-04-16 00:00:00,3741.97,159.03,561.3,3339.7,PayPal
ORDER_00507,CUST_0393,SESS_232470,2026-03-23 00:00:00,8064.2,403.21,0.0,8467.41,NetBanking
ORDER_00508,CUST_0393,SESS_319895,2026-04-05 00:00:00,5774.06,288.7,0.0,6062.76,UPI
ORDER_00509,CUST_0393,SESS_592388,2026-05-05 00:00:00,921.59,46.08,0.0,967.67,UPI
ORDER_00510,CUST_0396,SESS_565694,2026-01-25 00:00:00,10489.16,524.46,0.0,11013.62,UPI
ORDER_00511,CUST_0396,SESS_744529,2026-02-12 00:00:00,5597.12,279.86,0.0,5876.98,PayPal
ORDER_00512,CUST_0396,SESS_826967,2026-03-31 00:00:00,7541.7,377.09,0.0,7918.79,UPI
ORDER_00513,CUST_0397,SESS_364703,2026-02-20 00:00:00,2245.47,112.27,0.0,2357.74,UPI
ORDER_00514,CUST_0398,SESS_576863,2026-02-06 00:00:00,5168.67,258.43,0.0,5427.1,UPI
ORDER_00515,CUST_0398,SESS_511555,2026-03-11 00:00:00,10092.92,428.95,1513.94,9007.93,UPI
ORDER_00516,CUST_0401,SESS_260365,2026-02-28 00:00:00,10328.5,516.43,0.0,10844.93,NetBanking
ORDER_00517,CUST_0401,SESS_353173,2026-04-12 00:00:00,9665.07,410.77,1449.76,8626.08,UPI
ORDER_00518,CUST_0401,SESS_269914,2026-04-30 00:00:00,8517.92,362.01,1277.69,7602.24,UPI
ORDER_00519,CUST_0402,SESS_724845,2026-05-01 00:00:00,7483.46,374.17,0.0,7857.63,Credit Card
ORDER_00520,CUST_0404,SESS_679603,2026-02-28 00:00:00,7618.94,380.95,0.0,7999.89,UPI
ORDER_00521,CUST_0404,SESS_581116,2026-03-22 00:00:00,8212.84,410.64,0.0,8623.48,Credit Card
ORDER_00522,CUST_0404,SESS_109732,2026-04-28 00:00:00,9245.45,462.27,0.0,9707.72,Credit Card
ORDER_00523,CUST_0405,SESS_850380,2026-02-14 00:00:00,1877.75,93.89,0.0,1971.64,PayPal
ORDER_00524,CUST_0406,SESS_634840,2026-04-18 00:00:00,7314.3,365.72,0.0,7680.02,PayPal
ORDER_00525,CUST_0406,SESS_955423,2026-05-15 00:00:00,5850.52,292.53,0.0,6143.05,UPI
ORDER_00526,CUST_0407,SESS_611850,2026-02-15 00:00:00,6672.95,333.65,0.0,7006.6,PayPal
ORDER_00527,CUST_0407,SESS_221228,2026-03-08 00:00:00,2939.32,124.92,440.9,2623.34,Credit Card
ORDER_00528,CUST_0408,SESS_920157,2026-03-19 00:00:00,4442.46,222.12,0.0,4664.58,NetBanking
ORDER_00529,CUST_0408,SESS_919977,2026-05-15 00:00:00,10889.43,462.8,1633.41,9718.82,UPI
ORDER_00530,CUST_0409,SESS_565415,2026-03-16 00:00:00,2384.99,119.25,0.0,2504.24,PayPal
ORDER_00531,CUST_0410,SESS_861179,2026-03-30 00:00:00,11969.09,598.45,0.0,12567.54,UPI
ORDER_00532,CUST_0412,SESS_931520,2026-04-10 00:00:00,1829.55,77.76,274.43,1632.88,Credit Card
ORDER_00533,CUST_0413,SESS_215379,2026-03-06 00:00:00,4876.93,243.85,0.0,5120.78,Credit Card
ORDER_00534,CUST_0413,SESS_430131,2026-04-01 00:00:00,9932.21,496.61,0.0,10428.82,Credit Card
ORDER_00535,CUST_0413,SESS_410327,2026-04-21 00:00:00,6283.99,314.2,0.0,6598.19,UPI
ORDER_00536,CUST_0414,SESS_763571,2026-04-27 00:00:00,4060.01,203.0,0.0,4263.01,PayPal
ORDER_00537,CUST_0415,SESS_422989,2026-04-15 00:00:00,9239.19,392.67,1385.88,8245.98,NetBanking
ORDER_00538,CUST_0416,SESS_898975,2026-03-02 00:00:00,8676.22,433.81,0.0,9110.03,NetBanking
ORDER_00539,CUST_0416,SESS_902274,2026-04-14 00:00:00,11575.98,578.8,0.0,12154.78,NetBanking
ORDER_00540,CUST_0417,SESS_627937,2026-03-23 00:00:00,2967.66,148.38,0.0,3116.04,UPI
ORDER_00541,CUST_0418,SESS_453528,2026-03-02 00:00:00,11086.24,471.16,1662.94,9894.46,NetBanking
ORDER_00542,CUST_0420,SESS_956300,2026-02-05 00:00:00,11216.68,560.83,0.0,11777.51,NetBanking
ORDER_00543,CUST_0420,SESS_846151,2026-03-17 00:00:00,9457.67,472.88,0.0,9930.55,PayPal
ORDER_00544,CUST_0420,SESS_217875,2026-03-27 00:00:00,5669.13,240.94,850.37,5059.7,Credit Card
ORDER_00545,CUST_0421,SESS_340853,2026-05-12 00:00:00,8723.86,436.19,0.0,9160.05,NetBanking
ORDER_00546,CUST_0422,SESS_508787,2026-04-22 00:00:00,6361.52,318.08,0.0,6679.6,PayPal
ORDER_00547,CUST_0423,SESS_833988,2026-04-09 00:00:00,6799.92,340.0,0.0,7139.92,PayPal
ORDER_00548,CUST_0423,SESS_371075,2026-05-01 00:00:00,2224.24,111.21,0.0,2335.45,PayPal
ORDER_00549,CUST_0424,SESS_316151,2026-02-24 00:00:00,2964.72,148.24,0.0,3112.96,Credit Card
ORDER_00550,CUST_0424,SESS_615006,2026-02-27 00:00:00,635.93,31.8,0.0,667.73,UPI
ORDER_00551,CUST_0425,SESS_731462,2026-04-21 00:00:00,1089.35,46.3,163.4,972.25,NetBanking
ORDER_00552,CUST_0427,SESS_428273,2026-02-24 00:00:00,8276.21,413.81,0.0,8690.02,PayPal
ORDER_00553,CUST_0429,SESS_460631,2026-04-02 00:00:00,9208.64,460.43,0.0,9669.07,NetBanking
ORDER_00554,CUST_0429,SESS_706709,2026-04-16 00:00:00,5250.59,262.53,0.0,5513.12,NetBanking
ORDER_00555,CUST_0430,SESS_634329,2026-03-20 00:00:00,4147.84,207.39,0.0,4355.23,Credit Card
ORDER_00556,CUST_0431,SESS_190820,2026-02-13 00:00:00,5500.44,275.02,0.0,5775.46,NetBanking
ORDER_00557,CUST_0431,SESS_149418,2026-02-24 00:00:00,7068.01,353.4,0.0,7421.41,PayPal
ORDER_00558,CUST_0431,SESS_804815,2026-04-04 00:00:00,1673.35,83.67,0.0,1757.02,NetBanking
ORDER_00559,CUST_0434,SESS_929230,2026-03-15 00:00:00,2376.15,118.81,0.0,2494.96,Credit Card
ORDER_00560,CUST_0435,SESS_109110,2026-02-16 00:00:00,10483.1,524.16,0.0,11007.26,Credit Card
ORDER_00561,CUST_0435,SESS_266440,2026-04-09 00:00:00,2462.67,104.66,369.4,2197.93,NetBanking
ORDER_00562,CUST_0436,SESS_439653,2026-02-24 00:00:00,7296.0,364.8,0.0,7660.8,PayPal
ORDER_00563,CUST_0436,SESS_449146,2026-03-24 00:00:00,6013.87,300.69,0.0,6314.56,NetBanking
ORDER_00564,CUST_0437,SESS_504497,2026-05-13 00:00:00,10569.97,528.5,0.0,11098.47,UPI
ORDER_00565,CUST_0438,SESS_915716,2026-01-13 00:00:00,303.32,15.17,0.0,318.49,UPI
ORDER_00566,CUST_0439,SESS_471733,2026-04-08 00:00:00,4046.06,202.3,0.0,4248.36,Credit Card
ORDER_00567,CUST_0440,SESS_697693,2026-02-13 00:00:00,1289.71,54.81,193.46,1151.06,Credit Card
ORDER_00568,CUST_0440,SESS_349479,2026-03-14 00:00:00,3283.22,139.54,492.48,2930.28,Credit Card
ORDER_00569,CUST_0441,SESS_383512,2026-02-17 00:00:00,4418.56,220.93,0.0,4639.49,Credit Card
ORDER_00570,CUST_0442,SESS_493484,2026-03-10 00:00:00,4637.94,231.9,0.0,4869.84,UPI
ORDER_00571,CUST_0442,SESS_648546,2026-04-19 00:00:00,9004.01,450.2,0.0,9454.21,NetBanking
ORDER_00572,CUST_0443,SESS_678718,2026-04-11 00:00:00,8558.5,427.93,0.0,8986.43,Credit Card
ORDER_00573,CUST_0443,SESS_977470,2026-04-29 00:00:00,2648.25,132.41,0.0,2780.66,PayPal
ORDER_00574,CUST_0444,SESS_416021,2026-04-17 00:00:00,1240.13,52.71,186.02,1106.82,UPI
ORDER_00575,CUST_0444,SESS_300109,2026-04-11 00:00:00,9620.69,481.03,0.0,10101.72,UPI
ORDER_00576,CUST_0445,SESS_657166,2026-04-09 00:00:00,1531.15,76.56,0.0,1607.71,UPI
ORDER_00577,CUST_0445,SESS_831640,2026-05-09 00:00:00,5523.81,276.19,0.0,5800.0,UPI
ORDER_00578,CUST_0446,SESS_598110,2026-01-21 00:00:00,6813.26,340.66,0.0,7153.92,Credit Card
ORDER_00579,CUST_0446,SESS_602165,2026-03-03 00:00:00,5628.69,281.43,0.0,5910.12,Credit Card
ORDER_00580,CUST_0447,SESS_989368,2026-02-25 00:00:00,11817.17,502.23,1772.58,10546.82,NetBanking
ORDER_00581,CUST_0447,SESS_521308,2026-04-04 00:00:00,3032.46,128.88,454.87,2706.47,PayPal
ORDER_00582,CUST_0447,SESS_905167,2026-04-17 00:00:00,2050.73,102.54,0.0,2153.27,NetBanking
ORDER_00583,CUST_0448,SESS_488663,2026-02-07 00:00:00,329.12,16.46,0.0,345.58,PayPal
ORDER_00584,CUST_0448,SESS_360210,2026-04-12 00:00:00,2819.14,119.81,422.87,2516.08,Credit Card
ORDER_00585,CUST_0448,SESS_894614,2026-04-15 00:00:00,2216.79,94.21,332.52,1978.48,Credit Card
ORDER_00586,CUST_0449,SESS_174783,2026-04-28 00:00:00,9801.83,490.09,0.0,10291.92,Credit Card
ORDER_00587,CUST_0450,SESS_132172,2026-03-12 00:00:00,947.11,47.36,0.0,994.47,UPI
ORDER_00588,CUST_0450,SESS_901737,2026-04-06 00:00:00,5751.98,244.46,862.8,5133.64,PayPal
ORDER_00589,CUST_0450,SESS_396457,2026-05-04 00:00:00,7920.03,336.6,1188.0,7068.63,UPI
ORDER_00590,CUST_0452,SESS_187835,2026-02-15 00:00:00,5439.39,231.17,815.91,4854.65,PayPal
ORDER_00591,CUST_0452,SESS_138441,2026-03-05 00:00:00,1331.18,66.56,0.0,1397.74,PayPal
ORDER_00592,CUST_0453,SESS_665526,2026-01-27 00:00:00,1941.68,82.52,291.25,1732.95,NetBanking
ORDER_00593,CUST_0453,SESS_287851,2026-03-06 00:00:00,4887.42,244.37,0.0,5131.79,NetBanking
ORDER_00594,CUST_0454,SESS_497112,2026-04-01 00:00:00,11236.44,561.82,0.0,11798.26,Credit Card
ORDER_00595,CUST_0455,SESS_701821,2026-03-11 00:00:00,5806.47,290.32,0.0,6096.79,Credit Card
ORDER_00596,CUST_0456,SESS_281778,2026-04-11 00:00:00,2090.89,104.54,0.0,2195.43,NetBanking
ORDER_00597,CUST_0457,SESS_229126,2026-03-11 00:00:00,8410.01,420.5,0.0,8830.51,NetBanking
ORDER_00598,CUST_0457,SESS_748981,2026-04-08 00:00:00,9594.14,407.75,1439.12,8562.77,PayPal
ORDER_00599,CUST_0458,SESS_600400,2026-02-20 00:00:00,10199.33,509.97,0.0,10709.3,UPI
ORDER_00600,CUST_0458,SESS_206299,2026-03-21 00:00:00,9339.54,466.98,0.0,9806.52,UPI
ORDER_00601,CUST_0458,SESS_913939,2026-04-14 00:00:00,8888.2,377.75,1333.23,7932.72,NetBanking
ORDER_00602,CUST_0459,SESS_267429,2026-02-01 00:00:00,7157.68,357.88,0.0,7515.56,UPI
ORDER_00603,CUST_0459,SESS_694532,2026-02-28 00:00:00,6057.73,302.89,0.0,6360.62,UPI
ORDER_00604,CUST_0459,SESS_790925,2026-04-15 00:00:00,5708.96,285.45,0.0,5994.41,Credit Card
ORDER_00605,CUST_0461,SESS_499720,2026-04-13 00:00:00,5668.52,283.43,0.0,5951.95,PayPal
ORDER_00606,CUST_0461,SESS_735040,2026-05-15 00:00:00,5781.09,289.05,0.0,6070.14,UPI
ORDER_00607,CUST_0462,SESS_377095,2026-04-17 00:00:00,9544.07,477.2,0.0,10021.27,Credit Card
ORDER_00608,CUST_0462,SESS_432839,2026-05-13 00:00:00,11786.74,589.34,0.0,12376.08,NetBanking
ORDER_00609,CUST_0463,SESS_665817,2026-03-13 00:00:00,3111.7,155.59,0.0,3267.29,Credit Card
ORDER_00610,CUST_0463,SESS_439672,2026-04-03 00:00:00,1106.57,55.33,0.0,1161.9,NetBanking
ORDER_00611,CUST_0464,SESS_511079,2026-02-14 00:00:00,493.01,20.95,73.95,440.01,NetBanking
ORDER_00612,CUST_0464,SESS_490137,2026-03-21 00:00:00,6346.66,269.73,952.0,5664.39,UPI
ORDER_00613,CUST_0464,SESS_981092,2026-05-10 00:00:00,11668.73,583.44,0.0,12252.17,PayPal
ORDER_00614,CUST_0465,SESS_855351,2026-04-26 00:00:00,2355.67,100.12,353.35,2102.44,PayPal
ORDER_00615,CUST_0466,SESS_682082,2026-01-25 00:00:00,11978.93,598.95,0.0,12577.88,PayPal
ORDER_00616,CUST_0467,SESS_344972,2026-02-23 00:00:00,2198.68,93.44,329.8,1962.32,NetBanking
ORDER_00617,CUST_0467,SESS_229116,2026-04-19 00:00:00,1368.38,58.16,205.26,1221.28,UPI
ORDER_00618,CUST_0468,SESS_873298,2026-03-20 00:00:00,9522.2,476.11,0.0,9998.31,PayPal
ORDER_00619,CUST_0468,SESS_170250,2026-04-06 00:00:00,2785.14,139.26,0.0,2924.4,Credit Card
ORDER_00620,CUST_0469,SESS_251396,2026-03-17 00:00:00,8184.7,409.24,0.0,8593.94,NetBanking
ORDER_00621,CUST_0469,SESS_592335,2026-05-19 00:00:00,8947.92,447.4,0.0,9395.32,UPI
ORDER_00622,CUST_0470,SESS_700462,2026-05-09 00:00:00,8706.82,435.34,0.0,9142.16,PayPal
ORDER_00623,CUST_0472,SESS_612120,2026-03-22 00:00:00,10903.46,545.17,0.0,11448.63,UPI
ORDER_00624,CUST_0473,SESS_151413,2026-02-11 00:00:00,7051.75,299.7,1057.76,6293.69,Credit Card
ORDER_00625,CUST_0473,SESS_515056,2026-04-16 00:00:00,9690.91,411.86,1453.64,8649.13,NetBanking
ORDER_00626,CUST_0473,SESS_281833,2026-04-17 00:00:00,7194.48,359.72,0.0,7554.2,PayPal
ORDER_00627,CUST_0474,SESS_709000,2026-04-06 00:00:00,3078.94,153.95,0.0,3232.89,UPI
ORDER_00628,CUST_0474,SESS_324730,2026-04-07 00:00:00,9280.01,464.0,0.0,9744.01,NetBanking
ORDER_00629,CUST_0475,SESS_512716,2026-01-14 00:00:00,2443.82,122.19,0.0,2566.01,Credit Card
ORDER_00630,CUST_0475,SESS_950399,2026-02-18 00:00:00,11236.77,561.84,0.0,11798.61,PayPal
ORDER_00631,CUST_0475,SESS_227946,2026-03-30 00:00:00,8534.03,426.7,0.0,8960.73,NetBanking
ORDER_00632,CUST_0476,SESS_384103,2026-01-24 00:00:00,1837.3,91.87,0.0,1929.17,NetBanking
ORDER_00633,CUST_0476,SESS_744637,2026-03-26 00:00:00,2840.96,142.05,0.0,2983.01,PayPal
ORDER_00634,CUST_0476,SESS_616750,2026-04-14 00:00:00,893.13,44.66,0.0,937.79,NetBanking
ORDER_00635,CUST_0477,SESS_714102,2026-02-19 00:00:00,2321.35,116.07,0.0,2437.42,UPI
ORDER_00636,CUST_0478,SESS_920097,2026-02-28 00:00:00,9305.61,465.28,0.0,9770.89,Credit Card
ORDER_00637,CUST_0479,SESS_744497,2026-01-27 00:00:00,4586.86,229.34,0.0,4816.2,UPI
ORDER_00638,CUST_0479,SESS_155899,2026-03-04 00:00:00,8912.9,445.64,0.0,9358.54,Credit Card
ORDER_00639,CUST_0479,SESS_453452,2026-04-10 00:00:00,6784.76,339.24,0.0,7124.0,Credit Card
ORDER_00640,CUST_0480,SESS_298328,2026-03-19 00:00:00,1019.05,50.95,0.0,1070.0,UPI
ORDER_00641,CUST_0480,SESS_891411,2026-05-05 00:00:00,10195.65,509.78,0.0,10705.43,UPI
ORDER_00642,CUST_0482,SESS_403061,2026-04-07 00:00:00,9995.36,424.8,1499.3,8920.86,Credit Card
ORDER_00643,CUST_0484,SESS_442420,2026-05-10 00:00:00,9510.07,475.5,0.0,9985.57,UPI
ORDER_00644,CUST_0485,SESS_727402,2026-05-01 00:00:00,1713.49,85.67,0.0,1799.16,Credit Card
ORDER_00645,CUST_0486,SESS_183118,2026-03-24 00:00:00,11445.32,572.27,0.0,12017.59,Credit Card
ORDER_00646,CUST_0486,SESS_787739,2026-04-09 00:00:00,1121.29,47.66,168.19,1000.76,Credit Card
ORDER_00647,CUST_0487,SESS_634787,2026-03-05 00:00:00,708.94,35.45,0.0,744.39,PayPal
ORDER_00648,CUST_0488,SESS_220210,2026-01-23 00:00:00,2740.47,116.47,411.07,2445.87,Credit Card
ORDER_00649,CUST_0488,SESS_336061,2026-03-02 00:00:00,5660.87,283.04,0.0,5943.91,UPI
ORDER_00650,CUST_0488,SESS_517794,2026-03-27 00:00:00,7748.64,329.32,1162.3,6915.66,Credit Card
ORDER_00651,CUST_0490,SESS_868564,2026-04-02 00:00:00,9250.95,462.55,0.0,9713.5,NetBanking
ORDER_00652,CUST_0491,SESS_643625,2026-01-10 00:00:00,5641.34,282.07,0.0,5923.41,PayPal
ORDER_00653,CUST_0491,SESS_538070,2026-03-13 00:00:00,3724.91,158.31,558.74,3324.48,UPI
ORDER_00654,CUST_0491,SESS_450765,2026-04-10 00:00:00,11600.83,493.04,1740.12,10353.75,UPI
ORDER_00655,CUST_0492,SESS_175823,2026-05-06 00:00:00,2392.33,119.62,0.0,2511.95,UPI
ORDER_00656,CUST_0492,SESS_200344,2026-05-06 00:00:00,9967.99,423.64,1495.2,8896.43,NetBanking
ORDER_00657,CUST_0493,SESS_986873,2026-02-05 00:00:00,11536.69,490.31,1730.5,10296.5,NetBanking
ORDER_00658,CUST_0493,SESS_879892,2026-03-24 00:00:00,8319.42,415.97,0.0,8735.39,NetBanking
ORDER_00659,CUST_0494,SESS_836180,2026-02-24 00:00:00,7539.86,320.44,1130.98,6729.32,Credit Card
ORDER_00660,CUST_0495,SESS_801314,2026-04-04 00:00:00,3120.31,156.02,0.0,3276.33,Credit Card
ORDER_00661,CUST_0495,SESS_784218,2026-05-01 00:00:00,4472.34,223.62,0.0,4695.96,PayPal
ORDER_00662,CUST_0497,SESS_458664,2026-01-16 00:00:00,10368.28,518.41,0.0,10886.69,UPI
ORDER_00663,CUST_0497,SESS_180928,2026-03-05 00:00:00,7600.92,323.04,1140.14,6783.82,PayPal
ORDER_00664,CUST_0498,SESS_723234,2026-03-05 00:00:00,11833.52,591.68,0.0,12425.2,Credit Card
ORDER_00665,CUST_0498,SESS_337708,2026-03-26 00:00:00,7693.39,384.67,0.0,8078.06,UPI
ORDER_00666,CUST_0499,SESS_517337,2026-05-11 00:00:00,9353.89,467.69,0.0,9821.58,PayPal
ORDER_00667,CUST_0499,SESS_929339,2026-05-25 00:00:00,9426.35,471.32,0.0,9897.67,UPI
ORDER_00668,CUST_0501,SESS_731335,2026-03-11 00:00:00,9363.73,468.19,0.0,9831.92,UPI
ORDER_00669,CUST_0501,SESS_525445,2026-04-13 00:00:00,3661.93,155.63,549.29,3268.27,PayPal
ORDER_00670,CUST_0502,SESS_117482,2026-02-07 00:00:00,7076.72,353.84,0.0,7430.56,PayPal
ORDER_00671,CUST_0502,SESS_389701,2026-03-20 00:00:00,8637.1,431.86,0.0,9068.96,UPI
ORDER_00672,CUST_0503,SESS_743143,2026-02-19 00:00:00,4457.17,222.86,0.0,4680.03,Credit Card
ORDER_00673,CUST_0503,SESS_438307,2026-03-23 00:00:00,9420.99,471.05,0.0,9892.04,UPI
ORDER_00674,CUST_0503,SESS_108301,2026-05-08 00:00:00,8144.87,407.24,0.0,8552.11,UPI
ORDER_00675,CUST_0504,SESS_541656,2026-02-17 00:00:00,8230.78,411.54,0.0,8642.32,NetBanking
ORDER_00676,CUST_0504,SESS_669817,2026-03-23 00:00:00,4173.47,208.67,0.0,4382.14,UPI
ORDER_00677,CUST_0506,SESS_964252,2026-04-13 00:00:00,7499.6,374.98,0.0,7874.58,NetBanking
ORDER_00678,CUST_0506,SESS_350535,2026-05-12 00:00:00,8243.72,412.19,0.0,8655.91,PayPal
ORDER_00679,CUST_0507,SESS_511720,2026-02-06 00:00:00,9997.34,499.87,0.0,10497.21,NetBanking
ORDER_00680,CUST_0507,SESS_250624,2026-03-13 00:00:00,9879.53,419.88,1481.93,8817.48,UPI
ORDER_00681,CUST_0507,SESS_798894,2026-04-09 00:00:00,986.87,49.34,0.0,1036.21,UPI
ORDER_00682,CUST_0508,SESS_104405,2026-03-19 00:00:00,10971.27,548.56,0.0,11519.83,UPI
ORDER_00683,CUST_0509,SESS_865032,2026-03-20 00:00:00,11935.16,596.76,0.0,12531.92,Credit Card
ORDER_00684,CUST_0509,SESS_878947,2026-04-30 00:00:00,594.91,29.75,0.0,624.66,Credit Card
ORDER_00685,CUST_0509,SESS_705242,2026-05-20 00:00:00,1487.02,63.2,223.05,1327.17,UPI
ORDER_00686,CUST_0510,SESS_392005,2026-04-11 00:00:00,7999.13,399.96,0.0,8399.09,UPI
ORDER_00687,CUST_0510,SESS_663421,2026-05-03 00:00:00,1300.51,65.03,0.0,1365.54,NetBanking
ORDER_00688,CUST_0512,SESS_785766,2026-04-09 00:00:00,10069.56,503.48,0.0,10573.04,NetBanking
ORDER_00689,CUST_0513,SESS_408215,2026-02-03 00:00:00,8587.55,364.97,1288.13,7664.39,Credit Card
ORDER_00690,CUST_0513,SESS_426199,2026-02-20 00:00:00,11536.75,576.84,0.0,12113.59,NetBanking
ORDER_00691,CUST_0513,SESS_998088,2026-04-04 00:00:00,4990.27,249.51,0.0,5239.78,Credit Card
ORDER_00692,CUST_0514,SESS_699714,2026-04-25 00:00:00,1067.3,45.36,160.09,952.57,UPI
ORDER_00693,CUST_0517,SESS_407381,2026-03-26 00:00:00,11200.92,476.04,1680.14,9996.82,PayPal
ORDER_00694,CUST_0517,SESS_989801,2026-05-07 00:00:00,7038.25,351.91,0.0,7390.16,UPI
ORDER_00695,CUST_0518,SESS_399062,2026-03-15 00:00:00,5836.78,291.84,0.0,6128.62,Credit Card
ORDER_00696,CUST_0519,SESS_364183,2026-03-21 00:00:00,8590.28,365.09,1288.54,7666.83,Credit Card
ORDER_00697,CUST_0519,SESS_646769,2026-04-01 00:00:00,10253.47,512.67,0.0,10766.14,Credit Card
ORDER_00698,CUST_0519,SESS_596501,2026-04-25 00:00:00,7904.7,395.24,0.0,8299.94,Credit Card
ORDER_00699,CUST_0520,SESS_528403,2026-03-17 00:00:00,10226.84,511.34,0.0,10738.18,Credit Card
ORDER_00700,CUST_0520,SESS_262475,2026-05-10 00:00:00,8772.16,438.61,0.0,9210.77,UPI
ORDER_00701,CUST_0521,SESS_648118,2026-01-29 00:00:00,1279.28,63.96,0.0,1343.24,UPI
ORDER_00702,CUST_0523,SESS_191341,2026-05-13 00:00:00,2304.25,115.21,0.0,2419.46,UPI
ORDER_00703,CUST_0523,SESS_901344,2026-05-15 00:00:00,608.36,30.42,0.0,638.78,NetBanking
ORDER_00704,CUST_0524,SESS_130731,2026-02-05 00:00:00,2811.85,140.59,0.0,2952.44,Credit Card
ORDER_00705,CUST_0524,SESS_476717,2026-03-06 00:00:00,8701.95,435.1,0.0,9137.05,Credit Card
ORDER_00706,CUST_0524,SESS_465719,2026-03-30 00:00:00,2838.17,141.91,0.0,2980.08,UPI
ORDER_00707,CUST_0525,SESS_916565,2026-03-05 00:00:00,9148.65,457.43,0.0,9606.08,PayPal
ORDER_00708,CUST_0526,SESS_427331,2026-01-22 00:00:00,2889.13,122.79,433.37,2578.55,NetBanking
ORDER_00709,CUST_0527,SESS_589242,2026-04-08 00:00:00,10788.26,539.41,0.0,11327.67,PayPal
ORDER_00710,CUST_0528,SESS_988418,2026-02-10 00:00:00,1775.96,88.8,0.0,1864.76,NetBanking
ORDER_00711,CUST_0528,SESS_837862,2026-03-25 00:00:00,6756.22,337.81,0.0,7094.03,UPI
ORDER_00712,CUST_0530,SESS_604880,2026-03-09 00:00:00,8162.19,408.11,0.0,8570.3,NetBanking
ORDER_00713,CUST_0531,SESS_710121,2026-05-12 00:00:00,373.49,18.67,0.0,392.16,UPI
ORDER_00714,CUST_0533,SESS_919494,2026-03-26 00:00:00,11457.43,572.87,0.0,12030.3,Credit Card
ORDER_00715,CUST_0534,SESS_900885,2026-03-02 00:00:00,6741.96,337.1,0.0,7079.06,PayPal
ORDER_00716,CUST_0534,SESS_891476,2026-04-04 00:00:00,8089.83,404.49,0.0,8494.32,UPI
ORDER_00717,CUST_0535,SESS_198337,2026-03-24 00:00:00,9614.31,480.72,0.0,10095.03,PayPal
ORDER_00718,CUST_0536,SESS_514683,2026-04-11 00:00:00,5724.91,243.31,858.74,5109.48,NetBanking
ORDER_00719,CUST_0536,SESS_888175,2026-05-13 00:00:00,7241.43,362.07,0.0,7603.5,UPI
ORDER_00720,CUST_0536,SESS_526580,2026-05-15 00:00:00,6208.7,310.44,0.0,6519.14,UPI
ORDER_00721,CUST_0537,SESS_263844,2026-02-14 00:00:00,7311.51,310.74,1096.73,6525.52,PayPal
ORDER_00722,CUST_0539,SESS_963432,2026-04-28 00:00:00,10292.78,514.64,0.0,10807.42,UPI
ORDER_00723,CUST_0540,SESS_786580,2026-02-24 00:00:00,10211.56,510.58,0.0,10722.14,UPI
ORDER_00724,CUST_0540,SESS_303974,2026-02-28 00:00:00,2872.33,122.07,430.85,2563.55,PayPal
ORDER_00725,CUST_0540,SESS_806246,2026-04-19 00:00:00,3772.47,188.62,0.0,3961.09,UPI
ORDER_00726,CUST_0541,SESS_352727,2026-01-18 00:00:00,8100.77,344.28,1215.12,7229.93,NetBanking
ORDER_00727,CUST_0541,SESS_639088,2026-03-07 00:00:00,6552.71,327.64,0.0,6880.35,Credit Card
ORDER_00728,CUST_0542,SESS_409804,2026-01-29 00:00:00,1848.63,92.43,0.0,1941.06,PayPal
ORDER_00729,CUST_0543,SESS_734730,2026-04-21 00:00:00,1987.35,99.37,0.0,2086.72,Credit Card
ORDER_00730,CUST_0543,SESS_958416,2026-05-17 00:00:00,6127.45,260.42,919.12,5468.75,NetBanking
ORDER_00731,CUST_0544,SESS_201131,2026-02-15 00:00:00,5006.67,212.78,751.0,4468.45,PayPal
ORDER_00732,CUST_0545,SESS_682809,2026-03-05 00:00:00,7153.97,304.04,1073.1,6384.91,PayPal
ORDER_00733,CUST_0547,SESS_243618,2026-02-04 00:00:00,8873.6,443.68,0.0,9317.28,Credit Card
ORDER_00734,CUST_0547,SESS_738720,2026-03-03 00:00:00,9299.46,464.97,0.0,9764.43,PayPal
ORDER_00735,CUST_0548,SESS_708798,2026-04-03 00:00:00,6771.18,338.56,0.0,7109.74,PayPal
ORDER_00736,CUST_0548,SESS_322576,2026-05-14 00:00:00,11433.26,571.66,0.0,12004.92,UPI
ORDER_00737,CUST_0549,SESS_683716,2026-02-26 00:00:00,7813.46,390.67,0.0,8204.13,UPI
ORDER_00738,CUST_0549,SESS_567608,2026-04-04 00:00:00,5261.58,223.62,789.24,4695.96,NetBanking
ORDER_00739,CUST_0549,SESS_767283,2026-04-28 00:00:00,1253.62,62.68,0.0,1316.3,NetBanking
ORDER_00740,CUST_0552,SESS_430892,2026-03-04 00:00:00,10389.89,519.49,0.0,10909.38,NetBanking
ORDER_00741,CUST_0552,SESS_153356,2026-03-17 00:00:00,11911.14,595.56,0.0,12506.7,Credit Card
ORDER_00742,CUST_0552,SESS_367970,2026-03-30 00:00:00,7623.31,381.17,0.0,8004.48,UPI
ORDER_00743,CUST_0553,SESS_199422,2026-03-05 00:00:00,292.12,14.61,0.0,306.73,Credit Card
ORDER_00744,CUST_0553,SESS_772415,2026-04-07 00:00:00,1716.88,72.97,257.53,1532.32,Credit Card
ORDER_00745,CUST_0554,SESS_265728,2026-03-14 00:00:00,2666.18,133.31,0.0,2799.49,NetBanking
ORDER_00746,CUST_0554,SESS_430920,2026-04-25 00:00:00,8520.49,362.12,1278.07,7604.54,PayPal
ORDER_00747,CUST_0554,SESS_297819,2026-05-13 00:00:00,10049.97,502.5,0.0,10552.47,NetBanking
ORDER_00748,CUST_0555,SESS_882596,2026-04-02 00:00:00,11445.23,572.26,0.0,12017.49,PayPal
ORDER_00749,CUST_0556,SESS_134210,2026-04-21 00:00:00,11270.99,563.55,0.0,11834.54,PayPal
ORDER_00750,CUST_0556,SESS_122560,2026-05-21 00:00:00,3390.53,169.53,0.0,3560.06,Credit Card
ORDER_00751,CUST_0557,SESS_911518,2026-01-30 00:00:00,4289.77,214.49,0.0,4504.26,PayPal
ORDER_00752,CUST_0558,SESS_757719,2026-04-29 00:00:00,1103.39,55.17,0.0,1158.56,UPI
ORDER_00753,CUST_0558,SESS_431419,2026-04-22 00:00:00,3411.4,170.57,0.0,3581.97,NetBanking
ORDER_00754,CUST_0561,SESS_725065,2026-04-03 00:00:00,9925.41,496.27,0.0,10421.68,PayPal
ORDER_00755,CUST_0563,SESS_684910,2026-04-05 00:00:00,3112.07,155.6,0.0,3267.67,UPI
ORDER_00756,CUST_0565,SESS_125313,2026-02-23 00:00:00,7109.89,355.49,0.0,7465.38,NetBanking
ORDER_00757,CUST_0565,SESS_291531,2026-04-26 00:00:00,9960.78,423.33,1494.12,8889.99,NetBanking
ORDER_00758,CUST_0566,SESS_164644,2026-04-07 00:00:00,2093.3,104.67,0.0,2197.97,NetBanking
ORDER_00759,CUST_0566,SESS_732488,2026-05-13 00:00:00,9149.46,457.47,0.0,9606.93,NetBanking
ORDER_00760,CUST_0568,SESS_212303,2026-03-06 00:00:00,1322.16,66.11,0.0,1388.27,Credit Card
ORDER_00761,CUST_0568,SESS_956968,2026-04-06 00:00:00,1040.83,44.24,156.12,928.95,Credit Card
ORDER_00762,CUST_0568,SESS_962397,2026-04-15 00:00:00,4580.68,229.03,0.0,4809.71,NetBanking
ORDER_00763,CUST_0569,SESS_157821,2026-04-22 00:00:00,8428.33,421.42,0.0,8849.75,PayPal
ORDER_00764,CUST_0569,SESS_386102,2026-05-03 00:00:00,10253.31,435.77,1538.0,9151.08,NetBanking
ORDER_00765,CUST_0571,SESS_932428,2026-01-20 00:00:00,1575.18,78.76,0.0,1653.94,UPI
ORDER_00766,CUST_0571,SESS_196303,2026-02-15 00:00:00,6330.95,316.55,0.0,6647.5,PayPal
ORDER_00767,CUST_0571,SESS_604744,2026-04-17 00:00:00,1295.67,64.78,0.0,1360.45,NetBanking
ORDER_00768,CUST_0572,SESS_171139,2026-02-22 00:00:00,501.98,25.1,0.0,527.08,NetBanking
ORDER_00769,CUST_0572,SESS_817971,2026-03-23 00:00:00,6431.82,321.59,0.0,6753.41,UPI
ORDER_00770,CUST_0572,SESS_467826,2026-04-06 00:00:00,1849.83,92.49,0.0,1942.32,UPI
ORDER_00771,CUST_0574,SESS_910147,2026-02-28 00:00:00,2557.2,127.86,0.0,2685.06,Credit Card
ORDER_00772,CUST_0575,SESS_471801,2026-02-25 00:00:00,370.53,18.53,0.0,389.06,NetBanking
ORDER_00773,CUST_0576,SESS_571476,2026-02-01 00:00:00,2784.41,139.22,0.0,2923.63,PayPal
ORDER_00774,CUST_0577,SESS_619711,2026-02-17 00:00:00,3844.98,163.41,576.75,3431.64,PayPal
ORDER_00775,CUST_0579,SESS_361486,2026-03-19 00:00:00,3450.91,146.66,517.64,3079.93,PayPal
ORDER_00776,CUST_0580,SESS_465668,2026-04-21 00:00:00,8566.6,428.33,0.0,8994.93,UPI
ORDER_00777,CUST_0581,SESS_394500,2026-03-11 00:00:00,4396.84,219.84,0.0,4616.68,Credit Card
ORDER_00778,CUST_0581,SESS_593214,2026-04-06 00:00:00,5414.51,230.12,812.18,4832.45,PayPal
ORDER_00779,CUST_0581,SESS_901243,2026-04-28 00:00:00,9160.64,458.03,0.0,9618.67,NetBanking
ORDER_00780,CUST_0582,SESS_560463,2026-02-26 00:00:00,11246.09,562.3,0.0,11808.39,PayPal
ORDER_00781,CUST_0582,SESS_800422,2026-04-05 00:00:00,5281.93,264.1,0.0,5546.03,UPI
ORDER_00782,CUST_0582,SESS_447664,2026-05-03 00:00:00,10690.3,454.34,1603.54,9541.1,PayPal
ORDER_00783,CUST_0583,SESS_576901,2026-02-18 00:00:00,9026.65,383.63,1354.0,8056.28,UPI
ORDER_00784,CUST_0583,SESS_149349,2026-03-06 00:00:00,1931.52,96.58,0.0,2028.1,PayPal
ORDER_00785,CUST_0584,SESS_366033,2026-02-28 00:00:00,9179.72,390.14,1376.96,8192.9,NetBanking
ORDER_00786,CUST_0584,SESS_572114,2026-03-13 00:00:00,6231.5,264.84,934.72,5561.62,UPI
ORDER_00787,CUST_0584,SESS_450227,2026-04-15 00:00:00,562.45,28.12,0.0,590.57,Credit Card
ORDER_00788,CUST_0585,SESS_210527,2026-03-21 00:00:00,2680.26,113.91,402.04,2392.13,Credit Card
ORDER_00789,CUST_0585,SESS_293076,2026-04-30 00:00:00,4648.22,232.41,0.0,4880.63,NetBanking
ORDER_00790,CUST_0587,SESS_973575,2026-04-15 00:00:00,8081.45,404.07,0.0,8485.52,NetBanking
ORDER_00791,CUST_0587,SESS_792177,2026-04-27 00:00:00,1368.75,68.44,0.0,1437.19,UPI
ORDER_00792,CUST_0589,SESS_403768,2026-04-01 00:00:00,1344.16,67.21,0.0,1411.37,PayPal
ORDER_00793,CUST_0589,SESS_528744,2026-05-05 00:00:00,5687.96,284.4,0.0,5972.36,Credit Card
ORDER_00794,CUST_0592,SESS_394313,2026-03-25 00:00:00,10374.08,518.7,0.0,10892.78,NetBanking
ORDER_00795,CUST_0592,SESS_559844,2026-04-19 00:00:00,9970.55,423.75,1495.58,8898.72,PayPal
ORDER_00796,CUST_0593,SESS_151148,2026-02-16 00:00:00,2546.36,127.32,0.0,2673.68,PayPal
ORDER_00797,CUST_0593,SESS_393937,2026-03-23 00:00:00,11780.45,589.02,0.0,12369.47,PayPal
ORDER_00798,CUST_0594,SESS_141367,2026-04-07 00:00:00,8976.01,448.8,0.0,9424.81,Credit Card
ORDER_00799,CUST_0595,SESS_596535,2026-03-12 00:00:00,3202.06,160.1,0.0,3362.16,Credit Card
ORDER_00800,CUST_0595,SESS_876687,2026-03-28 00:00:00,10663.99,533.2,0.0,11197.19,PayPal
ORDER_00801,CUST_0595,SESS_165580,2026-04-29 00:00:00,10769.68,538.48,0.0,11308.16,NetBanking
ORDER_00802,CUST_0596,SESS_327885,2026-03-31 00:00:00,8561.34,428.07,0.0,8989.41,UPI
ORDER_00803,CUST_0596,SESS_952548,2026-04-20 00:00:00,7555.37,377.77,0.0,7933.14,Credit Card
ORDER_00804,CUST_0597,SESS_494087,2026-02-16 00:00:00,1323.96,66.2,0.0,1390.16,PayPal
ORDER_00805,CUST_0597,SESS_778352,2026-02-27 00:00:00,10928.52,546.43,0.0,11474.95,NetBanking
ORDER_00806,CUST_0597,SESS_798300,2026-04-23 00:00:00,3747.38,187.37,0.0,3934.75,Credit Card
ORDER_00807,CUST_0598,SESS_244493,2026-03-11 00:00:00,7258.78,362.94,0.0,7621.72,Credit Card
ORDER_00808,CUST_0598,SESS_373486,2026-04-19 00:00:00,3156.57,134.15,473.49,2817.23,PayPal
ORDER_00809,CUST_0599,SESS_746932,2026-01-28 00:00:00,677.37,28.79,101.61,604.55,NetBanking
ORDER_00810,CUST_0599,SESS_546781,2026-03-11 00:00:00,11187.39,475.46,1678.11,9984.74,NetBanking
ORDER_00811,CUST_0599,SESS_215881,2026-04-21 00:00:00,10351.99,517.6,0.0,10869.59,NetBanking
ORDER_00812,CUST_0600,SESS_203964,2026-05-15 00:00:00,8374.29,355.91,1256.14,7474.06,PayPal
ORDER_00813,CUST_0600,SESS_441767,2026-05-18 00:00:00,10795.79,458.82,1619.37,9635.24,PayPal
ORDER_00814,CUST_0601,SESS_516069,2026-04-12 00:00:00,8516.0,425.8,0.0,8941.8,PayPal
ORDER_00815,CUST_0601,SESS_236228,2026-05-15 00:00:00,10438.85,521.94,0.0,10960.79,PayPal
ORDER_00816,CUST_0602,SESS_397466,2026-02-18 00:00:00,8999.21,449.96,0.0,9449.17,NetBanking
ORDER_00817,CUST_0602,SESS_582940,2026-03-15 00:00:00,4972.96,248.65,0.0,5221.61,NetBanking
ORDER_00818,CUST_0603,SESS_133420,2026-04-18 00:00:00,8590.13,365.08,1288.52,7666.69,Credit Card
ORDER_00819,CUST_0603,SESS_180025,2026-05-14 00:00:00,4761.95,238.1,0.0,5000.05,PayPal
ORDER_00820,CUST_0604,SESS_710667,2026-04-03 00:00:00,10282.75,514.14,0.0,10796.89,PayPal
ORDER_00821,CUST_0605,SESS_334890,2026-01-28 00:00:00,11593.01,579.65,0.0,12172.66,Credit Card
ORDER_00822,CUST_0605,SESS_515504,2026-03-14 00:00:00,11550.95,577.55,0.0,12128.5,NetBanking
ORDER_00823,CUST_0606,SESS_341384,2026-02-23 00:00:00,6128.36,306.42,0.0,6434.78,UPI
ORDER_00824,CUST_0606,SESS_551612,2026-03-25 00:00:00,4219.48,210.97,0.0,4430.45,NetBanking
ORDER_00825,CUST_0606,SESS_808557,2026-05-14 00:00:00,9506.94,475.35,0.0,9982.29,Credit Card
ORDER_00826,CUST_0607,SESS_791774,2026-04-25 00:00:00,5282.22,264.11,0.0,5546.33,PayPal
ORDER_00827,CUST_0610,SESS_153957,2026-02-12 00:00:00,5256.03,262.8,0.0,5518.83,PayPal
ORDER_00828,CUST_0610,SESS_105556,2026-02-25 00:00:00,3628.14,181.41,0.0,3809.55,UPI
ORDER_00829,CUST_0611,SESS_558733,2026-02-06 00:00:00,10406.25,520.31,0.0,10926.56,PayPal
ORDER_00830,CUST_0611,SESS_860071,2026-03-01 00:00:00,5474.62,273.73,0.0,5748.35,NetBanking
ORDER_00831,CUST_0611,SESS_659657,2026-03-29 00:00:00,9973.67,498.68,0.0,10472.35,NetBanking
ORDER_00832,CUST_0612,SESS_991861,2026-03-20 00:00:00,8153.37,346.52,1223.01,7276.88,NetBanking
ORDER_00833,CUST_0612,SESS_638295,2026-03-25 00:00:00,6936.36,346.82,0.0,7283.18,NetBanking
ORDER_00834,CUST_0613,SESS_134810,2026-02-14 00:00:00,1895.28,94.76,0.0,1990.04,Credit Card
ORDER_00835,CUST_0614,SESS_102856,2026-03-05 00:00:00,8665.22,433.26,0.0,9098.48,NetBanking
ORDER_00836,CUST_0614,SESS_883614,2026-04-11 00:00:00,2569.77,128.49,0.0,2698.26,PayPal
ORDER_00837,CUST_0616,SESS_563976,2026-03-10 00:00:00,4781.73,239.09,0.0,5020.82,NetBanking
ORDER_00838,CUST_0617,SESS_551477,2026-04-05 00:00:00,6462.75,323.14,0.0,6785.89,NetBanking
ORDER_00839,CUST_0617,SESS_299203,2026-04-21 00:00:00,287.71,14.39,0.0,302.1,NetBanking
ORDER_00840,CUST_0618,SESS_849327,2026-03-07 00:00:00,1577.88,78.89,0.0,1656.77,Credit Card
ORDER_00841,CUST_0619,SESS_741540,2026-04-18 00:00:00,11595.55,492.81,1739.33,10349.03,UPI
ORDER_00842,CUST_0620,SESS_757851,2026-01-13 00:00:00,10494.08,524.7,0.0,11018.78,PayPal
ORDER_00843,CUST_0621,SESS_147660,2026-02-15 00:00:00,11819.53,590.98,0.0,12410.51,UPI
ORDER_00844,CUST_0621,SESS_343399,2026-03-29 00:00:00,1057.22,52.86,0.0,1110.08,PayPal
ORDER_00845,CUST_0622,SESS_604799,2026-01-08 00:00:00,11967.86,598.39,0.0,12566.25,PayPal
ORDER_00846,CUST_0622,SESS_350698,2026-03-13 00:00:00,10608.57,530.43,0.0,11139.0,UPI
ORDER_00847,CUST_0622,SESS_891964,2026-04-16 00:00:00,10850.31,461.14,1627.55,9683.9,Credit Card
ORDER_00848,CUST_0623,SESS_488305,2026-02-15 00:00:00,6733.3,336.67,0.0,7069.97,Credit Card
ORDER_00849,CUST_0623,SESS_950330,2026-04-04 00:00:00,6285.59,267.14,942.84,5609.89,UPI
ORDER_00850,CUST_0623,SESS_473753,2026-04-27 00:00:00,3644.43,182.22,0.0,3826.65,UPI
ORDER_00851,CUST_0624,SESS_825869,2026-03-30 00:00:00,6962.06,295.89,1044.31,6213.64,PayPal
ORDER_00852,CUST_0624,SESS_169998,2026-05-09 00:00:00,11478.46,573.92,0.0,12052.38,UPI
ORDER_00853,CUST_0625,SESS_688740,2026-01-13 00:00:00,1322.06,66.1,0.0,1388.16,NetBanking
ORDER_00854,CUST_0625,SESS_866033,2026-02-23 00:00:00,2217.23,110.86,0.0,2328.09,PayPal
ORDER_00855,CUST_0625,SESS_297264,2026-04-14 00:00:00,2654.06,132.7,0.0,2786.76,UPI
ORDER_00856,CUST_0626,SESS_492536,2026-04-13 00:00:00,3849.75,192.49,0.0,4042.24,Credit Card
ORDER_00857,CUST_0626,SESS_482574,2026-04-29 00:00:00,7197.25,359.86,0.0,7557.11,UPI
ORDER_00858,CUST_0628,SESS_429450,2026-01-09 00:00:00,11548.9,577.45,0.0,12126.35,UPI
ORDER_00859,CUST_0630,SESS_233407,2026-04-14 00:00:00,5061.52,253.08,0.0,5314.6,NetBanking
ORDER_00860,CUST_0630,SESS_390637,2026-05-01 00:00:00,2438.89,121.94,0.0,2560.83,NetBanking
ORDER_00861,CUST_0631,SESS_462436,2026-04-11 00:00:00,9388.26,399.0,1408.24,8379.02,UPI
ORDER_00862,CUST_0632,SESS_272903,2026-02-27 00:00:00,11560.76,578.04,0.0,12138.8,NetBanking
ORDER_00863,CUST_0632,SESS_151798,2026-03-22 00:00:00,283.79,14.19,0.0,297.98,NetBanking
ORDER_00864,CUST_0632,SESS_754232,2026-04-19 00:00:00,5843.85,292.19,0.0,6136.04,UPI
ORDER_00865,CUST_0633,SESS_684579,2026-03-22 00:00:00,1099.4,54.97,0.0,1154.37,UPI
ORDER_00866,CUST_0633,SESS_641434,2026-04-20 00:00:00,11335.12,481.74,1700.27,10116.59,UPI
ORDER_00867,CUST_0636,SESS_383156,2026-03-26 00:00:00,11909.92,595.5,0.0,12505.42,NetBanking
ORDER_00868,CUST_0636,SESS_142429,2026-04-26 00:00:00,3402.91,170.15,0.0,3573.06,UPI
ORDER_00869,CUST_0637,SESS_425359,2026-03-12 00:00:00,10855.75,542.79,0.0,11398.54,NetBanking
ORDER_00870,CUST_0637,SESS_382975,2026-03-26 00:00:00,7950.23,337.88,1192.53,7095.58,NetBanking
ORDER_00871,CUST_0637,SESS_502439,2026-04-29 00:00:00,3889.63,194.48,0.0,4084.11,UPI
ORDER_00872,CUST_0638,SESS_680097,2026-02-18 00:00:00,1664.15,83.21,0.0,1747.36,PayPal
ORDER_00873,CUST_0639,SESS_412620,2026-02-24 00:00:00,2923.63,146.18,0.0,3069.81,Credit Card
ORDER_00874,CUST_0639,SESS_176110,2026-03-31 00:00:00,11262.78,563.14,0.0,11825.92,Credit Card
ORDER_00875,CUST_0639,SESS_427125,2026-05-01 00:00:00,2807.61,140.38,0.0,2947.99,UPI
ORDER_00876,CUST_0641,SESS_447053,2026-03-19 00:00:00,9611.94,480.6,0.0,10092.54,UPI
ORDER_00877,CUST_0642,SESS_596728,2026-01-31 00:00:00,7428.08,371.4,0.0,7799.48,NetBanking
ORDER_00878,CUST_0644,SESS_774511,2026-03-05 00:00:00,8270.73,413.54,0.0,8684.27,PayPal
ORDER_00879,CUST_0644,SESS_527964,2026-05-03 00:00:00,8010.13,400.51,0.0,8410.64,UPI
ORDER_00880,CUST_0645,SESS_408632,2026-04-05 00:00:00,9399.4,469.97,0.0,9869.37,PayPal
ORDER_00881,CUST_0646,SESS_867205,2026-01-06 00:00:00,10706.72,535.34,0.0,11242.06,Credit Card
ORDER_00882,CUST_0646,SESS_751833,2026-02-25 00:00:00,931.55,39.59,139.73,831.41,UPI
ORDER_00883,CUST_0646,SESS_300940,2026-03-16 00:00:00,4812.45,240.62,0.0,5053.07,NetBanking
ORDER_00884,CUST_0647,SESS_506390,2026-02-10 00:00:00,1541.68,77.08,0.0,1618.76,PayPal
ORDER_00885,CUST_0648,SESS_268389,2026-01-28 00:00:00,11170.09,474.73,1675.51,9969.31,NetBanking
ORDER_00886,CUST_0648,SESS_433280,2026-03-19 00:00:00,6032.46,301.62,0.0,6334.08,PayPal
ORDER_00887,CUST_0648,SESS_235312,2026-03-26 00:00:00,7496.85,374.84,0.0,7871.69,PayPal
ORDER_00888,CUST_0649,SESS_671719,2026-02-03 00:00:00,9164.94,458.25,0.0,9623.19,Credit Card
ORDER_00889,CUST_0650,SESS_338239,2026-04-03 00:00:00,5540.93,277.05,0.0,5817.98,NetBanking
ORDER_00890,CUST_0650,SESS_100156,2026-04-30 00:00:00,11957.06,508.18,1793.56,10671.68,UPI
ORDER_00891,CUST_0651,SESS_772903,2026-04-23 00:00:00,1094.91,46.53,164.24,977.2,Credit Card
ORDER_00892,CUST_0653,SESS_307105,2026-02-02 00:00:00,5557.88,236.21,833.68,4960.41,UPI
ORDER_00893,CUST_0654,SESS_684699,2026-03-22 00:00:00,4421.8,221.09,0.0,4642.89,PayPal
ORDER_00894,CUST_0654,SESS_107666,2026-04-24 00:00:00,5195.11,259.76,0.0,5454.87,PayPal
ORDER_00895,CUST_0655,SESS_645509,2026-01-17 00:00:00,8371.3,418.56,0.0,8789.86,PayPal
ORDER_00896,CUST_0655,SESS_779778,2026-03-17 00:00:00,10702.09,535.1,0.0,11237.19,Credit Card
ORDER_00897,CUST_0657,SESS_446909,2026-02-05 00:00:00,4683.67,234.18,0.0,4917.85,PayPal
ORDER_00898,CUST_0658,SESS_456269,2026-02-21 00:00:00,6296.89,314.84,0.0,6611.73,NetBanking
ORDER_00899,CUST_0658,SESS_899391,2026-04-03 00:00:00,4121.29,206.06,0.0,4327.35,NetBanking
ORDER_00900,CUST_0659,SESS_883890,2026-04-05 00:00:00,4792.5,239.62,0.0,5032.12,Credit Card
ORDER_00901,CUST_0659,SESS_128203,2026-04-26 00:00:00,2488.85,124.44,0.0,2613.29,Credit Card
ORDER_00902,CUST_0660,SESS_902296,2026-03-23 00:00:00,9471.93,402.56,1420.79,8453.7,UPI
ORDER_00903,CUST_0661,SESS_213329,2026-05-16 00:00:00,3962.4,198.12,0.0,4160.52,UPI
ORDER_00904,CUST_0663,SESS_506192,2026-04-07 00:00:00,10343.43,517.17,0.0,10860.6,PayPal
ORDER_00905,CUST_0664,SESS_851795,2026-03-16 00:00:00,1258.53,53.49,188.78,1123.24,Credit Card
ORDER_00906,CUST_0664,SESS_747650,2026-05-06 00:00:00,2737.25,116.33,410.59,2442.99,UPI
ORDER_00907,CUST_0666,SESS_424386,2026-03-04 00:00:00,4849.11,242.46,0.0,5091.57,NetBanking
ORDER_00908,CUST_0666,SESS_507093,2026-04-26 00:00:00,7117.62,355.88,0.0,7473.5,UPI
ORDER_00909,CUST_0666,SESS_205534,2026-05-05 00:00:00,4702.87,235.14,0.0,4938.01,NetBanking
ORDER_00910,CUST_0667,SESS_337662,2026-02-03 00:00:00,7914.28,395.71,0.0,8309.99,NetBanking
ORDER_00911,CUST_0667,SESS_864933,2026-02-24 00:00:00,8935.05,446.75,0.0,9381.8,PayPal
ORDER_00912,CUST_0667,SESS_372225,2026-04-27 00:00:00,11380.26,569.01,0.0,11949.27,Credit Card
ORDER_00913,CUST_0668,SESS_636560,2026-04-08 00:00:00,6715.37,335.77,0.0,7051.14,Credit Card
ORDER_00914,CUST_0668,SESS_560276,2026-04-11 00:00:00,11570.09,578.5,0.0,12148.59,Credit Card
ORDER_00915,CUST_0669,SESS_965707,2026-03-29 00:00:00,2222.01,111.1,0.0,2333.11,Credit Card
ORDER_00916,CUST_0669,SESS_526758,2026-05-01 00:00:00,6446.93,273.99,967.04,5753.88,Credit Card
ORDER_00917,CUST_0670,SESS_582293,2026-01-26 00:00:00,6686.92,334.35,0.0,7021.27,Credit Card
ORDER_00918,CUST_0670,SESS_753924,2026-03-21 00:00:00,11086.54,471.18,1662.98,9894.74,PayPal
ORDER_00919,CUST_0670,SESS_603519,2026-04-06 00:00:00,1020.35,51.02,0.0,1071.37,NetBanking
ORDER_00920,CUST_0671,SESS_309227,2026-05-13 00:00:00,5703.07,242.38,855.46,5089.99,NetBanking
ORDER_00921,CUST_0671,SESS_824573,2026-05-12 00:00:00,2686.14,134.31,0.0,2820.45,Credit Card
ORDER_00922,CUST_0672,SESS_553577,2026-03-22 00:00:00,9409.37,470.47,0.0,9879.84,NetBanking
ORDER_00923,CUST_0672,SESS_575219,2026-04-25 00:00:00,6263.32,313.17,0.0,6576.49,Credit Card
ORDER_00924,CUST_0675,SESS_807878,2026-02-05 00:00:00,2557.46,108.69,383.62,2282.53,UPI
ORDER_00925,CUST_0676,SESS_616487,2026-04-27 00:00:00,8293.13,414.66,0.0,8707.79,Credit Card
ORDER_00926,CUST_0676,SESS_703005,2026-05-17 00:00:00,355.58,17.78,0.0,373.36,PayPal
ORDER_00927,CUST_0677,SESS_336101,2026-02-17 00:00:00,3822.8,162.47,573.42,3411.85,Credit Card
ORDER_00928,CUST_0677,SESS_121608,2026-04-16 00:00:00,3490.81,174.54,0.0,3665.35,Credit Card
ORDER_00929,CUST_0678,SESS_741385,2026-03-31 00:00:00,10050.4,502.52,0.0,10552.92,NetBanking
ORDER_00930,CUST_0678,SESS_676285,2026-04-24 00:00:00,9321.34,466.07,0.0,9787.41,NetBanking
ORDER_00931,CUST_0678,SESS_332918,2026-05-03 00:00:00,295.02,14.75,0.0,309.77,Credit Card
ORDER_00932,CUST_0681,SESS_930433,2026-03-01 00:00:00,3541.71,150.52,531.26,3160.97,NetBanking
ORDER_00933,CUST_0681,SESS_973646,2026-03-29 00:00:00,4849.74,242.49,0.0,5092.23,Credit Card
ORDER_00934,CUST_0681,SESS_386787,2026-05-09 00:00:00,6890.75,344.54,0.0,7235.29,NetBanking
ORDER_00935,CUST_0682,SESS_259788,2026-01-27 00:00:00,11834.11,591.71,0.0,12425.82,PayPal
ORDER_00936,CUST_0682,SESS_952325,2026-02-22 00:00:00,9126.56,456.33,0.0,9582.89,UPI
ORDER_00937,CUST_0683,SESS_857707,2026-03-02 00:00:00,945.12,47.26,0.0,992.38,UPI
ORDER_00938,CUST_0683,SESS_155339,2026-04-10 00:00:00,7950.25,397.51,0.0,8347.76,NetBanking
ORDER_00939,CUST_0683,SESS_867003,2026-05-17 00:00:00,11432.1,571.61,0.0,12003.71,Credit Card
ORDER_00940,CUST_0684,SESS_534714,2026-02-20 00:00:00,10695.43,534.77,0.0,11230.2,PayPal
ORDER_00941,CUST_0685,SESS_945169,2026-05-18 00:00:00,6436.35,321.82,0.0,6758.17,NetBanking
ORDER_00942,CUST_0686,SESS_803176,2026-03-31 00:00:00,9591.33,479.57,0.0,10070.9,Credit Card
ORDER_00943,CUST_0686,SESS_449531,2026-05-04 00:00:00,2380.01,119.0,0.0,2499.01,NetBanking
ORDER_00944,CUST_0687,SESS_284382,2026-04-01 00:00:00,7038.98,299.16,1055.85,6282.29,Credit Card
ORDER_00945,CUST_0688,SESS_792083,2026-03-26 00:00:00,3219.58,160.98,0.0,3380.56,PayPal
ORDER_00946,CUST_0689,SESS_486279,2026-03-27 00:00:00,3044.71,129.4,456.71,2717.4,Credit Card
ORDER_00947,CUST_0689,SESS_217946,2026-05-15 00:00:00,4369.71,185.71,655.46,3899.96,UPI
ORDER_00948,CUST_0690,SESS_138973,2026-04-12 00:00:00,2434.3,121.72,0.0,2556.02,PayPal
ORDER_00949,CUST_0690,SESS_655879,2026-04-24 00:00:00,2649.81,132.49,0.0,2782.3,PayPal
ORDER_00950,CUST_0690,SESS_866875,2026-05-25 00:00:00,3318.31,165.92,0.0,3484.23,PayPal
ORDER_00951,CUST_0691,SESS_356840,2026-03-27 00:00:00,7077.66,353.88,0.0,7431.54,NetBanking
ORDER_00952,CUST_0691,SESS_392351,2026-05-05 00:00:00,10058.63,427.49,1508.79,8977.33,Credit Card
ORDER_00953,CUST_0692,SESS_782004,2026-04-09 00:00:00,784.83,39.24,0.0,824.07,NetBanking
ORDER_00954,CUST_0692,SESS_808463,2026-05-07 00:00:00,4254.03,212.7,0.0,4466.73,Credit Card
ORDER_00955,CUST_0693,SESS_475402,2026-03-14 00:00:00,4436.52,188.55,665.48,3959.59,NetBanking
ORDER_00956,CUST_0693,SESS_468516,2026-03-15 00:00:00,5396.65,269.83,0.0,5666.48,PayPal
ORDER_00957,CUST_0694,SESS_696268,2026-05-08 00:00:00,862.17,43.11,0.0,905.28,NetBanking
ORDER_00958,CUST_0695,SESS_438855,2026-01-29 00:00:00,7400.02,370.0,0.0,7770.02,NetBanking
ORDER_00959,CUST_0695,SESS_301489,2026-03-17 00:00:00,11255.54,562.78,0.0,11818.32,Credit Card
ORDER_00960,CUST_0696,SESS_265680,2026-03-18 00:00:00,1638.18,69.62,245.73,1462.07,Credit Card
ORDER_00961,CUST_0698,SESS_876574,2026-04-06 00:00:00,10803.43,459.15,1620.51,9642.07,PayPal
ORDER_00962,CUST_0698,SESS_855968,2026-05-10 00:00:00,5548.42,235.81,832.26,4951.97,NetBanking
ORDER_00963,CUST_0699,SESS_752593,2026-02-28 00:00:00,6265.36,313.27,0.0,6578.63,NetBanking
ORDER_00964,CUST_0700,SESS_193604,2026-03-16 00:00:00,568.26,28.41,0.0,596.67,NetBanking
ORDER_00965,CUST_0700,SESS_932025,2026-04-28 00:00:00,2471.98,123.6,0.0,2595.58,NetBanking
ORDER_00966,CUST_0701,SESS_834060,2026-02-26 00:00:00,4035.62,201.78,0.0,4237.4,NetBanking
ORDER_00967,CUST_0701,SESS_134931,2026-04-07 00:00:00,4387.36,219.37,0.0,4606.73,PayPal
ORDER_00968,CUST_0702,SESS_104732,2026-02-19 00:00:00,9645.27,482.26,0.0,10127.53,UPI
ORDER_00969,CUST_0702,SESS_393347,2026-03-18 00:00:00,3792.98,189.65,0.0,3982.63,UPI
ORDER_00970,CUST_0702,SESS_832696,2026-05-14 00:00:00,11409.37,570.47,0.0,11979.84,UPI
ORDER_00971,CUST_0705,SESS_380433,2026-03-14 00:00:00,3341.45,167.07,0.0,3508.52,UPI
ORDER_00972,CUST_0705,SESS_766206,2026-04-13 00:00:00,2419.32,120.97,0.0,2540.29,UPI
ORDER_00973,CUST_0705,SESS_591696,2026-04-16 00:00:00,645.26,32.26,0.0,677.52,NetBanking
ORDER_00974,CUST_0707,SESS_654439,2026-03-17 00:00:00,924.79,39.3,138.72,825.37,NetBanking
ORDER_00975,CUST_0708,SESS_747251,2026-03-15 00:00:00,11818.17,590.91,0.0,12409.08,PayPal
ORDER_00976,CUST_0708,SESS_836838,2026-04-11 00:00:00,11894.54,505.52,1784.18,10615.88,UPI
ORDER_00977,CUST_0710,SESS_251836,2026-02-07 00:00:00,11492.18,574.61,0.0,12066.79,NetBanking
ORDER_00978,CUST_0710,SESS_987110,2026-03-21 00:00:00,2836.91,141.85,0.0,2978.76,NetBanking
ORDER_00979,CUST_0711,SESS_491013,2026-04-20 00:00:00,4904.52,245.23,0.0,5149.75,Credit Card
ORDER_00980,CUST_0712,SESS_509143,2026-04-08 00:00:00,6779.2,338.96,0.0,7118.16,NetBanking
ORDER_00981,CUST_0714,SESS_111785,2026-04-19 00:00:00,9858.99,492.95,0.0,10351.94,Credit Card
ORDER_00982,CUST_0715,SESS_531860,2026-01-16 00:00:00,5207.95,260.4,0.0,5468.35,NetBanking
ORDER_00983,CUST_0715,SESS_997812,2026-02-24 00:00:00,5215.7,221.67,782.35,4655.02,NetBanking
ORDER_00984,CUST_0715,SESS_782715,2026-04-16 00:00:00,10837.36,541.87,0.0,11379.23,Credit Card
ORDER_00985,CUST_0716,SESS_938897,2026-01-19 00:00:00,10594.51,529.73,0.0,11124.24,PayPal
ORDER_00986,CUST_0716,SESS_376067,2026-03-02 00:00:00,3799.58,189.98,0.0,3989.56,NetBanking
ORDER_00987,CUST_0716,SESS_928782,2026-03-31 00:00:00,10826.32,541.32,0.0,11367.64,UPI
ORDER_00988,CUST_0718,SESS_228840,2026-03-29 00:00:00,7796.71,389.84,0.0,8186.55,Credit Card
ORDER_00989,CUST_0718,SESS_959050,2026-05-02 00:00:00,4835.05,205.49,725.26,4315.28,PayPal
ORDER_00990,CUST_0719,SESS_810765,2026-01-20 00:00:00,283.08,14.15,0.0,297.23,PayPal
ORDER_00991,CUST_0722,SESS_567899,2026-01-29 00:00:00,2607.72,130.39,0.0,2738.11,PayPal
ORDER_00992,CUST_0722,SESS_834565,2026-03-09 00:00:00,297.41,14.87,0.0,312.28,NetBanking
ORDER_00993,CUST_0723,SESS_529910,2026-03-27 00:00:00,2209.92,110.5,0.0,2320.42,Credit Card
ORDER_00994,CUST_0726,SESS_321609,2026-05-04 00:00:00,7959.29,397.96,0.0,8357.25,PayPal
ORDER_00995,CUST_0727,SESS_492892,2026-02-22 00:00:00,11043.54,552.18,0.0,11595.72,PayPal
ORDER_00996,CUST_0730,SESS_613675,2026-04-04 00:00:00,578.16,28.91,0.0,607.07,NetBanking
ORDER_00997,CUST_0731,SESS_180061,2026-03-12 00:00:00,9344.11,467.21,0.0,9811.32,NetBanking
ORDER_00998,CUST_0731,SESS_831191,2026-03-28 00:00:00,9168.42,458.42,0.0,9626.84,Credit Card
ORDER_00999,CUST_0732,SESS_117456,2026-05-02 00:00:00,5509.36,275.47,0.0,5784.83,PayPal
ORDER_01000,CUST_0733,SESS_968770,2026-04-25 00:00:00,1210.59,60.53,0.0,1271.12,UPI
ORDER_01001,CUST_0734,SESS_231732,2026-03-06 00:00:00,7399.53,369.98,0.0,7769.51,Credit Card
ORDER_01002,CUST_0734,SESS_102442,2026-03-25 00:00:00,5567.19,278.36,0.0,5845.55,Credit Card
ORDER_01003,CUST_0736,SESS_285453,2026-01-29 00:00:00,2047.64,102.38,0.0,2150.02,PayPal
ORDER_01004,CUST_0737,SESS_870480,2026-03-11 00:00:00,1300.72,65.04,0.0,1365.76,NetBanking
ORDER_01005,CUST_0737,SESS_553253,2026-04-18 00:00:00,9351.69,467.58,0.0,9819.27,NetBanking
ORDER_01006,CUST_0738,SESS_543753,2026-02-21 00:00:00,8922.15,446.11,0.0,9368.26,UPI
ORDER_01007,CUST_0739,SESS_388286,2026-02-18 00:00:00,7913.93,395.7,0.0,8309.63,UPI
ORDER_01008,CUST_0740,SESS_417243,2026-02-21 00:00:00,8837.02,441.85,0.0,9278.87,NetBanking
ORDER_01009,CUST_0740,SESS_428774,2026-04-20 00:00:00,3139.44,156.97,0.0,3296.41,NetBanking
ORDER_01010,CUST_0741,SESS_321830,2026-02-19 00:00:00,10570.03,449.23,1585.5,9433.76,PayPal
ORDER_01011,CUST_0742,SESS_483844,2026-04-14 00:00:00,8539.96,362.95,1280.99,7621.92,Credit Card
ORDER_01012,CUST_0742,SESS_343605,2026-05-27 00:00:00,469.79,23.49,0.0,493.28,UPI
ORDER_01013,CUST_0743,SESS_424086,2026-03-17 00:00:00,4290.93,214.55,0.0,4505.48,NetBanking
ORDER_01014,CUST_0743,SESS_263233,2026-04-23 00:00:00,6717.37,335.87,0.0,7053.24,NetBanking
ORDER_01015,CUST_0744,SESS_657277,2026-03-08 00:00:00,4437.02,221.85,0.0,4658.87,PayPal
ORDER_01016,CUST_0744,SESS_952712,2026-04-20 00:00:00,3289.73,164.49,0.0,3454.22,Credit Card
ORDER_01017,CUST_0746,SESS_303053,2026-02-07 00:00:00,7903.41,395.17,0.0,8298.58,UPI
ORDER_01018,CUST_0746,SESS_668336,2026-03-19 00:00:00,752.66,37.63,0.0,790.29,Credit Card
ORDER_01019,CUST_0746,SESS_464593,2026-04-24 00:00:00,11592.33,579.62,0.0,12171.95,NetBanking
ORDER_01020,CUST_0750,SESS_870667,2026-03-02 00:00:00,762.15,38.11,0.0,800.26,UPI
ORDER_01021,CUST_0751,SESS_381771,2026-01-26 00:00:00,10721.21,536.06,0.0,11257.27,NetBanking
ORDER_01022,CUST_0752,SESS_414433,2026-03-16 00:00:00,986.69,41.93,148.0,880.62,PayPal
ORDER_01023,CUST_0752,SESS_360295,2026-04-22 00:00:00,2204.71,110.24,0.0,2314.95,NetBanking
ORDER_01024,CUST_0753,SESS_788065,2026-04-04 00:00:00,1718.78,85.94,0.0,1804.72,Credit Card
ORDER_01025,CUST_0755,SESS_326586,2026-03-11 00:00:00,8420.84,421.04,0.0,8841.88,NetBanking
ORDER_01026,CUST_0756,SESS_828695,2026-04-12 00:00:00,8335.55,416.78,0.0,8752.33,Credit Card
ORDER_01027,CUST_0756,SESS_552751,2026-05-22 00:00:00,8793.1,439.66,0.0,9232.76,NetBanking
ORDER_01028,CUST_0757,SESS_394026,2026-02-28 00:00:00,1583.73,67.31,237.56,1413.48,PayPal
ORDER_01029,CUST_0757,SESS_882655,2026-03-13 00:00:00,2706.59,135.33,0.0,2841.92,NetBanking
ORDER_01030,CUST_0759,SESS_959822,2026-05-04 00:00:00,1340.78,67.04,0.0,1407.82,NetBanking
ORDER_01031,CUST_0759,SESS_791456,2026-05-05 00:00:00,10410.82,442.46,1561.62,9291.66,Credit Card
ORDER_01032,CUST_0760,SESS_476508,2026-05-01 00:00:00,10733.96,456.19,1610.09,9580.06,Credit Card
ORDER_01033,CUST_0761,SESS_293713,2026-04-02 00:00:00,7420.85,371.04,0.0,7791.89,PayPal
ORDER_01034,CUST_0761,SESS_957314,2026-04-15 00:00:00,4570.64,228.53,0.0,4799.17,PayPal
ORDER_01035,CUST_0762,SESS_660926,2026-05-08 00:00:00,8378.68,418.93,0.0,8797.61,PayPal
ORDER_01036,CUST_0762,SESS_787179,2026-05-22 00:00:00,10868.6,543.43,0.0,11412.03,Credit Card
ORDER_01037,CUST_0764,SESS_724426,2026-01-18 00:00:00,9617.91,408.76,1442.69,8583.98,PayPal
ORDER_01038,CUST_0764,SESS_368021,2026-03-05 00:00:00,6112.17,305.61,0.0,6417.78,NetBanking
ORDER_01039,CUST_0766,SESS_325118,2026-02-05 00:00:00,2891.07,144.55,0.0,3035.62,Credit Card
ORDER_01040,CUST_0766,SESS_257005,2026-02-19 00:00:00,4002.3,200.12,0.0,4202.42,NetBanking
ORDER_01041,CUST_0766,SESS_315974,2026-03-22 00:00:00,10935.48,464.76,1640.32,9759.92,UPI
ORDER_01042,CUST_0768,SESS_229138,2026-03-04 00:00:00,9064.36,453.22,0.0,9517.58,Credit Card
ORDER_01043,CUST_0768,SESS_814669,2026-04-22 00:00:00,4365.79,185.55,654.87,3896.47,NetBanking
ORDER_01044,CUST_0768,SESS_384267,2026-05-27 00:00:00,9258.67,462.93,0.0,9721.6,UPI
ORDER_01045,CUST_0770,SESS_276708,2026-02-05 00:00:00,1575.84,78.79,0.0,1654.63,NetBanking
ORDER_01046,CUST_0771,SESS_288011,2026-05-02 00:00:00,8602.79,430.14,0.0,9032.93,Credit Card
ORDER_01047,CUST_0771,SESS_844827,2026-05-07 00:00:00,1586.46,79.32,0.0,1665.78,UPI
ORDER_01048,CUST_0773,SESS_124279,2026-02-22 00:00:00,3435.4,171.77,0.0,3607.17,PayPal
ORDER_01049,CUST_0773,SESS_362915,2026-04-10 00:00:00,9981.83,499.09,0.0,10480.92,UPI
ORDER_01050,CUST_0775,SESS_515399,2026-02-05 00:00:00,10654.98,532.75,0.0,11187.73,Credit Card
ORDER_01051,CUST_0776,SESS_958275,2026-04-11 00:00:00,5815.72,290.79,0.0,6106.51,UPI
ORDER_01052,CUST_0776,SESS_886389,2026-05-26 00:00:00,2832.98,141.65,0.0,2974.63,NetBanking
ORDER_01053,CUST_0778,SESS_348757,2026-05-05 00:00:00,4808.2,240.41,0.0,5048.61,UPI
ORDER_01054,CUST_0780,SESS_929913,2026-02-06 00:00:00,4118.63,205.93,0.0,4324.56,PayPal
ORDER_01055,CUST_0781,SESS_803073,2026-03-24 00:00:00,9336.17,466.81,0.0,9802.98,Credit Card
ORDER_01056,CUST_0782,SESS_741692,2026-03-17 00:00:00,8585.81,429.29,0.0,9015.1,UPI
ORDER_01057,CUST_0783,SESS_664432,2026-03-25 00:00:00,6024.95,301.25,0.0,6326.2,PayPal
ORDER_01058,CUST_0783,SESS_942028,2026-05-10 00:00:00,1565.74,78.29,0.0,1644.03,PayPal
ORDER_01059,CUST_0784,SESS_712367,2026-01-30 00:00:00,10811.43,540.57,0.0,11352.0,PayPal
ORDER_01060,CUST_0784,SESS_264565,2026-02-21 00:00:00,7057.02,352.85,0.0,7409.87,PayPal
ORDER_01061,CUST_0784,SESS_813592,2026-03-10 00:00:00,3349.01,167.45,0.0,3516.46,PayPal
ORDER_01062,CUST_0785,SESS_132100,2026-02-14 00:00:00,8722.93,436.15,0.0,9159.08,UPI
ORDER_01063,CUST_0786,SESS_913174,2026-02-11 00:00:00,9385.26,469.26,0.0,9854.52,NetBanking
ORDER_01064,CUST_0786,SESS_208387,2026-03-09 00:00:00,847.81,42.39,0.0,890.2,PayPal
ORDER_01065,CUST_0786,SESS_271493,2026-04-07 00:00:00,1644.81,82.24,0.0,1727.05,PayPal
ORDER_01066,CUST_0788,SESS_695638,2026-04-25 00:00:00,4550.13,227.51,0.0,4777.64,Credit Card
ORDER_01067,CUST_0789,SESS_249115,2026-02-08 00:00:00,9735.22,486.76,0.0,10221.98,NetBanking
ORDER_01068,CUST_0789,SESS_346342,2026-03-20 00:00:00,5549.5,277.48,0.0,5826.98,Credit Card
ORDER_01069,CUST_0789,SESS_326186,2026-04-28 00:00:00,8894.35,444.72,0.0,9339.07,UPI
ORDER_01070,CUST_0791,SESS_461042,2026-02-24 00:00:00,8889.02,444.45,0.0,9333.47,PayPal
ORDER_01071,CUST_0792,SESS_896960,2026-01-24 00:00:00,5326.41,266.32,0.0,5592.73,NetBanking
ORDER_01072,CUST_0793,SESS_375905,2026-03-26 00:00:00,9691.92,411.91,1453.79,8650.04,NetBanking
ORDER_01073,CUST_0793,SESS_783956,2026-03-29 00:00:00,11574.9,491.93,1736.23,10330.6,UPI
ORDER_01074,CUST_0794,SESS_579893,2026-04-12 00:00:00,11633.42,581.67,0.0,12215.09,NetBanking
ORDER_01075,CUST_0794,SESS_525072,2026-05-24 00:00:00,1643.4,82.17,0.0,1725.57,Credit Card
ORDER_01076,CUST_0796,SESS_680659,2026-01-11 00:00:00,11525.84,576.29,0.0,12102.13,Credit Card
ORDER_01077,CUST_0796,SESS_607524,2026-02-14 00:00:00,6694.52,334.73,0.0,7029.25,Credit Card
ORDER_01078,CUST_0797,SESS_810432,2026-03-19 00:00:00,1208.63,60.43,0.0,1269.06,NetBanking
ORDER_01079,CUST_0799,SESS_356102,2026-05-04 00:00:00,7414.92,370.75,0.0,7785.67,UPI
ORDER_01080,CUST_0800,SESS_250087,2026-01-27 00:00:00,6321.77,316.09,0.0,6637.86,PayPal
ORDER_01081,CUST_0801,SESS_546183,2026-04-28 00:00:00,1874.44,79.66,281.17,1672.93,UPI
ORDER_01082,CUST_0801,SESS_492662,2026-04-25 00:00:00,6191.34,309.57,0.0,6500.91,Credit Card
ORDER_01083,CUST_0802,SESS_955183,2026-02-09 00:00:00,7866.67,393.33,0.0,8260.0,Credit Card
ORDER_01084,CUST_0802,SESS_511657,2026-03-20 00:00:00,8724.38,370.79,1308.66,7786.51,Credit Card
ORDER_01085,CUST_0802,SESS_444811,2026-04-19 00:00:00,10410.34,520.52,0.0,10930.86,Credit Card
ORDER_01086,CUST_0803,SESS_932514,2026-03-29 00:00:00,9114.18,455.71,0.0,9569.89,UPI
ORDER_01087,CUST_0803,SESS_257366,2026-05-06 00:00:00,11754.38,587.72,0.0,12342.1,PayPal
ORDER_01088,CUST_0804,SESS_752714,2026-04-09 00:00:00,3349.66,167.48,0.0,3517.14,UPI
ORDER_01089,CUST_0804,SESS_443605,2026-04-09 00:00:00,1805.27,90.26,0.0,1895.53,PayPal
ORDER_01090,CUST_0805,SESS_859582,2026-02-23 00:00:00,962.54,48.13,0.0,1010.67,PayPal
ORDER_01091,CUST_0805,SESS_422826,2026-04-20 00:00:00,10713.78,535.69,0.0,11249.47,PayPal
ORDER_01092,CUST_0807,SESS_457635,2026-03-10 00:00:00,4121.92,175.18,618.29,3678.81,NetBanking
ORDER_01093,CUST_0807,SESS_510675,2026-05-07 00:00:00,3903.35,195.17,0.0,4098.52,PayPal
ORDER_01094,CUST_0808,SESS_579401,2026-01-04 00:00:00,5892.86,294.64,0.0,6187.5,UPI
ORDER_01095,CUST_0808,SESS_167126,2026-02-18 00:00:00,3114.71,155.74,0.0,3270.45,UPI
ORDER_01096,CUST_0809,SESS_641101,2026-04-20 00:00:00,6569.31,328.47,0.0,6897.78,PayPal
ORDER_01097,CUST_0809,SESS_738246,2026-05-26 00:00:00,755.15,37.76,0.0,792.91,UPI
ORDER_01098,CUST_0810,SESS_323163,2026-05-01 00:00:00,7682.42,384.12,0.0,8066.54,UPI
ORDER_01099,CUST_0810,SESS_618465,2026-05-06 00:00:00,8355.81,417.79,0.0,8773.6,UPI
ORDER_01100,CUST_0811,SESS_524064,2026-03-11 00:00:00,9396.52,469.83,0.0,9866.35,PayPal
ORDER_01101,CUST_0811,SESS_774203,2026-05-01 00:00:00,7621.3,381.07,0.0,8002.37,UPI
ORDER_01102,CUST_0811,SESS_275598,2026-05-26 00:00:00,8525.77,426.29,0.0,8952.06,Credit Card
ORDER_01103,CUST_0813,SESS_732472,2026-01-14 00:00:00,5357.48,267.87,0.0,5625.35,NetBanking
ORDER_01104,CUST_0813,SESS_244446,2026-03-17 00:00:00,8285.51,414.28,0.0,8699.79,Credit Card
ORDER_01105,CUST_0813,SESS_403211,2026-04-21 00:00:00,2782.7,139.13,0.0,2921.83,Credit Card
ORDER_01106,CUST_0814,SESS_833874,2026-03-31 00:00:00,8989.78,449.49,0.0,9439.27,NetBanking
ORDER_01107,CUST_0815,SESS_706013,2026-02-08 00:00:00,3208.9,160.45,0.0,3369.35,Credit Card
ORDER_01108,CUST_0818,SESS_143914,2026-04-18 00:00:00,10458.91,522.95,0.0,10981.86,PayPal
ORDER_01109,CUST_0818,SESS_848955,2026-05-11 00:00:00,1164.14,58.21,0.0,1222.35,Credit Card
ORDER_01110,CUST_0822,SESS_300936,2026-01-23 00:00:00,6732.09,336.6,0.0,7068.69,PayPal
ORDER_01111,CUST_0822,SESS_478123,2026-03-16 00:00:00,2066.02,87.81,309.9,1843.93,PayPal
ORDER_01112,CUST_0823,SESS_902212,2026-03-14 00:00:00,7874.7,334.68,1181.2,7028.18,NetBanking
ORDER_01113,CUST_0823,SESS_484863,2026-03-24 00:00:00,7143.04,357.15,0.0,7500.19,PayPal
ORDER_01114,CUST_0823,SESS_639039,2026-04-16 00:00:00,5426.11,271.31,0.0,5697.42,UPI
ORDER_01115,CUST_0824,SESS_803670,2026-04-23 00:00:00,8328.97,353.98,1249.35,7433.6,PayPal
ORDER_01116,CUST_0825,SESS_772500,2026-04-18 00:00:00,6935.9,346.8,0.0,7282.7,UPI
ORDER_01117,CUST_0826,SESS_203475,2026-04-16 00:00:00,6062.18,303.11,0.0,6365.29,UPI
ORDER_01118,CUST_0827,SESS_732084,2026-02-02 00:00:00,6018.06,300.9,0.0,6318.96,NetBanking
ORDER_01119,CUST_0827,SESS_482929,2026-03-03 00:00:00,2979.25,148.96,0.0,3128.21,NetBanking
ORDER_01120,CUST_0828,SESS_474984,2026-04-16 00:00:00,760.31,38.02,0.0,798.33,Credit Card
ORDER_01121,CUST_0828,SESS_647525,2026-05-12 00:00:00,5955.33,297.77,0.0,6253.1,NetBanking
ORDER_01122,CUST_0829,SESS_570992,2026-03-10 00:00:00,5205.87,260.29,0.0,5466.16,UPI
ORDER_01123,CUST_0830,SESS_639752,2026-02-24 00:00:00,7626.15,381.31,0.0,8007.46,Credit Card
ORDER_01124,CUST_0832,SESS_655176,2026-02-14 00:00:00,3291.62,139.89,493.74,2937.77,NetBanking
ORDER_01125,CUST_0832,SESS_519245,2026-03-24 00:00:00,5126.44,256.32,0.0,5382.76,PayPal
ORDER_01126,CUST_0833,SESS_825914,2026-04-20 00:00:00,3622.29,181.11,0.0,3803.4,Credit Card
ORDER_01127,CUST_0834,SESS_839089,2026-01-25 00:00:00,7636.6,381.83,0.0,8018.43,NetBanking
ORDER_01128,CUST_0835,SESS_264228,2026-03-09 00:00:00,2374.34,100.91,356.15,2119.1,UPI
ORDER_01129,CUST_0835,SESS_247787,2026-05-07 00:00:00,7033.21,351.66,0.0,7384.87,UPI
ORDER_01130,CUST_0836,SESS_488567,2026-02-07 00:00:00,10764.69,457.5,1614.7,9607.49,NetBanking
ORDER_01131,CUST_0836,SESS_256652,2026-03-07 00:00:00,6310.46,268.19,946.57,5632.08,UPI
ORDER_01132,CUST_0836,SESS_572018,2026-04-09 00:00:00,1238.08,61.9,0.0,1299.98,NetBanking
ORDER_01133,CUST_0837,SESS_587004,2026-03-07 00:00:00,10418.13,520.91,0.0,10939.04,UPI
ORDER_01134,CUST_0837,SESS_360188,2026-05-12 00:00:00,5041.59,252.08,0.0,5293.67,NetBanking
ORDER_01135,CUST_0838,SESS_913439,2026-04-26 00:00:00,4010.85,200.54,0.0,4211.39,PayPal
ORDER_01136,CUST_0838,SESS_129824,2026-05-18 00:00:00,4547.61,227.38,0.0,4774.99,NetBanking
ORDER_01137,CUST_0839,SESS_539139,2026-05-04 00:00:00,9226.85,461.34,0.0,9688.19,PayPal
ORDER_01138,CUST_0842,SESS_658175,2026-03-14 00:00:00,1038.21,51.91,0.0,1090.12,PayPal
ORDER_01139,CUST_0842,SESS_439842,2026-04-22 00:00:00,11411.99,485.01,1711.8,10185.2,PayPal
ORDER_01140,CUST_0843,SESS_649823,2026-02-26 00:00:00,9552.46,477.62,0.0,10030.08,NetBanking
ORDER_01141,CUST_0843,SESS_297742,2026-03-11 00:00:00,5458.36,272.92,0.0,5731.28,NetBanking
ORDER_01142,CUST_0843,SESS_610011,2026-04-23 00:00:00,11307.29,565.36,0.0,11872.65,PayPal
ORDER_01143,CUST_0844,SESS_829130,2026-04-19 00:00:00,4954.27,247.71,0.0,5201.98,PayPal
ORDER_01144,CUST_0845,SESS_690437,2026-03-15 00:00:00,10326.56,516.33,0.0,10842.89,NetBanking
ORDER_01145,CUST_0845,SESS_780555,2026-05-20 00:00:00,4092.81,204.64,0.0,4297.45,UPI
ORDER_01146,CUST_0847,SESS_700558,2026-04-23 00:00:00,10459.39,522.97,0.0,10982.36,NetBanking
ORDER_01147,CUST_0847,SESS_205451,2026-05-07 00:00:00,3133.99,133.19,470.1,2797.08,Credit Card
ORDER_01148,CUST_0848,SESS_529970,2026-03-21 00:00:00,2180.03,109.0,0.0,2289.03,NetBanking
ORDER_01149,CUST_0848,SESS_693271,2026-03-17 00:00:00,1973.21,98.66,0.0,2071.87,UPI
ORDER_01150,CUST_0848,SESS_898609,2026-05-08 00:00:00,8404.69,420.23,0.0,8824.92,Credit Card
ORDER_01151,CUST_0849,SESS_232869,2026-02-22 00:00:00,10778.69,538.93,0.0,11317.62,Credit Card
ORDER_01152,CUST_0849,SESS_798138,2026-03-23 00:00:00,10797.64,539.88,0.0,11337.52,UPI
ORDER_01153,CUST_0850,SESS_808109,2026-02-07 00:00:00,4452.86,222.64,0.0,4675.5,UPI
ORDER_01154,CUST_0850,SESS_263822,2026-03-05 00:00:00,5045.54,252.28,0.0,5297.82,UPI
ORDER_01155,CUST_0851,SESS_956156,2026-02-14 00:00:00,2781.23,139.06,0.0,2920.29,PayPal
ORDER_01156,CUST_0851,SESS_579787,2026-02-18 00:00:00,6739.93,337.0,0.0,7076.93,PayPal
ORDER_01157,CUST_0851,SESS_844887,2026-03-21 00:00:00,3224.73,161.24,0.0,3385.97,PayPal
ORDER_01158,CUST_0853,SESS_311442,2026-05-05 00:00:00,11538.66,576.93,0.0,12115.59,UPI
ORDER_01159,CUST_0854,SESS_871800,2026-03-01 00:00:00,6576.55,328.83,0.0,6905.38,UPI
ORDER_01160,CUST_0856,SESS_960206,2026-01-07 00:00:00,7900.33,395.02,0.0,8295.35,Credit Card
ORDER_01161,CUST_0857,SESS_210043,2026-01-23 00:00:00,9306.13,465.31,0.0,9771.44,UPI
ORDER_01162,CUST_0859,SESS_116040,2026-02-20 00:00:00,10013.95,425.59,1502.09,8937.45,NetBanking
ORDER_01163,CUST_0859,SESS_468834,2026-04-03 00:00:00,11897.99,505.66,1784.7,10618.95,UPI
ORDER_01164,CUST_0859,SESS_410756,2026-05-04 00:00:00,11270.12,563.51,0.0,11833.63,UPI
ORDER_01165,CUST_0860,SESS_843156,2026-05-08 00:00:00,7429.14,371.46,0.0,7800.6,Credit Card
ORDER_01166,CUST_0860,SESS_248224,2026-05-24 00:00:00,7191.17,359.56,0.0,7550.73,UPI
ORDER_01167,CUST_0861,SESS_959980,2026-03-09 00:00:00,1798.39,89.92,0.0,1888.31,UPI
ORDER_01168,CUST_0861,SESS_991347,2026-03-13 00:00:00,287.57,12.22,43.14,256.65,NetBanking
ORDER_01169,CUST_0861,SESS_526926,2026-04-10 00:00:00,4716.68,235.83,0.0,4952.51,UPI
ORDER_01170,CUST_0863,SESS_632535,2026-01-17 00:00:00,8285.14,414.26,0.0,8699.4,UPI
ORDER_01171,CUST_0863,SESS_282407,2026-03-04 00:00:00,6667.0,283.35,1000.05,5950.3,UPI
ORDER_01172,CUST_0864,SESS_335122,2026-01-28 00:00:00,4334.03,216.7,0.0,4550.73,UPI
ORDER_01173,CUST_0864,SESS_902791,2026-02-11 00:00:00,671.47,33.57,0.0,705.04,NetBanking
ORDER_01174,CUST_0865,SESS_349947,2026-04-18 00:00:00,6460.49,323.02,0.0,6783.51,PayPal
ORDER_01175,CUST_0865,SESS_695696,2026-04-30 00:00:00,9747.98,487.4,0.0,10235.38,UPI
ORDER_01176,CUST_0865,SESS_599054,2026-05-22 00:00:00,11885.1,505.12,1782.77,10607.45,NetBanking
ORDER_01177,CUST_0866,SESS_299942,2026-02-22 00:00:00,6797.47,339.87,0.0,7137.34,UPI
ORDER_01178,CUST_0867,SESS_854425,2026-05-11 00:00:00,2675.13,133.76,0.0,2808.89,UPI
ORDER_01179,CUST_0868,SESS_882818,2026-04-13 00:00:00,7232.38,361.62,0.0,7594.0,PayPal
ORDER_01180,CUST_0868,SESS_477897,2026-04-17 00:00:00,2127.26,106.36,0.0,2233.62,UPI
ORDER_01181,CUST_0869,SESS_696767,2026-03-01 00:00:00,7353.02,367.65,0.0,7720.67,Credit Card
ORDER_01182,CUST_0870,SESS_482888,2026-03-20 00:00:00,5706.43,285.32,0.0,5991.75,PayPal
ORDER_01183,CUST_0870,SESS_513557,2026-04-10 00:00:00,2098.34,89.18,314.75,1872.77,Credit Card
ORDER_01184,CUST_0870,SESS_957405,2026-05-02 00:00:00,4114.7,205.74,0.0,4320.44,Credit Card
ORDER_01185,CUST_0871,SESS_991675,2026-05-05 00:00:00,6114.18,305.71,0.0,6419.89,NetBanking
ORDER_01186,CUST_0872,SESS_996306,2026-02-28 00:00:00,8302.77,415.14,0.0,8717.91,PayPal
ORDER_01187,CUST_0874,SESS_905275,2026-04-09 00:00:00,9779.16,488.96,0.0,10268.12,PayPal
ORDER_01188,CUST_0875,SESS_434571,2026-03-03 00:00:00,337.68,16.88,0.0,354.56,NetBanking
ORDER_01189,CUST_0875,SESS_382991,2026-04-08 00:00:00,8920.72,379.13,1338.11,7961.74,UPI
ORDER_01190,CUST_0876,SESS_811447,2026-03-21 00:00:00,9727.35,486.37,0.0,10213.72,Credit Card
ORDER_01191,CUST_0877,SESS_594470,2026-04-03 00:00:00,10746.97,537.35,0.0,11284.32,UPI
ORDER_01192,CUST_0879,SESS_709099,2026-04-21 00:00:00,6623.14,331.16,0.0,6954.3,Credit Card
ORDER_01193,CUST_0880,SESS_583438,2026-03-04 00:00:00,7131.03,356.55,0.0,7487.58,PayPal
ORDER_01194,CUST_0880,SESS_158348,2026-04-26 00:00:00,2595.35,129.77,0.0,2725.12,UPI
ORDER_01195,CUST_0880,SESS_643977,2026-04-25 00:00:00,4057.58,202.88,0.0,4260.46,PayPal
ORDER_01196,CUST_0881,SESS_411295,2026-02-08 00:00:00,10337.31,516.87,0.0,10854.18,Credit Card
ORDER_01197,CUST_0882,SESS_846650,2026-03-22 00:00:00,11762.99,588.15,0.0,12351.14,Credit Card
ORDER_01198,CUST_0882,SESS_517076,2026-03-25 00:00:00,2819.99,141.0,0.0,2960.99,UPI
ORDER_01199,CUST_0883,SESS_323736,2026-05-10 00:00:00,1585.51,79.28,0.0,1664.79,NetBanking
ORDER_01200,CUST_0885,SESS_630453,2026-02-24 00:00:00,10293.65,514.68,0.0,10808.33,PayPal
ORDER_01201,CUST_0885,SESS_836518,2026-04-02 00:00:00,3347.66,167.38,0.0,3515.04,UPI
ORDER_01202,CUST_0887,SESS_342527,2026-05-06 00:00:00,11745.94,499.2,1761.89,10483.25,NetBanking
ORDER_01203,CUST_0887,SESS_578567,2026-04-29 00:00:00,3589.4,179.47,0.0,3768.87,NetBanking
ORDER_01204,CUST_0888,SESS_712765,2026-04-09 00:00:00,9538.7,476.94,0.0,10015.64,UPI
ORDER_01205,CUST_0888,SESS_610408,2026-05-05 00:00:00,4102.46,205.12,0.0,4307.58,UPI
ORDER_01206,CUST_0888,SESS_178808,2026-05-16 00:00:00,4974.3,211.41,746.14,4439.57,PayPal
ORDER_01207,CUST_0889,SESS_822792,2026-03-18 00:00:00,8080.27,404.01,0.0,8484.28,Credit Card
ORDER_01208,CUST_0890,SESS_225159,2026-04-27 00:00:00,4009.83,200.49,0.0,4210.32,Credit Card
ORDER_01209,CUST_0890,SESS_756990,2026-04-29 00:00:00,6060.51,257.57,909.08,5409.0,Credit Card
ORDER_01210,CUST_0891,SESS_755171,2026-03-01 00:00:00,2377.1,118.86,0.0,2495.96,Credit Card
ORDER_01211,CUST_0891,SESS_250073,2026-03-29 00:00:00,3832.74,191.64,0.0,4024.38,Credit Card
ORDER_01212,CUST_0891,SESS_867230,2026-05-18 00:00:00,9425.0,471.25,0.0,9896.25,NetBanking
ORDER_01213,CUST_0892,SESS_794324,2026-03-03 00:00:00,1979.08,84.11,296.86,1766.33,PayPal
ORDER_01214,CUST_0892,SESS_287752,2026-03-30 00:00:00,1109.43,55.47,0.0,1164.9,PayPal
ORDER_01215,CUST_0893,SESS_102287,2026-01-30 00:00:00,9456.66,472.83,0.0,9929.49,NetBanking
ORDER_01216,CUST_0894,SESS_130572,2026-02-14 00:00:00,10195.91,433.33,1529.39,9099.85,Credit Card
ORDER_01217,CUST_0894,SESS_719929,2026-04-01 00:00:00,6754.07,287.05,1013.11,6028.01,NetBanking
ORDER_01218,CUST_0894,SESS_912205,2026-04-29 00:00:00,10427.12,521.36,0.0,10948.48,PayPal
ORDER_01219,CUST_0895,SESS_798834,2026-04-04 00:00:00,3462.79,173.14,0.0,3635.93,NetBanking
ORDER_01220,CUST_0896,SESS_819557,2026-02-02 00:00:00,2696.35,114.6,404.45,2406.5,NetBanking
ORDER_01221,CUST_0898,SESS_709568,2026-03-21 00:00:00,7787.25,330.96,1168.09,6950.12,NetBanking
ORDER_01222,CUST_0898,SESS_309413,2026-04-23 00:00:00,5243.38,222.84,786.51,4679.71,NetBanking
ORDER_01223,CUST_0900,SESS_129088,2026-04-19 00:00:00,10755.85,537.79,0.0,11293.64,Credit Card
ORDER_01224,CUST_0901,SESS_676132,2026-02-06 00:00:00,9332.47,396.63,1399.87,8329.23,NetBanking
ORDER_01225,CUST_0901,SESS_214247,2026-03-02 00:00:00,10619.18,451.31,1592.88,9477.61,PayPal
ORDER_01226,CUST_0902,SESS_516794,2026-03-30 00:00:00,3686.76,184.34,0.0,3871.1,Credit Card
ORDER_01227,CUST_0903,SESS_657060,2026-02-03 00:00:00,355.09,15.09,53.26,316.92,Credit Card
ORDER_01228,CUST_0905,SESS_182476,2026-03-29 00:00:00,7234.99,361.75,0.0,7596.74,PayPal
ORDER_01229,CUST_0905,SESS_806358,2026-05-09 00:00:00,4373.91,218.7,0.0,4592.61,Credit Card
ORDER_01230,CUST_0906,SESS_279498,2026-03-20 00:00:00,5232.44,261.62,0.0,5494.06,NetBanking
ORDER_01231,CUST_0906,SESS_917878,2026-03-18 00:00:00,3479.19,173.96,0.0,3653.15,UPI
ORDER_01232,CUST_0907,SESS_960432,2026-03-13 00:00:00,4062.52,203.13,0.0,4265.65,PayPal
ORDER_01233,CUST_0907,SESS_947268,2026-04-22 00:00:00,10746.19,537.31,0.0,11283.5,NetBanking
ORDER_01234,CUST_0909,SESS_396134,2026-05-14 00:00:00,11425.6,571.28,0.0,11996.88,PayPal
ORDER_01235,CUST_0909,SESS_410949,2026-05-22 00:00:00,1869.54,79.46,280.43,1668.57,Credit Card
ORDER_01236,CUST_0910,SESS_260036,2026-04-21 00:00:00,10010.65,500.53,0.0,10511.18,Credit Card
ORDER_01237,CUST_0912,SESS_445513,2026-02-15 00:00:00,9167.38,458.37,0.0,9625.75,UPI
ORDER_01238,CUST_0912,SESS_878514,2026-03-21 00:00:00,5180.04,220.15,777.01,4623.18,UPI
ORDER_01239,CUST_0912,SESS_193053,2026-04-29 00:00:00,3997.82,199.89,0.0,4197.71,Credit Card
ORDER_01240,CUST_0914,SESS_130033,2026-03-03 00:00:00,9994.19,424.75,1499.13,8919.81,PayPal
ORDER_01241,CUST_0915,SESS_467651,2026-03-26 00:00:00,1788.26,89.41,0.0,1877.67,UPI
ORDER_01242,CUST_0916,SESS_466946,2026-02-27 00:00:00,8646.52,432.33,0.0,9078.85,PayPal
ORDER_01243,CUST_0916,SESS_141669,2026-03-11 00:00:00,1538.15,65.37,230.72,1372.8,NetBanking
ORDER_01244,CUST_0918,SESS_526839,2026-03-03 00:00:00,2310.39,115.52,0.0,2425.91,PayPal
ORDER_01245,CUST_0920,SESS_611367,2026-04-27 00:00:00,10611.88,451.0,1591.78,9471.1,PayPal
ORDER_01246,CUST_0921,SESS_463775,2026-03-30 00:00:00,8296.99,414.85,0.0,8711.84,PayPal
ORDER_01247,CUST_0922,SESS_190600,2026-01-10 00:00:00,1068.31,53.42,0.0,1121.73,UPI
ORDER_01248,CUST_0922,SESS_904515,2026-02-19 00:00:00,4534.36,226.72,0.0,4761.08,PayPal
ORDER_01249,CUST_0923,SESS_527399,2026-04-03 00:00:00,8499.63,361.23,1274.94,7585.92,Credit Card
ORDER_01250,CUST_0923,SESS_146485,2026-05-01 00:00:00,1125.63,56.28,0.0,1181.91,Credit Card
ORDER_01251,CUST_0926,SESS_735950,2026-02-16 00:00:00,6910.07,345.5,0.0,7255.57,NetBanking
ORDER_01252,CUST_0928,SESS_736443,2026-04-22 00:00:00,1852.63,92.63,0.0,1945.26,PayPal
ORDER_01253,CUST_0928,SESS_366286,2026-05-08 00:00:00,705.84,35.29,0.0,741.13,NetBanking
ORDER_01254,CUST_0929,SESS_175298,2026-01-17 00:00:00,4695.14,234.76,0.0,4929.9,Credit Card
ORDER_01255,CUST_0930,SESS_908817,2026-04-04 00:00:00,3309.95,165.5,0.0,3475.45,Credit Card
ORDER_01256,CUST_0930,SESS_360149,2026-05-01 00:00:00,8844.14,442.21,0.0,9286.35,NetBanking
ORDER_01257,CUST_0931,SESS_309065,2026-02-19 00:00:00,6577.75,328.89,0.0,6906.64,Credit Card
ORDER_01258,CUST_0931,SESS_989247,2026-03-14 00:00:00,10330.16,439.03,1549.52,9219.67,Credit Card
ORDER_01259,CUST_0931,SESS_221419,2026-05-01 00:00:00,1257.62,62.88,0.0,1320.5,PayPal
ORDER_01260,CUST_0932,SESS_735379,2026-03-07 00:00:00,11257.42,562.87,0.0,11820.29,NetBanking
ORDER_01261,CUST_0932,SESS_199407,2026-04-01 00:00:00,6833.36,341.67,0.0,7175.03,UPI
ORDER_01262,CUST_0932,SESS_498006,2026-05-01 00:00:00,4941.83,210.03,741.27,4410.59,Credit Card
ORDER_01263,CUST_0933,SESS_276536,2026-03-07 00:00:00,8306.26,415.31,0.0,8721.57,NetBanking
ORDER_01264,CUST_0933,SESS_114742,2026-03-14 00:00:00,9933.69,496.68,0.0,10430.37,PayPal
ORDER_01265,CUST_0936,SESS_310417,2026-02-19 00:00:00,3834.65,191.73,0.0,4026.38,Credit Card
ORDER_01266,CUST_0936,SESS_131622,2026-03-30 00:00:00,3853.87,163.79,578.08,3439.58,Credit Card
ORDER_01267,CUST_0936,SESS_359192,2026-05-04 00:00:00,8087.4,343.71,1213.11,7218.0,Credit Card
ORDER_01268,CUST_0938,SESS_970317,2026-02-22 00:00:00,2349.64,99.86,352.45,2097.05,PayPal
ORDER_01269,CUST_0938,SESS_850951,2026-03-22 00:00:00,11589.64,492.56,1738.45,10343.75,PayPal
ORDER_01270,CUST_0938,SESS_846015,2026-05-12 00:00:00,4768.15,238.41,0.0,5006.56,Credit Card
ORDER_01271,CUST_0939,SESS_315601,2026-04-20 00:00:00,6718.62,335.93,0.0,7054.55,UPI
ORDER_01272,CUST_0940,SESS_455836,2026-01-28 00:00:00,9733.74,486.69,0.0,10220.43,PayPal
ORDER_01273,CUST_0940,SESS_556382,2026-03-03 00:00:00,578.62,24.59,86.79,516.42,Credit Card
ORDER_01274,CUST_0940,SESS_120785,2026-04-15 00:00:00,11316.91,480.97,1697.54,10100.34,Credit Card
ORDER_01275,CUST_0942,SESS_987369,2026-01-22 00:00:00,7948.06,397.4,0.0,8345.46,PayPal
ORDER_01276,CUST_0942,SESS_993116,2026-02-25 00:00:00,2847.78,142.39,0.0,2990.17,Credit Card
ORDER_01277,CUST_0942,SESS_891793,2026-04-07 00:00:00,10722.65,455.71,1608.4,9569.96,PayPal
ORDER_01278,CUST_0943,SESS_849937,2026-03-10 00:00:00,5967.02,298.35,0.0,6265.37,PayPal
ORDER_01279,CUST_0944,SESS_640702,2026-04-25 00:00:00,3926.77,196.34,0.0,4123.11,PayPal
ORDER_01280,CUST_0944,SESS_367229,2026-04-30 00:00:00,10916.42,545.82,0.0,11462.24,NetBanking
ORDER_01281,CUST_0945,SESS_544205,2026-03-12 00:00:00,2343.32,99.59,351.5,2091.41,NetBanking
ORDER_01282,CUST_0945,SESS_528772,2026-04-13 00:00:00,7785.48,389.27,0.0,8174.75,UPI
ORDER_01283,CUST_0949,SESS_707293,2026-01-31 00:00:00,7491.92,318.41,1123.79,6686.54,NetBanking
ORDER_01284,CUST_0950,SESS_722767,2026-02-06 00:00:00,8943.97,380.12,1341.6,7982.49,NetBanking
ORDER_01285,CUST_0950,SESS_906272,2026-03-09 00:00:00,7350.74,367.54,0.0,7718.28,Credit Card
ORDER_01286,CUST_0951,SESS_367293,2026-01-23 00:00:00,10623.73,531.19,0.0,11154.92,UPI
ORDER_01287,CUST_0952,SESS_468754,2026-03-31 00:00:00,7210.45,360.52,0.0,7570.97,PayPal
ORDER_01288,CUST_0952,SESS_274120,2026-05-13 00:00:00,7258.02,308.47,1088.7,6477.79,PayPal
ORDER_01289,CUST_0953,SESS_243522,2026-04-01 00:00:00,10074.7,503.74,0.0,10578.44,Credit Card
ORDER_01290,CUST_0953,SESS_249471,2026-04-19 00:00:00,10682.18,534.11,0.0,11216.29,NetBanking
ORDER_01291,CUST_0954,SESS_782917,2026-03-13 00:00:00,10689.17,534.46,0.0,11223.63,NetBanking
ORDER_01292,CUST_0954,SESS_455696,2026-04-02 00:00:00,4679.58,233.98,0.0,4913.56,UPI
ORDER_01293,CUST_0955,SESS_543061,2026-02-14 00:00:00,1841.14,78.25,276.17,1643.22,NetBanking
ORDER_01294,CUST_0956,SESS_789907,2026-03-18 00:00:00,10246.78,512.34,0.0,10759.12,Credit Card
ORDER_01295,CUST_0958,SESS_784201,2026-04-25 00:00:00,4373.42,218.67,0.0,4592.09,NetBanking
ORDER_01296,CUST_0958,SESS_463720,2026-05-07 00:00:00,6115.71,305.79,0.0,6421.5,Credit Card
ORDER_01297,CUST_0959,SESS_746838,2026-02-13 00:00:00,10334.05,516.7,0.0,10850.75,NetBanking
ORDER_01298,CUST_0959,SESS_427815,2026-03-28 00:00:00,11620.16,493.86,1743.02,10371.0,PayPal
ORDER_01299,CUST_0959,SESS_524070,2026-04-25 00:00:00,7200.71,360.04,0.0,7560.75,NetBanking
ORDER_01300,CUST_0960,SESS_170413,2026-03-27 00:00:00,4797.03,239.85,0.0,5036.88,UPI
ORDER_01301,CUST_0961,SESS_223588,2026-04-29 00:00:00,4051.56,202.58,0.0,4254.14,NetBanking
ORDER_01302,CUST_0962,SESS_314834,2026-02-22 00:00:00,3057.35,152.87,0.0,3210.22,NetBanking
ORDER_01303,CUST_0962,SESS_150534,2026-03-14 00:00:00,9990.06,424.58,1498.51,8916.13,UPI
ORDER_01304,CUST_0963,SESS_845261,2026-02-22 00:00:00,7260.33,363.02,0.0,7623.35,PayPal
ORDER_01305,CUST_0963,SESS_959604,2026-03-11 00:00:00,6649.27,332.46,0.0,6981.73,UPI
ORDER_01306,CUST_0964,SESS_875782,2026-04-02 00:00:00,3964.14,168.48,594.62,3538.0,NetBanking
ORDER_01307,CUST_0965,SESS_575356,2026-02-28 00:00:00,761.68,38.08,0.0,799.76,Credit Card
ORDER_01308,CUST_0965,SESS_871550,2026-03-02 00:00:00,8175.77,408.79,0.0,8584.56,Credit Card
ORDER_01309,CUST_0965,SESS_619047,2026-04-15 00:00:00,10358.22,440.22,1553.73,9244.71,PayPal
ORDER_01310,CUST_0969,SESS_194735,2026-02-18 00:00:00,10781.09,458.2,1617.16,9622.13,UPI
ORDER_01311,CUST_0969,SESS_589236,2026-04-22 00:00:00,422.46,21.12,0.0,443.58,NetBanking
ORDER_01312,CUST_0969,SESS_935240,2026-04-22 00:00:00,9378.51,468.93,0.0,9847.44,NetBanking
ORDER_01313,CUST_0970,SESS_741090,2026-05-09 00:00:00,6531.09,326.55,0.0,6857.64,UPI
ORDER_01314,CUST_0970,SESS_151037,2026-05-10 00:00:00,4254.08,212.7,0.0,4466.78,Credit Card
ORDER_01315,CUST_0972,SESS_380197,2026-04-24 00:00:00,6866.22,291.81,1029.93,6128.1,Credit Card
ORDER_01316,CUST_0973,SESS_727132,2026-04-14 00:00:00,4894.33,208.01,734.15,4368.19,NetBanking
ORDER_01317,CUST_0974,SESS_916055,2026-04-29 00:00:00,6394.19,271.75,959.13,5706.81,PayPal
ORDER_01318,CUST_0975,SESS_967330,2026-03-27 00:00:00,5949.11,297.46,0.0,6246.57,UPI
ORDER_01319,CUST_0976,SESS_953560,2026-02-22 00:00:00,7927.31,396.37,0.0,8323.68,PayPal
ORDER_01320,CUST_0977,SESS_225733,2026-02-04 00:00:00,2735.65,136.78,0.0,2872.43,PayPal
ORDER_01321,CUST_0977,SESS_793787,2026-03-22 00:00:00,11962.64,598.13,0.0,12560.77,NetBanking
ORDER_01322,CUST_0977,SESS_353753,2026-04-24 00:00:00,7609.06,380.45,0.0,7989.51,Credit Card
ORDER_01323,CUST_0978,SESS_666563,2026-02-19 00:00:00,4627.59,231.38,0.0,4858.97,UPI
ORDER_01324,CUST_0978,SESS_809968,2026-03-23 00:00:00,8177.82,408.89,0.0,8586.71,UPI
ORDER_01325,CUST_0979,SESS_674805,2026-03-23 00:00:00,10679.18,533.96,0.0,11213.14,UPI
ORDER_01326,CUST_0979,SESS_153452,2026-04-07 00:00:00,4266.86,213.34,0.0,4480.2,UPI
ORDER_01327,CUST_0980,SESS_205286,2026-03-22 00:00:00,8083.2,404.16,0.0,8487.36,Credit Card
ORDER_01328,CUST_0981,SESS_719962,2026-04-23 00:00:00,1089.1,54.45,0.0,1143.55,NetBanking
ORDER_01329,CUST_0981,SESS_350702,2026-05-23 00:00:00,10292.78,514.64,0.0,10807.42,Credit Card
ORDER_01330,CUST_0984,SESS_544008,2026-03-21 00:00:00,10906.1,545.31,0.0,11451.41,NetBanking
ORDER_01331,CUST_0984,SESS_431895,2026-04-18 00:00:00,2540.53,127.03,0.0,2667.56,UPI
ORDER_01332,CUST_0986,SESS_462493,2026-04-21 00:00:00,11604.52,580.23,0.0,12184.75,NetBanking
ORDER_01333,CUST_0987,SESS_466219,2026-02-13 00:00:00,1187.43,59.37,0.0,1246.8,Credit Card
ORDER_01334,CUST_0988,SESS_276202,2026-03-02 00:00:00,1594.24,79.71,0.0,1673.95,NetBanking
ORDER_01335,CUST_0988,SESS_932427,2026-03-08 00:00:00,3510.43,175.52,0.0,3685.95,UPI
ORDER_01336,CUST_0989,SESS_870306,2026-04-17 00:00:00,9805.59,490.28,0.0,10295.87,Credit Card
ORDER_01337,CUST_0989,SESS_870077,2026-05-12 00:00:00,6055.22,257.35,908.28,5404.29,UPI
ORDER_01338,CUST_0990,SESS_106299,2026-03-23 00:00:00,368.85,18.44,0.0,387.29,UPI
ORDER_01339,CUST_0990,SESS_386072,2026-05-13 00:00:00,5275.08,263.75,0.0,5538.83,Credit Card
ORDER_01340,CUST_0991,SESS_669461,2026-03-07 00:00:00,2030.51,101.53,0.0,2132.04,Credit Card
ORDER_01341,CUST_0992,SESS_508209,2026-03-13 00:00:00,5813.81,290.69,0.0,6104.5,NetBanking
ORDER_01342,CUST_0992,SESS_381259,2026-04-26 00:00:00,10522.14,526.11,0.0,11048.25,PayPal
ORDER_01343,CUST_0992,SESS_176163,2026-05-05 00:00:00,6502.59,325.13,0.0,6827.72,PayPal
ORDER_01344,CUST_0994,SESS_991342,2026-03-15 00:00:00,5464.29,273.21,0.0,5737.5,PayPal
ORDER_01345,CUST_0994,SESS_652466,2026-03-11 00:00:00,11446.52,572.33,0.0,12018.85,NetBanking
ORDER_01346,CUST_0995,SESS_406640,2026-02-18 00:00:00,9436.01,471.8,0.0,9907.81,UPI
ORDER_01347,CUST_0995,SESS_715490,2026-03-09 00:00:00,4065.22,203.26,0.0,4268.48,UPI
ORDER_01348,CUST_0996,SESS_952840,2026-02-10 00:00:00,587.41,24.96,88.11,524.26,NetBanking
ORDER_01349,CUST_0998,SESS_154513,2026-02-05 00:00:00,6707.46,285.07,1006.12,5986.41,PayPal
ORDER_01350,CUST_0998,SESS_782484,2026-03-08 00:00:00,11579.61,578.98,0.0,12158.59,UPI
ORDER_01351,CUST_0999,SESS_521877,2026-02-05 00:00:00,6848.51,342.43,0.0,7190.94,UPI
ORDER_01352,CUST_0999,SESS_608282,2026-03-24 00:00:00,5852.96,292.65,0.0,6145.61,UPI
ORDER_01353,CUST_1000,SESS_126040,2026-03-14 00:00:00,4024.87,201.24,0.0,4226.11,NetBanking
ORDER_01354,CUST_1000,SESS_967528,2026-03-11 00:00:00,3249.13,138.09,487.37,2899.85,NetBanking
ORDER_01355,CUST_1000,SESS_460231,2026-04-07 00:00:00,409.49,20.47,0.0,429.96,Credit Card
