snapshot_key,date_key,employee_key,is_active,training_hours_completed,tenure_days,promotion_lag_months,performance_score
1,20250514,1,True,11.0,30,1,4
2,20250713,1,True,6.4,90,3,3
3,20251011,1,True,19.4,180,6,4
4,20260409,1,True,4.3,360,12,1
5,20260626,2,True,10.5,30,1,5
6,20260825,2,True,5.5,90,3,3
7,20261123,2,True,12.4,180,6,3
8,20270522,2,True,5.1,360,12,3
9,20231105,4,True,19.4,30,1,3
10,20240104,4,True,3.0,90,3,4
11,20240403,4,True,8.1,180,6,3
12,20240930,4,True,10.3,360,12,5
13,20250329,4,True,15.3,540,18,5
14,20231003,5,True,18.5,30,1,2
15,20231202,5,True,7.6,90,3,3
16,20240301,5,True,2.0,180,6,3
17,20240804,6,True,20.8,30,1,3
18,20241003,6,True,23.5,90,3,3
19,20250101,6,True,2.6,180,6,3
20,20250630,6,True,10.4,360,12,3
21,20251227,6,True,17.2,540,18,3
22,20220328,7,True,4.9,30,1,3
23,20220527,7,True,5.7,90,3,4
24,20220825,7,True,23.8,180,6,4
25,20230221,7,True,12.8,360,12,4
26,20230604,8,True,4.9,30,1,5
27,20230803,8,True,14.6,90,3,1
28,20231101,8,True,3.2,180,6,3
29,20240429,8,True,10.6,360,12,5
30,20241026,8,True,19.4,540,18,3
31,20250219,9,True,7.2,30,1,4
32,20250420,9,True,2.5,90,3,4
33,20250719,9,True,10.8,180,6,3
34,20260115,9,True,13.8,360,12,3
35,20240527,10,True,12.2,30,1,3
36,20240726,10,True,15.5,90,3,3
37,20241024,10,True,13.2,180,6,3
38,20250422,10,True,19.5,360,12,3
39,20250811,11,True,15.1,30,1,4
40,20251010,11,True,14.4,90,3,3
41,20260108,11,True,15.1,180,6,3
42,20260707,11,True,19.0,360,12,1
43,20240603,13,True,3.7,30,1,4
44,20240802,13,True,10.7,90,3,3
45,20241031,13,True,14.7,180,6,5
46,20250429,13,True,13.7,360,12,3
47,20251031,14,True,7.8,30,1,2
48,20251230,14,True,4.0,90,3,4
49,20260330,14,True,17.8,180,6,3
50,20260926,14,True,2.1,360,12,2
51,20241223,16,True,4.7,30,1,3
52,20250221,16,True,8.0,90,3,4
53,20250522,16,True,12.8,180,6,3
54,20251118,16,True,11.8,360,12,3
55,20260116,17,True,2.9,30,1,3
56,20260317,17,True,8.4,90,3,5
57,20260615,17,True,16.1,180,6,5
58,20261212,17,True,7.9,360,12,2
59,20240717,19,True,18.9,30,1,3
60,20240915,19,True,13.3,90,3,3
61,20241214,19,True,15.5,180,6,2
62,20250711,20,True,13.3,30,1,3
63,20250909,20,True,17.5,90,3,4
64,20251208,20,True,16.4,180,6,1
65,20221224,21,True,23.6,30,1,5
66,20230222,21,True,4.0,90,3,3
67,20230523,21,True,5.7,180,6,3
68,20231119,21,True,7.2,360,12,3
69,20240517,21,True,17.4,540,18,4
70,20230627,22,True,5.3,30,1,4
71,20230826,22,True,8.1,90,3,3
72,20231124,22,True,12.6,180,6,3
73,20240522,22,True,5.2,360,12,4
74,20241213,23,True,7.0,30,1,3
75,20250211,23,True,4.1,90,3,5
76,20250512,23,True,5.6,180,6,4
77,20251108,23,True,20.0,360,12,3
78,20260507,23,True,20.7,540,18,5
79,20241225,24,True,12.3,30,1,2
80,20250223,24,True,9.6,90,3,3
81,20250524,24,True,3.5,180,6,3
82,20251120,24,True,8.7,360,12,3
83,20260519,24,True,16.6,540,18,3
84,20240323,26,True,8.0,30,1,5
85,20240522,26,True,13.7,90,3,3
86,20240820,26,True,14.2,180,6,3
87,20250216,26,True,18.3,360,12,3
88,20250815,26,True,4.5,540,18,3
89,20240205,27,True,22.1,30,1,3
90,20240405,27,True,23.3,90,3,3
91,20240704,27,True,16.8,180,6,4
92,20241231,27,True,6.9,360,12,3
93,20250629,27,True,11.3,540,18,4
94,20250815,28,True,3.2,30,1,4
95,20251014,28,True,10.9,90,3,3
96,20260112,28,True,17.7,180,6,3
97,20240502,29,True,19.1,30,1,4
98,20240701,29,True,23.9,90,3,3
99,20240929,29,True,5.9,180,6,1
100,20250328,29,True,17.4,360,12,5
101,20250924,29,True,22.5,540,18,4
102,20230325,30,True,6.4,30,1,3
103,20230524,30,True,12.2,90,3,5
104,20230914,31,True,13.8,30,1,3
105,20231113,31,True,22.9,90,3,3
106,20240211,31,True,23.4,180,6,2
107,20240824,32,True,21.5,30,1,5
108,20241023,32,True,8.5,90,3,3
109,20250121,32,True,17.7,180,6,3
110,20250720,32,True,19.9,360,12,3
111,20260116,32,True,6.9,540,18,4
112,20220825,33,True,11.2,30,1,4
113,20221024,33,True,6.5,90,3,5
114,20230122,33,True,16.1,180,6,3
115,20230721,33,True,2.9,360,12,3
116,20231010,34,True,19.3,30,1,4
117,20231209,34,True,5.6,90,3,4
118,20240308,34,True,7.0,180,6,3
119,20240904,34,True,22.0,360,12,3
120,20250303,34,True,19.8,540,18,2
121,20240404,35,True,12.8,30,1,3
122,20240603,35,True,19.9,90,3,4
123,20240729,36,True,6.0,30,1,3
124,20240927,36,True,3.2,90,3,3
125,20241226,36,True,16.2,180,6,3
126,20250624,36,True,7.8,360,12,2
127,20251221,36,True,4.5,540,18,3
128,20221021,37,True,18.8,30,1,3
129,20221220,37,True,6.2,90,3,2
130,20230320,37,True,14.0,180,6,3
131,20230916,37,True,4.3,360,12,4
132,20240317,38,True,3.7,30,1,2
133,20240516,38,True,4.7,90,3,5
134,20240814,38,True,7.5,180,6,1
135,20250210,38,True,2.9,360,12,4
136,20250809,38,True,20.8,540,18,3
137,20221007,39,True,7.8,30,1,2
138,20221206,39,True,22.7,90,3,3
139,20230306,39,True,4.5,180,6,3
140,20230902,39,True,9.8,360,12,3
141,20231014,40,True,21.0,30,1,3
142,20231213,40,True,6.6,90,3,3
143,20240312,40,True,23.1,180,6,3
144,20240908,40,True,16.5,360,12,2
145,20250307,40,True,7.6,540,18,3
146,20220219,41,True,13.2,30,1,4
147,20220420,41,True,8.3,90,3,3
148,20220719,41,True,8.2,180,6,3
149,20230117,42,True,10.0,30,1,4
150,20230318,42,True,13.1,90,3,3
151,20230616,42,True,5.0,180,6,5
152,20231213,42,True,23.5,360,12,4
153,20240610,42,True,11.6,540,18,3
154,20220716,43,True,18.8,30,1,3
155,20220914,43,True,20.9,90,3,4
156,20221213,43,True,5.2,180,6,3
157,20230611,43,True,12.6,360,12,3
158,20230714,44,True,7.8,30,1,4
159,20230912,44,True,5.7,90,3,3
160,20231211,44,True,9.4,180,6,3
161,20240608,44,True,6.9,360,12,3
162,20241205,44,True,21.1,540,18,1
163,20241130,45,True,13.7,30,1,3
164,20250129,45,True,14.4,90,3,3
165,20250429,45,True,13.2,180,6,2
166,20250927,46,True,10.5,30,1,3
167,20251126,46,True,11.0,90,3,3
168,20260224,46,True,11.7,180,6,2
169,20220929,48,True,15.8,30,1,3
170,20221128,48,True,9.6,90,3,2
171,20230226,48,True,8.5,180,6,1
172,20230825,48,True,6.6,360,12,3
173,20240221,48,True,22.6,540,18,4
174,20240406,49,True,8.1,30,1,3
175,20240605,49,True,7.3,90,3,3
176,20240903,49,True,13.1,180,6,5
177,20250305,50,True,9.1,30,1,5
178,20250504,50,True,17.4,90,3,3
179,20250802,50,True,11.5,180,6,3
180,20260129,50,True,22.2,360,12,4
181,20240226,51,True,5.4,30,1,5
182,20240426,51,True,11.2,90,3,5
183,20240725,51,True,10.3,180,6,3
184,20240318,52,True,18.8,30,1,2
185,20240517,52,True,17.5,90,3,3
186,20240815,52,True,18.4,180,6,3
187,20250211,52,True,5.8,360,12,3
188,20250419,53,True,4.8,30,1,2
189,20250618,53,True,19.6,90,3,4
190,20250916,53,True,6.5,180,6,1
191,20260315,53,True,2.4,360,12,3
192,20210903,55,True,6.8,30,1,1
193,20211102,55,True,21.9,90,3,3
194,20220131,55,True,16.2,180,6,4
195,20220730,55,True,2.8,360,12,3
196,20221116,56,True,9.9,30,1,2
197,20230115,56,True,11.3,90,3,4
198,20230415,56,True,22.3,180,6,3
199,20231023,57,True,4.1,30,1,2
200,20231222,57,True,12.4,90,3,3
201,20240321,57,True,16.4,180,6,3
202,20240917,57,True,15.2,360,12,3
203,20250316,57,True,10.4,540,18,4
204,20241212,58,True,8.0,30,1,3
205,20250210,58,True,8.9,90,3,3
206,20250511,58,True,22.6,180,6,3
207,20251121,59,True,8.7,30,1,5
208,20260120,59,True,6.0,90,3,3
209,20260420,59,True,20.0,180,6,5
210,20261017,59,True,13.8,360,12,3
211,20250411,61,True,13.3,30,1,3
212,20250610,61,True,14.7,90,3,3
213,20250908,61,True,22.0,180,6,3
214,20260307,61,True,13.4,360,12,3
215,20210729,63,True,3.1,30,1,3
216,20210927,63,True,17.6,90,3,3
217,20211226,63,True,13.0,180,6,3
218,20220624,63,True,22.5,360,12,3
219,20230114,64,True,13.6,30,1,4
220,20230315,64,True,9.1,90,3,5
221,20230613,64,True,4.9,180,6,4
222,20231210,64,True,20.2,360,12,3
223,20240607,64,True,19.8,540,18,4
224,20240421,65,True,7.7,30,1,3
225,20240620,65,True,19.1,90,3,3
226,20240918,65,True,4.1,180,6,3
227,20250317,65,True,12.9,360,12,3
228,20250913,65,True,22.8,540,18,3
229,20220330,66,True,3.5,30,1,3
230,20220529,66,True,6.4,90,3,3
231,20211217,67,True,22.6,30,1,5
232,20220215,67,True,14.3,90,3,2
233,20220516,67,True,18.1,180,6,3
234,20221112,67,True,13.6,360,12,3
235,20230511,67,True,7.4,540,18,3
236,20230317,68,True,17.5,30,1,5
237,20230516,68,True,11.8,90,3,3
238,20230814,68,True,5.4,180,6,3
239,20240210,68,True,5.7,360,12,3
240,20240808,68,True,2.5,540,18,3
241,20240322,69,True,18.0,30,1,4
242,20240521,69,True,18.0,90,3,3
243,20240819,69,True,2.0,180,6,3
244,20250124,70,True,3.8,30,1,4
245,20250325,70,True,14.6,90,3,3
246,20250623,70,True,3.9,180,6,3
247,20251220,70,True,4.4,360,12,4
248,20230920,71,True,4.5,30,1,3
249,20231119,71,True,23.7,90,3,4
250,20240217,71,True,17.6,180,6,3
251,20240815,71,True,4.3,360,12,3
252,20250211,71,True,16.8,540,18,2
253,20221207,72,True,7.3,30,1,3
254,20230205,72,True,15.6,90,3,3
255,20230506,72,True,3.6,180,6,4
256,20231102,72,True,17.9,360,12,3
257,20231207,73,True,19.7,30,1,5
258,20240205,73,True,15.2,90,3,3
259,20240505,73,True,13.4,180,6,3
260,20241101,73,True,6.0,360,12,2
261,20250430,73,True,18.0,540,18,5
262,20230423,74,True,2.4,30,1,3
263,20230622,74,True,19.7,90,3,1
264,20230920,74,True,18.9,180,6,4
265,20240318,74,True,10.6,360,12,4
266,20240914,74,True,21.0,540,18,5
267,20240211,75,True,2.2,30,1,3
268,20240411,75,True,2.9,90,3,4
269,20240710,75,True,19.5,180,6,4
270,20250106,75,True,7.6,360,12,3
271,20250729,76,True,7.5,30,1,3
272,20250927,76,True,2.6,90,3,4
273,20251226,76,True,21.2,180,6,4
274,20250705,78,True,9.5,30,1,3
275,20250903,78,True,10.9,90,3,4
276,20251202,78,True,14.7,180,6,3
277,20260531,78,True,8.7,360,12,3
278,20261127,78,True,4.5,540,18,5
279,20230420,80,True,20.7,30,1,3
280,20230619,80,True,17.5,90,3,3
281,20230917,80,True,11.7,180,6,1
282,20240315,80,True,12.6,360,12,3
283,20240911,80,True,11.2,540,18,3
284,20250322,81,True,22.5,30,1,3
285,20250521,81,True,13.5,90,3,3
286,20250819,81,True,7.9,180,6,3
287,20260215,81,True,15.5,360,12,5
288,20260817,82,True,17.1,30,1,3
289,20261016,82,True,22.6,90,3,3
290,20270114,82,True,16.4,180,6,3
291,20230411,84,True,14.7,30,1,4
292,20230610,84,True,5.3,90,3,3
293,20230908,84,True,12.3,180,6,3
294,20240225,85,True,14.4,30,1,3
295,20240425,85,True,20.6,90,3,4
296,20240724,85,True,16.1,180,6,1
297,20250120,85,True,15.7,360,12,4
298,20250719,85,True,19.0,540,18,5
299,20251013,86,True,22.9,30,1,4
300,20251212,86,True,9.6,90,3,3
301,20260312,86,True,11.0,180,6,3
302,20240505,87,True,13.0,30,1,4
303,20240704,87,True,22.4,90,3,4
304,20241002,87,True,5.9,180,6,3
305,20220721,88,True,10.8,30,1,5
306,20220919,88,True,9.8,90,3,5
307,20221218,88,True,8.5,180,6,3
308,20230616,88,True,3.0,360,12,3
309,20231116,89,True,6.3,30,1,5
310,20240115,89,True,14.4,90,3,1
311,20240414,89,True,8.0,180,6,4
312,20241011,89,True,6.8,360,12,3
313,20250203,90,True,5.0,30,1,2
314,20250404,90,True,11.0,90,3,3
315,20250703,90,True,3.3,180,6,1
316,20251230,90,True,6.1,360,12,5
317,20210709,91,True,6.9,30,1,3
318,20210907,91,True,4.3,90,3,3
319,20211206,91,True,14.0,180,6,5
320,20220604,91,True,9.3,360,12,3
321,20210914,92,True,11.1,30,1,3
322,20211113,92,True,16.7,90,3,2
323,20220211,92,True,23.8,180,6,4
324,20220810,92,True,5.1,360,12,3
325,20230206,92,True,23.7,540,18,5
326,20211218,93,True,8.8,30,1,4
327,20220216,93,True,20.2,90,3,4
328,20220517,93,True,9.7,180,6,3
329,20250202,94,True,11.6,30,1,3
330,20250403,94,True,14.2,90,3,3
331,20250702,94,True,15.8,180,6,1
332,20251229,94,True,20.3,360,12,2
333,20221006,95,True,22.3,30,1,5
334,20221205,95,True,12.4,90,3,3
335,20230305,95,True,23.4,180,6,3
336,20230901,95,True,10.0,360,12,4
337,20240228,95,True,14.9,540,18,3
338,20240503,96,True,21.6,30,1,2
339,20240702,96,True,16.1,90,3,3
340,20240930,96,True,20.9,180,6,4
341,20250329,96,True,20.7,360,12,3
342,20250604,97,True,12.0,30,1,3
343,20250803,97,True,20.5,90,3,3
344,20251101,97,True,20.1,180,6,3
345,20260430,97,True,6.8,360,12,5
346,20250421,98,True,12.6,30,1,3
347,20250620,98,True,23.7,90,3,3
348,20250918,98,True,13.4,180,6,3
349,20220203,99,True,18.4,30,1,2
350,20220404,99,True,20.2,90,3,2
351,20220703,99,True,12.1,180,6,3
352,20221203,100,True,14.3,30,1,2
353,20230201,100,True,11.1,90,3,4
354,20230502,100,True,14.8,180,6,3
355,20231111,101,True,8.9,30,1,3
356,20240110,101,True,23.1,90,3,3
357,20240409,101,True,11.9,180,6,4
358,20241006,101,True,10.6,360,12,5
359,20250404,101,True,5.9,540,18,3
360,20231110,102,True,15.6,30,1,4
361,20240109,102,True,16.6,90,3,3
362,20240408,102,True,12.4,180,6,3
363,20241005,102,True,8.8,360,12,3
364,20250429,103,True,13.5,30,1,3
365,20250628,103,True,7.7,90,3,3
366,20250926,103,True,23.9,180,6,3
367,20260325,103,True,13.8,360,12,3
368,20240124,104,True,22.4,30,1,2
369,20240324,104,True,21.4,90,3,5
370,20240622,104,True,16.9,180,6,3
371,20241219,104,True,12.4,360,12,3
372,20250617,104,True,3.3,540,18,3
373,20231009,105,True,14.8,30,1,3
374,20231208,105,True,3.7,90,3,3
375,20240307,105,True,22.9,180,6,3
376,20240903,105,True,4.8,360,12,3
377,20241129,106,True,9.1,30,1,2
378,20250128,106,True,11.2,90,3,2
379,20250428,106,True,14.6,180,6,3
380,20251025,106,True,12.6,360,12,1
381,20260423,106,True,2.4,540,18,3
382,20230116,107,True,13.4,30,1,5
383,20230317,107,True,8.7,90,3,3
384,20230615,107,True,22.0,180,6,3
385,20231120,108,True,6.4,30,1,4
386,20240119,108,True,14.3,90,3,5
387,20240418,108,True,21.0,180,6,3
388,20241015,108,True,22.3,360,12,3
389,20250413,108,True,3.4,540,18,3
390,20250630,109,True,21.8,30,1,3
391,20250829,109,True,2.1,90,3,5
392,20251127,109,True,21.0,180,6,4
393,20260526,109,True,17.2,360,12,3
394,20230727,110,True,8.1,30,1,3
395,20230925,110,True,6.0,90,3,4
396,20231224,110,True,4.9,180,6,3
397,20240621,110,True,14.5,360,12,4
398,20241218,110,True,13.1,540,18,3
399,20230712,111,True,3.8,30,1,3
400,20230910,111,True,3.9,90,3,2
401,20231209,111,True,13.9,180,6,5
402,20240606,111,True,16.7,360,12,3
403,20240915,112,True,17.4,30,1,1
404,20241114,112,True,12.1,90,3,4
405,20250212,112,True,13.6,180,6,3
406,20250830,113,True,10.7,30,1,4
407,20251029,113,True,22.9,90,3,4
408,20260127,113,True,18.2,180,6,3
409,20250123,114,True,8.4,30,1,3
410,20250324,114,True,7.1,90,3,3
411,20250622,114,True,14.3,180,6,3
412,20251219,114,True,21.0,360,12,3
413,20260214,115,True,13.6,30,1,4
414,20260415,115,True,11.5,90,3,4
415,20220516,116,True,11.9,30,1,3
416,20220715,116,True,6.6,90,3,2
417,20220103,117,True,10.6,30,1,3
418,20220304,117,True,22.3,90,3,3
419,20220602,117,True,4.4,180,6,2
420,20221129,117,True,18.9,360,12,3
421,20230528,117,True,4.0,540,18,3
422,20230319,118,True,4.1,30,1,3
423,20230518,118,True,16.4,90,3,3
424,20230816,118,True,5.7,180,6,3
425,20240212,118,True,4.4,360,12,1
426,20240714,119,True,16.0,30,1,3
427,20240912,119,True,23.2,90,3,4
428,20241211,119,True,14.3,180,6,3
429,20250609,119,True,7.3,360,12,5
430,20250912,120,True,8.9,30,1,3
431,20251111,120,True,3.4,90,3,3
432,20260209,120,True,12.6,180,6,3
433,20241127,121,True,14.5,30,1,3
434,20250126,121,True,17.2,90,3,3
435,20250426,121,True,23.9,180,6,4
436,20251023,121,True,5.6,360,12,4
437,20260421,121,True,9.6,540,18,2
438,20240523,122,True,20.5,30,1,2
439,20240722,122,True,7.8,90,3,1
440,20241020,122,True,13.1,180,6,3
441,20250418,122,True,2.9,360,12,3
442,20250528,123,True,16.4,30,1,3
443,20250727,123,True,6.7,90,3,3
444,20251025,123,True,12.4,180,6,1
445,20260423,123,True,2.9,360,12,3
446,20231016,124,True,4.0,30,1,3
447,20231215,124,True,6.5,90,3,3
448,20240314,124,True,19.1,180,6,3
449,20240910,124,True,17.2,360,12,2
450,20220430,125,True,2.9,30,1,3
451,20220629,125,True,23.0,90,3,4
452,20220927,125,True,9.2,180,6,3
453,20230326,125,True,9.8,360,12,3
454,20230922,125,True,2.4,540,18,3
455,20230430,126,True,12.6,30,1,3
456,20230629,126,True,11.4,90,3,3
457,20230927,126,True,21.9,180,6,5
458,20240325,126,True,19.0,360,12,3
459,20240729,127,True,2.1,30,1,3
460,20240927,127,True,19.1,90,3,2
461,20241226,127,True,21.6,180,6,3
462,20250624,127,True,15.3,360,12,2
463,20251209,128,True,20.3,30,1,3
464,20260207,128,True,9.6,90,3,3
465,20260508,128,True,10.0,180,6,3
466,20210802,129,True,16.5,30,1,3
467,20211001,129,True,2.0,90,3,3
468,20211230,129,True,20.1,180,6,3
469,20220628,129,True,16.6,360,12,3
470,20230708,130,True,23.4,30,1,3
471,20230906,130,True,22.7,90,3,4
472,20231205,130,True,21.0,180,6,4
473,20240602,130,True,8.6,360,12,3
474,20241129,130,True,3.2,540,18,2
475,20250208,131,True,4.9,30,1,5
476,20250409,131,True,7.1,90,3,3
477,20250708,131,True,6.3,180,6,2
478,20260104,131,True,18.7,360,12,4
479,20260211,132,True,5.9,30,1,3
480,20260412,132,True,21.1,90,3,3
481,20260711,132,True,5.3,180,6,4
482,20270107,132,True,6.0,360,12,3
483,20270706,132,True,3.9,540,18,3
484,20250514,134,True,17.2,30,1,3
485,20250713,134,True,12.1,90,3,1
486,20251011,134,True,20.7,180,6,4
487,20260409,134,True,12.6,360,12,3
488,20221029,135,True,2.7,30,1,2
489,20221228,135,True,21.6,90,3,5
490,20230328,135,True,19.8,180,6,4
491,20230924,135,True,7.3,360,12,3
492,20240322,135,True,13.6,540,18,2
493,20210908,136,True,3.8,30,1,3
494,20211107,136,True,11.4,90,3,5
495,20220205,136,True,16.4,180,6,4
496,20240709,137,True,18.8,30,1,2
497,20240907,137,True,4.9,90,3,4
498,20241206,137,True,9.7,180,6,3
499,20250604,137,True,16.3,360,12,2
500,20251201,137,True,23.9,540,18,2
501,20241114,138,True,16.6,30,1,3
502,20250113,138,True,20.2,90,3,3
503,20250413,138,True,18.1,180,6,1
504,20251014,139,True,12.5,30,1,4
505,20251213,139,True,20.7,90,3,3
506,20260313,139,True,9.0,180,6,3
507,20220707,140,True,12.1,30,1,4
508,20220905,140,True,18.4,90,3,3
509,20221204,140,True,3.2,180,6,3
510,20230602,140,True,18.1,360,12,4
511,20230919,141,True,22.8,30,1,3
512,20231118,141,True,4.6,90,3,5
513,20240216,141,True,12.1,180,6,3
514,20240814,141,True,16.6,360,12,1
515,20250210,141,True,21.7,540,18,3
516,20220320,142,True,15.1,30,1,2
517,20220519,142,True,8.2,90,3,3
518,20220817,142,True,16.1,180,6,3
519,20230213,142,True,5.7,360,12,3
520,20230812,142,True,8.3,540,18,3
521,20220516,143,True,7.5,30,1,3
522,20220715,143,True,16.9,90,3,4
523,20221013,143,True,11.8,180,6,3
524,20230411,143,True,9.9,360,12,3
525,20231008,143,True,3.4,540,18,5
526,20210928,144,True,17.6,30,1,2
527,20211127,144,True,22.5,90,3,3
528,20220225,144,True,5.2,180,6,4
529,20220824,144,True,7.7,360,12,3
530,20230209,145,True,22.4,30,1,3
531,20230410,145,True,18.1,90,3,3
532,20230709,145,True,9.6,180,6,5
533,20240105,145,True,3.8,360,12,3
534,20240703,145,True,13.5,540,18,3
535,20240815,146,True,4.2,30,1,5
536,20241014,146,True,22.9,90,3,3
537,20250112,146,True,8.1,180,6,3
538,20250711,146,True,14.7,360,12,4
539,20260107,146,True,20.2,540,18,3
540,20240912,147,True,4.7,30,1,1
541,20241111,147,True,8.0,90,3,3
542,20250209,147,True,23.0,180,6,3
543,20250725,148,True,22.8,30,1,3
544,20250923,148,True,7.2,90,3,3
545,20251222,148,True,9.2,180,6,3
546,20250513,149,True,11.7,30,1,5
547,20250712,149,True,7.1,90,3,1
548,20251010,149,True,11.4,180,6,3
549,20260408,149,True,10.5,360,12,3
550,20260814,150,True,5.3,30,1,3
551,20261013,150,True,10.7,90,3,3
552,20270111,150,True,2.9,180,6,3
553,20270710,150,True,8.6,360,12,2
554,20250224,152,True,17.7,30,1,3
555,20250425,152,True,5.6,90,3,3
556,20250724,152,True,17.0,180,6,3
557,20260120,152,True,6.7,360,12,3
558,20260719,152,True,19.1,540,18,3
559,20250608,154,True,14.7,30,1,5
560,20250807,154,True,16.0,90,3,3
561,20251105,154,True,19.4,180,6,3
562,20241230,155,True,3.5,30,1,3
563,20250228,155,True,3.3,90,3,4
564,20250529,155,True,19.5,180,6,5
565,20251125,155,True,17.5,360,12,1
566,20240125,156,True,6.7,30,1,3
567,20240325,156,True,23.0,90,3,3
568,20240623,156,True,12.6,180,6,4
569,20241220,156,True,14.1,360,12,1
570,20250618,156,True,19.8,540,18,3
571,20220801,157,True,19.0,30,1,4
572,20220930,157,True,17.4,90,3,3
573,20221229,157,True,11.0,180,6,5
574,20230627,157,True,20.4,360,12,3
575,20231224,157,True,13.6,540,18,2
576,20250730,158,True,18.2,30,1,3
577,20250928,158,True,20.5,90,3,5
578,20251227,158,True,21.9,180,6,3
579,20231118,159,True,3.6,30,1,2
580,20240117,159,True,3.9,90,3,3
581,20240416,159,True,16.0,180,6,3
582,20250611,160,True,2.1,30,1,3
583,20250810,160,True,12.6,90,3,3
584,20251108,160,True,13.6,180,6,3
585,20260507,160,True,19.2,360,12,2
586,20261103,160,True,22.4,540,18,5
587,20220621,162,True,21.5,30,1,3
588,20220820,162,True,12.2,90,3,3
589,20221118,162,True,19.3,180,6,4
590,20230517,162,True,3.1,360,12,2
591,20231113,162,True,24.0,540,18,3
592,20240118,163,True,15.5,30,1,2
593,20240318,163,True,12.6,90,3,4
594,20240616,163,True,17.8,180,6,3
595,20241213,163,True,4.0,360,12,4
596,20250611,163,True,13.6,540,18,1
597,20250828,164,True,10.9,30,1,3
598,20251027,164,True,13.7,90,3,3
599,20260125,164,True,12.6,180,6,2
600,20250123,165,True,2.2,30,1,4
601,20250324,165,True,16.1,90,3,4
602,20250622,165,True,10.4,180,6,3
603,20251219,165,True,17.1,360,12,3
604,20260411,166,True,12.2,30,1,3
605,20260610,166,True,6.6,90,3,4
606,20260908,166,True,8.8,180,6,5
607,20230504,168,True,17.8,30,1,3
608,20230703,168,True,7.9,90,3,2
609,20231001,168,True,23.5,180,6,3
610,20250718,169,True,23.3,30,1,3
611,20250916,169,True,13.8,90,3,3
612,20251215,169,True,12.1,180,6,3
613,20260613,169,True,8.3,360,12,3
614,20261210,169,True,7.2,540,18,4
615,20230712,171,True,16.8,30,1,3
616,20230910,171,True,21.0,90,3,1
617,20231209,171,True,13.9,180,6,3
618,20240530,172,True,21.7,30,1,3
619,20240729,172,True,4.5,90,3,3
620,20241027,172,True,10.4,180,6,3
621,20250425,172,True,10.1,360,12,3
622,20251022,172,True,20.0,540,18,2
623,20231107,173,True,12.4,30,1,3
624,20240106,173,True,4.8,90,3,2
625,20240405,173,True,16.1,180,6,3
626,20241002,173,True,13.7,360,12,5
627,20241127,174,True,16.9,30,1,5
628,20250126,174,True,7.8,90,3,3
629,20250426,174,True,19.5,180,6,4
630,20251023,174,True,22.3,360,12,3
631,20260421,174,True,16.3,540,18,3
632,20240115,175,True,8.0,30,1,3
633,20240315,175,True,11.0,90,3,3
634,20240613,175,True,2.0,180,6,3
635,20241210,175,True,13.3,360,12,3
636,20250608,175,True,13.9,540,18,3
637,20240329,176,True,11.1,30,1,3
638,20240528,176,True,16.7,90,3,4
639,20240826,176,True,8.6,180,6,3
640,20250222,176,True,17.0,360,12,1
641,20250419,177,True,9.7,30,1,3
642,20250618,177,True,22.4,90,3,3
643,20250916,177,True,8.6,180,6,4
644,20260315,177,True,23.9,360,12,1
645,20240308,178,True,3.8,30,1,3
646,20240507,178,True,8.6,90,3,3
647,20240805,178,True,17.4,180,6,4
648,20250213,179,True,18.2,30,1,3
649,20250414,179,True,11.5,90,3,3
650,20250713,179,True,11.4,180,6,4
651,20260109,179,True,5.5,360,12,3
652,20230625,180,True,20.9,30,1,4
653,20230824,180,True,19.1,90,3,3
654,20231122,180,True,23.5,180,6,3
655,20240520,180,True,14.7,360,12,3
656,20241116,180,True,19.6,540,18,3
657,20250110,181,True,15.6,30,1,3
658,20250311,181,True,10.7,90,3,4
659,20250609,181,True,4.4,180,6,1
660,20251206,181,True,4.4,360,12,1
661,20240922,182,True,18.1,30,1,5
662,20241121,182,True,22.6,90,3,3
663,20250219,182,True,5.8,180,6,4
664,20250818,182,True,13.3,360,12,3
665,20260214,182,True,15.3,540,18,4
666,20260430,183,True,16.9,30,1,3
667,20260629,183,True,7.2,90,3,3
668,20260927,183,True,13.9,180,6,5
669,20270326,183,True,14.9,360,12,4
670,20231006,185,True,17.5,30,1,4
671,20231205,185,True,23.3,90,3,2
672,20240304,185,True,13.2,180,6,4
673,20240922,186,True,5.8,30,1,2
674,20241121,186,True,11.2,90,3,4
675,20250219,186,True,13.8,180,6,3
676,20250818,186,True,21.8,360,12,4
677,20260214,186,True,3.2,540,18,2
678,20250721,187,True,6.3,30,1,2
679,20250919,187,True,18.9,90,3,5
680,20251218,187,True,20.9,180,6,3
681,20240609,188,True,5.6,30,1,1
682,20240808,188,True,23.5,90,3,4
683,20241106,188,True,4.2,180,6,3
684,20250505,188,True,18.0,360,12,4
685,20231115,189,True,18.1,30,1,3
686,20240114,189,True,6.4,90,3,3
687,20240413,189,True,8.4,180,6,5
688,20241010,189,True,2.9,360,12,3
689,20250408,189,True,6.9,540,18,3
690,20210820,190,True,23.4,30,1,5
691,20211019,190,True,8.6,90,3,3
692,20220117,190,True,18.5,180,6,4
693,20220716,190,True,23.9,360,12,2
694,20230112,190,True,15.4,540,18,1
695,20230311,191,True,17.2,30,1,2
696,20230510,191,True,3.1,90,3,3
697,20230808,191,True,14.8,180,6,4
698,20240204,191,True,22.7,360,12,3
699,20240802,191,True,8.1,540,18,3
700,20220108,192,True,4.8,30,1,4
701,20220309,192,True,12.6,90,3,2
702,20220607,192,True,22.1,180,6,3
703,20221204,192,True,13.4,360,12,1
704,20230521,193,True,5.0,30,1,2
705,20230720,193,True,15.4,90,3,3
706,20231018,193,True,14.3,180,6,1
707,20240415,193,True,8.5,360,12,3
708,20241012,193,True,23.0,540,18,3
709,20241226,194,True,9.0,30,1,3
710,20250224,194,True,21.0,90,3,4
711,20250525,194,True,14.1,180,6,3
712,20251121,194,True,21.8,360,12,3
713,20260520,194,True,23.6,540,18,4
714,20241002,195,True,20.2,30,1,4
715,20241201,195,True,2.7,90,3,4
716,20250301,195,True,13.3,180,6,3
717,20250828,195,True,11.0,360,12,3
718,20251117,196,True,17.1,30,1,3
719,20260116,196,True,21.3,90,3,3
720,20260416,196,True,16.4,180,6,3
721,20250112,197,True,23.6,30,1,5
722,20250313,197,True,11.0,90,3,3
723,20250611,197,True,3.1,180,6,3
724,20251208,197,True,2.8,360,12,3
725,20260207,198,True,11.4,30,1,3
726,20260408,198,True,4.1,90,3,2
727,20230314,199,True,14.7,30,1,4
728,20230513,199,True,21.8,90,3,4
729,20230811,199,True,2.3,180,6,3
730,20250413,200,True,13.2,30,1,3
731,20250612,200,True,5.8,90,3,3
732,20250910,200,True,17.4,180,6,3
733,20260309,200,True,23.3,360,12,3
734,20260625,201,True,19.2,30,1,2
735,20260824,201,True,22.5,90,3,4
736,20261122,201,True,12.5,180,6,3
737,20270521,201,True,23.7,360,12,1
738,20240902,203,True,21.5,30,1,4
739,20241101,203,True,21.2,90,3,4
740,20250130,203,True,18.7,180,6,3
741,20250729,203,True,16.9,360,12,2
742,20251203,204,True,8.5,30,1,5
743,20260201,204,True,14.8,90,3,4
744,20260502,204,True,18.4,180,6,3
745,20231116,205,True,17.0,30,1,2
746,20240115,205,True,18.5,90,3,3
747,20240414,205,True,6.6,180,6,3
748,20241011,205,True,7.8,360,12,4
749,20250409,205,True,8.6,540,18,3
750,20250515,206,True,7.0,30,1,3
751,20250714,206,True,17.2,90,3,3
752,20251012,206,True,2.8,180,6,5
753,20260410,206,True,7.3,360,12,2
754,20220629,207,True,23.1,30,1,3
755,20220828,207,True,6.2,90,3,3
756,20221126,207,True,19.9,180,6,3
757,20230525,207,True,10.5,360,12,3
758,20230921,208,True,4.8,30,1,5
759,20231120,208,True,17.2,90,3,3
760,20240218,208,True,7.7,180,6,4
761,20240816,208,True,16.1,360,12,3
762,20250107,209,True,12.4,30,1,2
763,20250308,209,True,7.0,90,3,3
764,20250606,209,True,7.2,180,6,1
765,20251203,209,True,21.8,360,12,4
766,20250311,210,True,3.2,30,1,3
767,20250510,210,True,14.8,90,3,3
768,20250808,210,True,22.6,180,6,4
769,20260204,210,True,20.9,360,12,3
770,20221113,211,True,21.1,30,1,3
771,20230112,211,True,19.4,90,3,3
772,20230412,211,True,6.2,180,6,3
773,20231017,212,True,5.6,30,1,3
774,20231216,212,True,8.9,90,3,4
775,20240315,212,True,21.5,180,6,3
776,20240911,212,True,13.1,360,12,3
777,20250310,212,True,21.3,540,18,4
778,20250425,213,True,20.9,30,1,2
779,20250624,213,True,4.7,90,3,3
780,20250922,213,True,21.1,180,6,3
781,20260321,213,True,6.6,360,12,3
782,20240825,214,True,15.4,30,1,3
783,20241024,214,True,6.2,90,3,3
784,20250122,214,True,15.4,180,6,4
785,20250721,214,True,4.4,360,12,4
786,20251105,215,True,22.8,30,1,3
787,20260104,215,True,6.0,90,3,3
788,20260404,215,True,10.1,180,6,4
789,20220221,216,True,2.6,30,1,5
790,20220422,216,True,9.9,90,3,4
791,20220721,216,True,3.5,180,6,4
792,20230117,216,True,17.8,360,12,2
793,20230627,217,True,15.3,30,1,4
794,20230826,217,True,5.5,90,3,2
795,20231124,217,True,19.3,180,6,3
796,20240522,217,True,2.5,360,12,4
797,20241118,217,True,17.9,540,18,5
798,20250114,218,True,22.8,30,1,4
799,20250315,218,True,12.8,90,3,3
800,20250613,218,True,12.2,180,6,3
801,20251210,218,True,15.4,360,12,4
802,20250402,219,True,5.4,30,1,2
803,20250601,219,True,17.8,90,3,3
804,20250830,219,True,13.9,180,6,5
805,20260226,219,True,8.6,360,12,3
806,20220331,220,True,6.6,30,1,4
807,20220530,220,True,15.7,90,3,4
808,20220828,220,True,13.1,180,6,4
809,20230316,221,True,15.1,30,1,4
810,20230515,221,True,9.9,90,3,5
811,20230813,221,True,12.3,180,6,2
812,20240209,221,True,18.4,360,12,4
813,20240807,221,True,14.3,540,18,3
814,20250504,222,True,10.4,30,1,4
815,20250703,222,True,23.6,90,3,3
816,20251001,222,True,4.7,180,6,4
817,20260330,222,True,17.0,360,12,4
818,20240302,223,True,19.6,30,1,4
819,20240501,223,True,12.2,90,3,2
820,20240730,223,True,7.3,180,6,4
821,20250126,223,True,4.3,360,12,3
822,20250725,223,True,2.6,540,18,3
823,20211228,224,True,10.7,30,1,3
824,20220226,224,True,6.6,90,3,4
825,20220527,224,True,19.7,180,6,3
826,20221030,225,True,17.9,30,1,1
827,20221229,225,True,17.1,90,3,5
828,20230329,225,True,2.3,180,6,3
829,20230925,225,True,17.1,360,12,4
830,20240323,225,True,17.1,540,18,2
831,20220510,226,True,15.4,30,1,3
832,20220709,226,True,13.2,90,3,1
833,20221007,226,True,15.5,180,6,4
834,20230405,226,True,15.5,360,12,5
835,20230821,227,True,9.1,30,1,3
836,20231020,227,True,17.0,90,3,2
837,20240118,227,True,12.5,180,6,2
838,20240716,227,True,20.9,360,12,4
839,20250112,227,True,22.9,540,18,1
840,20231223,228,True,10.2,30,1,4
841,20240221,228,True,3.6,90,3,3
842,20240521,228,True,12.7,180,6,4
843,20241117,228,True,16.6,360,12,4
844,20250516,228,True,10.8,540,18,3
845,20230911,229,True,13.2,30,1,4
846,20231110,229,True,5.8,90,3,3
847,20240208,229,True,8.3,180,6,3
848,20240806,229,True,2.9,360,12,5
849,20211204,230,True,20.9,30,1,3
850,20220202,230,True,22.9,90,3,4
851,20220503,230,True,11.7,180,6,3
852,20221030,230,True,8.7,360,12,2
853,20230320,231,True,10.6,30,1,4
854,20230519,231,True,7.3,90,3,4
855,20230817,231,True,2.2,180,6,3
856,20240213,231,True,16.5,360,12,3
857,20240616,232,True,14.9,30,1,3
858,20240815,232,True,12.2,90,3,3
859,20241113,232,True,3.4,180,6,3
860,20250512,232,True,19.7,360,12,5
861,20251108,232,True,9.2,540,18,3
862,20240105,233,True,11.0,30,1,4
863,20240305,233,True,22.9,90,3,4
864,20240603,233,True,11.1,180,6,5
865,20230612,234,True,3.4,30,1,3
866,20230811,234,True,7.9,90,3,1
867,20231109,234,True,22.5,180,6,4
868,20240601,235,True,2.1,30,1,4
869,20240731,235,True,2.6,90,3,3
870,20241029,235,True,14.4,180,6,3
871,20250427,235,True,17.2,360,12,3
872,20251024,235,True,22.2,540,18,3
873,20231127,236,True,5.5,30,1,3
874,20240126,236,True,18.5,90,3,2
875,20240425,236,True,17.1,180,6,3
876,20241022,236,True,11.3,360,12,3
877,20250420,236,True,19.2,540,18,3
878,20211219,237,True,4.2,30,1,2
879,20220217,237,True,17.7,90,3,3
880,20220518,237,True,14.8,180,6,2
881,20221114,237,True,18.3,360,12,5
882,20230410,238,True,18.7,30,1,3
883,20230609,238,True,6.4,90,3,3
884,20230907,238,True,19.1,180,6,3
885,20240305,238,True,11.3,360,12,4
886,20240405,239,True,23.4,30,1,2
887,20240604,239,True,7.4,90,3,5
888,20240902,239,True,16.6,180,6,3
889,20250301,239,True,16.0,360,12,5
890,20250828,239,True,7.9,540,18,3
891,20250531,240,True,11.9,30,1,2
892,20250730,240,True,18.7,90,3,4
893,20251028,240,True,9.0,180,6,5
894,20260426,240,True,10.7,360,12,4
895,20220606,241,True,21.3,30,1,3
896,20220805,241,True,8.4,90,3,4
897,20221103,241,True,11.0,180,6,4
898,20230502,241,True,6.0,360,12,3
899,20230531,242,True,18.4,30,1,3
900,20230730,242,True,19.4,90,3,3
901,20231028,242,True,10.8,180,6,4
902,20240425,242,True,8.9,360,12,3
903,20241022,242,True,14.8,540,18,1
904,20250317,243,True,16.5,30,1,3
905,20250516,243,True,5.8,90,3,3
906,20250814,243,True,17.2,180,6,3
907,20260210,243,True,8.4,360,12,3
908,20260407,244,True,7.7,30,1,3
909,20260606,244,True,3.2,90,3,4
910,20260904,244,True,14.0,180,6,3
911,20230703,246,True,18.2,30,1,3
912,20230901,246,True,17.0,90,3,3
913,20231130,246,True,15.4,180,6,4
914,20231029,247,True,20.7,30,1,4
915,20231228,247,True,5.1,90,3,2
916,20240327,247,True,7.1,180,6,3
917,20240923,247,True,23.2,360,12,4
918,20250218,248,True,6.0,30,1,2
919,20250419,248,True,9.8,90,3,3
920,20250718,248,True,10.1,180,6,3
921,20260114,248,True,5.6,360,12,3
922,20260713,248,True,2.6,540,18,3
923,20220123,250,True,11.1,30,1,5
924,20220324,250,True,19.6,90,3,3
925,20220622,250,True,13.8,180,6,3
926,20221219,250,True,2.7,360,12,1
927,20230617,250,True,17.6,540,18,3
928,20230808,251,True,4.3,30,1,2
929,20231007,251,True,20.5,90,3,4
930,20240105,251,True,17.0,180,6,3
931,20240703,251,True,4.3,360,12,4
932,20241129,252,True,6.5,30,1,5
933,20250128,252,True,18.0,90,3,3
934,20250428,252,True,22.8,180,6,5
935,20251025,252,True,13.9,360,12,3
936,20260423,252,True,7.5,540,18,3
937,20240112,253,True,9.2,30,1,3
938,20240312,253,True,16.0,90,3,1
939,20240610,253,True,3.1,180,6,4
940,20241207,253,True,13.4,360,12,3
941,20250605,253,True,21.7,540,18,3
942,20250729,254,True,16.4,30,1,4
943,20250927,254,True,15.3,90,3,4
944,20251226,254,True,2.4,180,6,5
945,20260624,254,True,16.6,360,12,3
946,20220227,256,True,14.2,30,1,3
947,20220428,256,True,16.8,90,3,2
948,20220727,256,True,19.6,180,6,3
949,20230123,256,True,17.8,360,12,3
950,20230821,257,True,9.8,30,1,4
951,20231020,257,True,16.3,90,3,4
952,20240118,257,True,4.5,180,6,3
953,20240716,257,True,20.9,360,12,5
954,20241124,258,True,17.7,30,1,3
955,20250123,258,True,7.0,90,3,3
956,20250423,258,True,3.6,180,6,4
957,20251020,258,True,12.5,360,12,5
958,20260418,258,True,6.3,540,18,3
959,20240608,259,True,12.3,30,1,3
960,20240807,259,True,4.4,90,3,3
961,20241105,259,True,10.3,180,6,3
962,20250504,259,True,17.0,360,12,3
963,20251031,259,True,2.2,540,18,5
964,20211220,260,True,16.8,30,1,3
965,20220218,260,True,20.7,90,3,3
966,20220519,260,True,11.9,180,6,3
967,20221115,260,True,21.0,360,12,4
968,20230514,260,True,19.9,540,18,3
969,20220429,261,True,16.7,30,1,3
970,20220628,261,True,14.2,90,3,3
971,20220926,261,True,14.0,180,6,3
972,20230404,262,True,18.3,30,1,2
973,20230603,262,True,15.0,90,3,3
974,20230901,262,True,18.1,180,6,4
975,20240228,262,True,4.4,360,12,3
976,20240607,263,True,15.7,30,1,4
977,20240806,263,True,19.8,90,3,5
978,20241104,263,True,13.8,180,6,3
979,20250503,263,True,14.9,360,12,3
980,20251030,263,True,8.2,540,18,4
981,20211110,264,True,17.8,30,1,3
982,20220109,264,True,6.1,90,3,3
983,20220409,264,True,11.1,180,6,3
984,20221006,264,True,11.9,360,12,3
985,20221116,265,True,13.3,30,1,4
986,20230115,265,True,23.5,90,3,3
987,20230415,265,True,10.0,180,6,3
988,20231012,265,True,17.1,360,12,2
989,20240405,266,True,23.6,30,1,5
990,20240604,266,True,17.2,90,3,3
991,20240902,266,True,18.1,180,6,3
992,20250301,266,True,19.3,360,12,4
993,20250828,266,True,17.8,540,18,3
994,20230523,267,True,2.3,30,1,5
995,20230722,267,True,13.4,90,3,3
996,20231020,267,True,7.5,180,6,3
997,20240417,267,True,16.4,360,12,3
998,20241014,267,True,5.2,540,18,3
999,20241208,268,True,12.0,30,1,3
1000,20250206,268,True,3.4,90,3,3
1001,20250507,268,True,20.9,180,6,5
1002,20251103,268,True,7.9,360,12,3
1003,20260502,268,True,4.9,540,18,4
1004,20231001,269,True,17.8,30,1,4
1005,20231130,269,True,16.0,90,3,3
1006,20240228,269,True,21.5,180,6,5
1007,20240826,269,True,7.6,360,12,3
1008,20250222,269,True,12.6,540,18,5
1009,20250521,270,True,14.9,30,1,3
1010,20250720,270,True,18.4,90,3,3
1011,20251018,270,True,6.8,180,6,3
1012,20260425,271,True,3.0,30,1,3
1013,20250620,272,True,3.7,30,1,1
1014,20250819,272,True,17.3,90,3,5
1015,20251117,272,True,2.9,180,6,3
1016,20260527,273,True,5.1,30,1,4
1017,20211027,274,True,3.5,30,1,2
1018,20211226,274,True,19.1,90,3,3
1019,20220326,274,True,10.5,180,6,3
1020,20220922,274,True,12.1,360,12,3
1021,20230321,274,True,7.8,540,18,3
1022,20221226,275,True,16.8,30,1,2
1023,20230224,275,True,11.3,90,3,3
1024,20230525,275,True,22.2,180,6,3
1025,20231121,275,True,4.9,360,12,4
1026,20240519,275,True,11.4,540,18,2
1027,20240511,276,True,7.7,30,1,2
1028,20240710,276,True,22.9,90,3,4
1029,20241008,276,True,23.1,180,6,2
1030,20250329,277,True,20.7,30,1,3
1031,20250528,277,True,7.5,90,3,3
1032,20250826,277,True,5.6,180,6,3
1033,20260222,277,True,8.2,360,12,1
1034,20260821,277,True,22.5,540,18,5
1035,20210920,279,True,13.4,30,1,2
1036,20211119,279,True,22.7,90,3,3
1037,20220217,279,True,21.2,180,6,5
1038,20220816,279,True,21.4,360,12,3
1039,20230212,279,True,5.4,540,18,5
1040,20220122,280,True,18.3,30,1,1
1041,20220323,280,True,6.1,90,3,3
1042,20220621,280,True,8.0,180,6,5
1043,20221210,281,True,7.4,30,1,3
1044,20230208,281,True,4.6,90,3,4
1045,20230509,281,True,22.1,180,6,5
1046,20231105,281,True,23.6,360,12,3
1047,20240503,281,True,23.0,540,18,2
1048,20210626,282,True,15.5,30,1,3
1049,20210825,282,True,14.0,90,3,3
1050,20211123,282,True,15.5,180,6,3
1051,20220522,282,True,16.2,360,12,3
1052,20221108,283,True,3.1,30,1,3
1053,20230107,283,True,9.0,90,3,3
1054,20230407,283,True,3.4,180,6,4
1055,20231004,283,True,20.3,360,12,4
1056,20240401,283,True,18.5,540,18,3
1057,20230618,284,True,2.6,30,1,4
1058,20230817,284,True,19.2,90,3,2
1059,20231115,284,True,18.5,180,6,4
1060,20240513,284,True,2.0,360,12,3
1061,20240703,285,True,8.6,30,1,2
1062,20240901,285,True,12.2,90,3,3
1063,20241130,285,True,17.7,180,6,4
1064,20250529,285,True,2.0,360,12,3
1065,20251125,285,True,5.6,540,18,3
1066,20210711,286,True,17.3,30,1,3
1067,20210909,286,True,11.5,90,3,3
1068,20211208,286,True,21.5,180,6,3
1069,20220606,286,True,18.9,360,12,4
1070,20221005,287,True,6.9,30,1,3
1071,20221204,287,True,8.6,90,3,3
1072,20230304,287,True,7.1,180,6,3
1073,20230831,287,True,20.3,360,12,3
1074,20231120,288,True,8.5,30,1,3
1075,20240119,288,True,18.9,90,3,5
1076,20240418,288,True,15.1,180,6,3
1077,20241015,288,True,15.6,360,12,3
1078,20250413,288,True,10.4,540,18,3
1079,20230208,289,True,20.1,30,1,4
1080,20230409,289,True,18.8,90,3,2
1081,20230708,289,True,23.1,180,6,5
1082,20240104,289,True,16.9,360,12,3
1083,20240702,289,True,18.6,540,18,5
1084,20230326,290,True,7.5,30,1,3
1085,20230525,290,True,19.8,90,3,4
1086,20230823,290,True,9.7,180,6,3
1087,20240319,291,True,3.1,30,1,4
1088,20240518,291,True,15.1,90,3,3
1089,20240816,291,True,15.0,180,6,5
1090,20250212,291,True,9.8,360,12,2
1091,20250811,291,True,20.7,540,18,2
1092,20230724,292,True,6.4,30,1,3
1093,20230922,292,True,16.7,90,3,3
1094,20231221,292,True,3.4,180,6,3
1095,20240618,292,True,4.2,360,12,3
1096,20241215,292,True,7.5,540,18,4
1097,20220421,293,True,2.2,30,1,4
1098,20220620,293,True,3.3,90,3,3
1099,20220918,293,True,3.6,180,6,4
1100,20230317,293,True,17.9,360,12,4
1101,20230913,293,True,16.8,540,18,3
1102,20231209,294,True,19.3,30,1,3
1103,20240207,294,True,3.8,90,3,5
1104,20240507,294,True,22.8,180,6,3
1105,20241031,295,True,2.6,30,1,3
1106,20241230,295,True,11.8,90,3,2
1107,20250330,295,True,11.6,180,6,3
1108,20250926,295,True,3.3,360,12,3
1109,20260325,295,True,5.8,540,18,3
1110,20231214,296,True,8.4,30,1,3
1111,20240212,296,True,10.3,90,3,4
1112,20240512,296,True,9.1,180,6,3
1113,20241108,296,True,7.5,360,12,3
1114,20250507,296,True,16.4,540,18,3
1115,20250403,297,True,14.5,30,1,1
1116,20250602,297,True,8.2,90,3,4
1117,20250831,297,True,4.2,180,6,3
1118,20260227,297,True,10.2,360,12,4
1119,20220902,298,True,20.8,30,1,4
1120,20221101,298,True,8.8,90,3,3
1121,20230130,298,True,16.4,180,6,1
1122,20230729,298,True,8.1,360,12,4
1123,20231201,299,True,4.4,30,1,5
1124,20240130,299,True,7.4,90,3,4
1125,20240429,299,True,18.2,180,6,3
1126,20241009,300,True,10.8,30,1,2
1127,20241208,300,True,20.3,90,3,3
1128,20250308,300,True,9.0,180,6,5
1129,20250904,300,True,18.9,360,12,5
1130,20260303,300,True,6.2,540,18,3
1131,20240728,301,True,2.3,30,1,1
1132,20240926,301,True,21.7,90,3,2
1133,20241225,301,True,7.3,180,6,2
1134,20250623,301,True,10.7,360,12,4
1135,20251220,301,True,21.7,540,18,3
1136,20260227,302,True,14.5,30,1,3
1137,20260428,302,True,2.2,90,3,3
1138,20260727,302,True,4.9,180,6,5
1139,20270123,302,True,22.5,360,12,4
1140,20250320,304,True,14.9,30,1,3
1141,20250519,304,True,7.1,90,3,3
1142,20250817,304,True,8.0,180,6,5
1143,20260131,305,True,7.3,30,1,3
1144,20260401,305,True,12.9,90,3,2
1145,20230211,306,True,20.2,30,1,3
1146,20230412,306,True,10.2,90,3,3
1147,20230711,306,True,3.3,180,6,5
1148,20240107,306,True,12.0,360,12,2
1149,20240419,307,True,17.5,30,1,4
1150,20240618,307,True,8.9,90,3,5
1151,20240916,307,True,16.5,180,6,2
1152,20250315,307,True,15.2,360,12,3
1153,20250911,307,True,16.2,540,18,3
1154,20250408,308,True,3.6,30,1,3
1155,20250607,308,True,15.0,90,3,5
1156,20250905,308,True,22.6,180,6,3
1157,20260304,308,True,12.4,360,12,5
1158,20260612,309,True,4.2,30,1,4
1159,20260811,309,True,17.6,90,3,4
1160,20261109,309,True,12.2,180,6,3
1161,20230110,311,True,20.7,30,1,4
1162,20230311,311,True,20.6,90,3,3
1163,20230609,311,True,8.5,180,6,3
1164,20231206,311,True,5.3,360,12,3
1165,20240603,311,True,5.6,540,18,3
1166,20240807,312,True,23.1,30,1,3
1167,20241006,312,True,20.6,90,3,4
1168,20250104,312,True,19.5,180,6,3
1169,20250703,312,True,18.9,360,12,4
1170,20250819,313,True,7.4,30,1,3
1171,20251018,313,True,3.9,90,3,3
1172,20260116,313,True,19.2,180,6,3
1173,20250306,314,True,11.8,30,1,4
1174,20250505,314,True,16.6,90,3,3
1175,20250803,314,True,22.5,180,6,4
1176,20260130,314,True,18.8,360,12,3
1177,20260708,315,True,3.0,30,1,2
1178,20260906,315,True,22.3,90,3,4
1179,20261205,315,True,6.3,180,6,3
1180,20270603,315,True,14.5,360,12,3
1181,20230307,317,True,15.7,30,1,4
1182,20230506,317,True,10.1,90,3,5
1183,20230804,317,True,12.4,180,6,4
1184,20240131,317,True,13.6,360,12,3
1185,20240504,318,True,6.6,30,1,5
1186,20240703,318,True,3.7,90,3,3
1187,20241001,318,True,12.2,180,6,3
1188,20250330,318,True,10.3,360,12,3
1189,20250926,318,True,18.1,540,18,4
1190,20230828,319,True,19.6,30,1,5
1191,20231027,319,True,4.0,90,3,3
1192,20240125,319,True,23.2,180,6,3
1193,20240723,319,True,7.7,360,12,1
1194,20241105,320,True,14.6,30,1,4
1195,20250104,320,True,8.0,90,3,1
1196,20250404,320,True,13.4,180,6,2
1197,20251001,320,True,13.5,360,12,3
1198,20260330,320,True,2.8,540,18,3
1199,20260530,321,True,19.5,30,1,3
1200,20260729,321,True,17.9,90,3,3
1201,20261027,321,True,4.6,180,6,3
1202,20270425,321,True,11.3,360,12,3
1203,20211206,323,True,15.6,30,1,2
1204,20220204,323,True,11.6,90,3,4
1205,20220505,323,True,17.9,180,6,3
1206,20221101,323,True,19.7,360,12,3
1207,20230418,324,True,2.1,30,1,5
1208,20230617,324,True,12.5,90,3,3
1209,20230915,324,True,16.0,180,6,3
1210,20240313,324,True,4.7,360,12,4
1211,20240909,324,True,18.2,540,18,3
1212,20230818,325,True,2.7,30,1,4
1213,20231017,325,True,20.2,90,3,5
1214,20240115,325,True,13.5,180,6,3
1215,20240713,325,True,2.7,360,12,3
1216,20240426,326,True,12.8,30,1,4
1217,20240625,326,True,6.6,90,3,3
1218,20240923,326,True,7.7,180,6,4
1219,20250322,326,True,17.8,360,12,4
1220,20250918,326,True,16.3,540,18,3
1221,20250518,327,True,13.7,30,1,4
1222,20250717,327,True,23.7,90,3,2
1223,20251015,327,True,16.3,180,6,4
1224,20260413,327,True,15.7,360,12,5
1225,20240516,328,True,12.7,30,1,1
1226,20240715,328,True,2.5,90,3,3
1227,20241013,328,True,19.6,180,6,2
1228,20250411,328,True,23.8,360,12,5
1229,20250614,329,True,4.6,30,1,3
1230,20250813,329,True,19.7,90,3,4
1231,20251111,329,True,12.4,180,6,5
1232,20260510,329,True,22.6,360,12,5
1233,20261106,329,True,23.0,540,18,3
1234,20241230,331,True,9.4,30,1,3
1235,20250228,331,True,21.6,90,3,4
1236,20240209,332,True,5.9,30,1,3
1237,20240409,332,True,17.7,90,3,3
1238,20240708,332,True,23.0,180,6,3
1239,20250104,332,True,15.9,360,12,3
1240,20250703,332,True,12.8,540,18,3
1241,20250721,333,True,11.8,30,1,3
1242,20250919,333,True,13.2,90,3,3
1243,20251218,333,True,14.7,180,6,4
1244,20260616,333,True,23.0,360,12,3
1245,20261003,334,True,12.7,30,1,3
1246,20261202,334,True,15.1,90,3,2
1247,20270302,334,True,12.8,180,6,3
1248,20270829,334,True,22.0,360,12,3
1249,20221210,336,True,11.7,30,1,5
1250,20230208,336,True,17.8,90,3,3
1251,20230509,336,True,23.2,180,6,3
1252,20231105,336,True,22.8,360,12,3
1253,20240503,336,True,7.2,540,18,3
1254,20230310,337,True,20.7,30,1,2
1255,20230509,337,True,3.5,90,3,3
1256,20230807,337,True,24.0,180,6,5
1257,20240301,338,True,3.1,30,1,4
1258,20240430,338,True,19.9,90,3,3
1259,20240729,338,True,17.0,180,6,5
1260,20250125,338,True,21.7,360,12,2
1261,20250724,338,True,16.8,540,18,3
1262,20231207,339,True,10.0,30,1,4
1263,20240205,339,True,13.1,90,3,3
1264,20240505,339,True,22.3,180,6,3
1265,20241101,339,True,10.6,360,12,3
1266,20250105,340,True,23.8,30,1,3
1267,20250306,340,True,15.4,90,3,2
1268,20250604,340,True,3.8,180,6,2
1269,20251201,340,True,10.0,360,12,4
1270,20211013,341,True,17.5,30,1,3
1271,20211212,341,True,22.0,90,3,3
1272,20220312,341,True,15.4,180,6,3
1273,20220908,341,True,16.5,360,12,3
1274,20230307,341,True,2.8,540,18,3
1275,20230716,342,True,10.4,30,1,3
1276,20230914,342,True,3.6,90,3,3
1277,20231213,342,True,20.7,180,6,2
1278,20240610,342,True,21.3,360,12,4
1279,20241207,342,True,21.4,540,18,3
1280,20230324,343,True,7.6,30,1,4
1281,20230523,343,True,21.3,90,3,5
1282,20230821,343,True,6.4,180,6,5
1283,20240217,343,True,9.9,360,12,3
1284,20240529,344,True,21.4,30,1,5
1285,20240728,344,True,9.2,90,3,4
1286,20241026,344,True,7.7,180,6,4
1287,20250424,344,True,13.1,360,12,3
1288,20251021,344,True,9.6,540,18,2
1289,20220206,345,True,19.9,30,1,3
1290,20220407,345,True,21.5,90,3,3
1291,20220706,345,True,11.6,180,6,3
1292,20230102,345,True,12.9,360,12,3
1293,20230607,346,True,15.5,30,1,3
1294,20230806,346,True,8.1,90,3,3
1295,20231104,346,True,11.0,180,6,2
1296,20240502,346,True,17.5,360,12,5
1297,20241029,346,True,8.2,540,18,2
1298,20231108,347,True,5.2,30,1,2
1299,20240107,347,True,23.9,90,3,5
1300,20240406,347,True,8.3,180,6,4
1301,20241010,348,True,15.9,30,1,3
1302,20241209,348,True,4.6,90,3,3
1303,20250309,348,True,17.2,180,6,4
1304,20250905,348,True,10.1,360,12,5
1305,20260304,348,True,15.5,540,18,2
1306,20260525,349,True,21.9,30,1,3
1307,20220414,350,True,14.3,30,1,3
1308,20220613,350,True,10.1,90,3,4
1309,20220911,350,True,14.2,180,6,3
1310,20230310,350,True,17.9,360,12,3
1311,20230906,350,True,19.5,540,18,4
1312,20230106,351,True,7.1,30,1,2
1313,20230307,351,True,2.5,90,3,4
1314,20230605,351,True,23.8,180,6,3
1315,20231202,351,True,9.7,360,12,3
1316,20240530,351,True,8.1,540,18,4
1317,20220908,352,True,20.1,30,1,4
1318,20221107,352,True,4.3,90,3,4
1319,20230205,352,True,19.8,180,6,5
1320,20230804,352,True,9.9,360,12,3
1321,20231115,353,True,19.8,30,1,4
1322,20240114,353,True,17.5,90,3,3
1323,20240413,353,True,2.4,180,6,4
1324,20241010,353,True,14.6,360,12,3
1325,20250408,353,True,9.2,540,18,5
1326,20240115,354,True,20.7,30,1,5
1327,20240315,354,True,7.1,90,3,3
1328,20240613,354,True,5.0,180,6,1
1329,20241119,355,True,13.3,30,1,3
1330,20250118,355,True,6.2,90,3,4
1331,20250418,355,True,10.9,180,6,4
1332,20251015,355,True,7.3,360,12,3
1333,20260413,355,True,7.3,540,18,2
1334,20260526,356,True,16.6,30,1,5
1335,20241105,357,True,21.8,30,1,3
1336,20250104,357,True,15.3,90,3,2
1337,20250404,357,True,16.8,180,6,3
1338,20251001,357,True,9.0,360,12,1
1339,20260330,357,True,4.2,540,18,3
1340,20221026,359,True,19.6,30,1,1
1341,20221225,359,True,22.9,90,3,5
1342,20230325,359,True,10.8,180,6,2
1343,20230921,359,True,10.7,360,12,2
1344,20240405,360,True,2.9,30,1,5
1345,20240604,360,True,14.1,90,3,5
1346,20240902,360,True,11.2,180,6,3
1347,20250301,360,True,3.6,360,12,3
1348,20250828,360,True,8.5,540,18,3
1349,20240925,361,True,20.2,30,1,3
1350,20241124,361,True,23.8,90,3,3
1351,20250222,361,True,10.5,180,6,3
1352,20250821,361,True,17.0,360,12,4
1353,20260215,362,True,10.4,30,1,3
1354,20260416,362,True,14.7,90,3,3
1355,20250109,363,True,7.2,30,1,5
1356,20250310,363,True,22.7,90,3,3
1357,20250608,363,True,10.1,180,6,3
1358,20251205,363,True,10.8,360,12,4
1359,20220312,364,True,10.7,30,1,3
1360,20220511,364,True,23.6,90,3,1
1361,20220809,364,True,16.7,180,6,5
1362,20230205,364,True,6.4,360,12,3
1363,20230804,364,True,8.3,540,18,3
1364,20241203,365,True,13.5,30,1,4
1365,20250201,365,True,10.5,90,3,3
1366,20250502,365,True,8.6,180,6,3
1367,20251029,365,True,11.4,360,12,3
1368,20230414,366,True,11.9,30,1,3
1369,20230613,366,True,13.5,90,3,4
1370,20230911,366,True,21.7,180,6,3
1371,20240309,366,True,19.2,360,12,3
1372,20221210,367,True,23.4,30,1,3
1373,20230208,367,True,4.1,90,3,3
1374,20230509,367,True,11.4,180,6,3
1375,20231128,368,True,20.9,30,1,5
1376,20240127,368,True,14.2,90,3,3
1377,20240426,368,True,3.7,180,6,3
1378,20241023,368,True,15.0,360,12,5
1379,20250421,368,True,18.3,540,18,4
1380,20220113,369,True,23.4,30,1,3
1381,20220314,369,True,6.5,90,3,5
1382,20220612,369,True,4.1,180,6,3
1383,20241123,370,True,2.3,30,1,4
1384,20250122,370,True,15.1,90,3,3
1385,20250422,370,True,16.7,180,6,3
1386,20251019,370,True,23.6,360,12,3
1387,20260307,371,True,11.6,30,1,5
1388,20260506,371,True,13.9,90,3,3
1389,20231221,372,True,20.2,30,1,3
1390,20240219,372,True,2.8,90,3,3
1391,20240519,372,True,23.5,180,6,2
1392,20241209,373,True,23.5,30,1,3
1393,20250207,373,True,3.0,90,3,3
1394,20250508,373,True,13.1,180,6,3
1395,20251104,373,True,5.0,360,12,3
1396,20260327,374,True,2.4,30,1,2
1397,20260526,374,True,5.4,90,3,3
1398,20221003,375,True,17.0,30,1,3
1399,20221202,375,True,11.7,90,3,3
1400,20230302,375,True,6.6,180,6,4
1401,20230823,376,True,20.5,30,1,4
1402,20231022,376,True,22.6,90,3,3
1403,20240120,376,True,16.0,180,6,3
1404,20240811,377,True,7.7,30,1,3
1405,20241010,377,True,9.6,90,3,3
1406,20250108,377,True,19.1,180,6,4
1407,20250707,377,True,12.3,360,12,3
1408,20260103,377,True,9.2,540,18,3
1409,20240318,378,True,7.0,30,1,5
1410,20240517,378,True,18.5,90,3,3
1411,20240815,378,True,8.2,180,6,5
1412,20250211,378,True,8.5,360,12,4
1413,20250810,378,True,14.1,540,18,3
1414,20211027,379,True,10.9,30,1,4
1415,20211226,379,True,5.3,90,3,3
1416,20220326,379,True,3.6,180,6,3
1417,20220910,380,True,21.1,30,1,2
1418,20221109,380,True,14.2,90,3,1
1419,20230207,380,True,11.2,180,6,1
1420,20230806,380,True,10.6,360,12,5
1421,20240202,380,True,17.5,540,18,5
1422,20230331,381,True,17.9,30,1,3
1423,20230530,381,True,21.1,90,3,3
1424,20230828,381,True,22.6,180,6,3
1425,20240224,381,True,20.6,360,12,4
1426,20240427,382,True,12.2,30,1,3
1427,20240626,382,True,14.5,90,3,3
1428,20240924,382,True,8.2,180,6,4
1429,20250304,383,True,4.4,30,1,4
1430,20250503,383,True,4.4,90,3,3
1431,20250801,383,True,23.3,180,6,2
1432,20260128,383,True,19.0,360,12,3
1433,20250113,384,True,10.1,30,1,4
1434,20250314,384,True,3.6,90,3,3
1435,20250612,384,True,5.1,180,6,1
1436,20251209,384,True,11.1,360,12,3
1437,20260607,384,True,12.1,540,18,4
1438,20240916,386,True,22.1,30,1,3
1439,20241115,386,True,21.1,90,3,4
1440,20250213,386,True,13.3,180,6,3
1441,20250812,386,True,7.9,360,12,3
1442,20251004,387,True,11.0,30,1,5
1443,20251203,387,True,8.0,90,3,3
1444,20260303,387,True,22.8,180,6,3
1445,20260830,387,True,18.9,360,12,5
1446,20270226,387,True,15.1,540,18,3
1447,20220907,389,True,6.4,30,1,4
1448,20221106,389,True,6.6,90,3,3
1449,20230204,389,True,6.3,180,6,3
1450,20230803,389,True,7.4,360,12,5
1451,20240130,389,True,14.5,540,18,3
1452,20241113,390,True,11.7,30,1,4
1453,20250112,390,True,10.5,90,3,4
1454,20250412,390,True,23.0,180,6,3
1455,20251009,390,True,12.7,360,12,3
1456,20230628,391,True,22.0,30,1,3
1457,20230827,391,True,19.0,90,3,3
1458,20231125,391,True,18.7,180,6,1
1459,20240523,391,True,10.2,360,12,3
1460,20241203,392,True,10.2,30,1,4
1461,20250201,392,True,15.8,90,3,4
1462,20250502,392,True,10.3,180,6,3
1463,20251029,392,True,3.2,360,12,3
1464,20260422,393,True,14.6,30,1,3
1465,20240419,394,True,22.3,30,1,4
1466,20240618,394,True,11.9,90,3,4
1467,20240916,394,True,10.2,180,6,1
1468,20250315,394,True,21.7,360,12,5
1469,20251011,395,True,2.1,30,1,3
1470,20251210,395,True,14.9,90,3,5
1471,20260310,395,True,3.3,180,6,3
1472,20210915,396,True,5.0,30,1,3
1473,20211114,396,True,8.7,90,3,5
1474,20220212,396,True,22.8,180,6,2
1475,20220811,396,True,3.6,360,12,3
1476,20230207,396,True,21.5,540,18,4
1477,20240526,397,True,16.1,30,1,3
1478,20240725,397,True,6.1,90,3,3
1479,20241023,397,True,2.8,180,6,3
1480,20250421,397,True,21.8,360,12,3
1481,20230823,398,True,22.7,30,1,3
1482,20231022,398,True,12.8,90,3,3
1483,20240120,398,True,10.5,180,6,3
1484,20240718,398,True,21.8,360,12,3
1485,20241203,399,True,2.8,30,1,4
1486,20250201,399,True,9.4,90,3,4
1487,20250502,399,True,20.6,180,6,5
1488,20251029,399,True,20.7,360,12,2
1489,20260210,400,True,20.9,30,1,3
1490,20260411,400,True,9.7,90,3,3
1491,20210906,401,True,14.1,30,1,3
1492,20211105,401,True,8.2,90,3,3
1493,20220203,401,True,3.6,180,6,5
1494,20240525,402,True,4.8,30,1,4
1495,20240724,402,True,8.9,90,3,3
1496,20241022,402,True,7.3,180,6,3
1497,20250420,402,True,19.9,360,12,2
1498,20250815,403,True,19.6,30,1,3
1499,20251014,403,True,15.6,90,3,1
1500,20260112,403,True,11.6,180,6,3
1501,20260711,403,True,5.6,360,12,3
1502,20250708,405,True,9.8,30,1,5
1503,20250906,405,True,2.5,90,3,3
1504,20251205,405,True,15.6,180,6,3
1505,20260603,405,True,18.1,360,12,3
1506,20260705,406,True,8.8,30,1,5
1507,20260903,406,True,14.6,90,3,1
1508,20261202,406,True,15.9,180,6,3
1509,20230709,408,True,8.7,30,1,2
1510,20230907,408,True,12.4,90,3,3
1511,20231206,408,True,22.6,180,6,3
1512,20240603,408,True,18.8,360,12,2
1513,20240923,409,True,24.0,30,1,4
1514,20241122,409,True,21.2,90,3,3
1515,20250220,409,True,10.2,180,6,3
1516,20250819,409,True,2.1,360,12,3
1517,20260215,409,True,18.9,540,18,1
1518,20210716,410,True,14.4,30,1,3
1519,20210914,410,True,4.9,90,3,1
1520,20211213,410,True,7.8,180,6,4
1521,20220611,410,True,6.1,360,12,2
1522,20220801,411,True,13.6,30,1,3
1523,20220930,411,True,11.9,90,3,3
1524,20221229,411,True,18.0,180,6,5
1525,20230627,411,True,19.4,360,12,2
1526,20231224,411,True,6.0,540,18,3
1527,20230501,412,True,22.8,30,1,4
1528,20230630,412,True,6.9,90,3,1
1529,20230928,412,True,19.6,180,6,2
1530,20240326,412,True,11.2,360,12,3
1531,20240731,413,True,6.7,30,1,3
1532,20240929,413,True,16.8,90,3,2
1533,20241228,413,True,15.3,180,6,5
1534,20250626,413,True,13.7,360,12,5
1535,20251223,413,True,12.7,540,18,3
1536,20230620,414,True,23.6,30,1,3
1537,20230819,414,True,23.5,90,3,2
1538,20231117,414,True,15.7,180,6,3
1539,20240515,414,True,22.4,360,12,3
1540,20250630,415,True,20.5,30,1,3
1541,20250829,415,True,15.4,90,3,5
1542,20251127,415,True,18.2,180,6,3
1543,20260526,415,True,10.0,360,12,3
1544,20220807,416,True,20.5,30,1,4
1545,20221006,416,True,23.9,90,3,3
1546,20230104,416,True,4.2,180,6,3
1547,20230703,416,True,8.9,360,12,2
1548,20231230,416,True,23.7,540,18,3
1549,20240222,417,True,8.7,30,1,2
1550,20240422,417,True,13.2,90,3,3
1551,20240721,417,True,7.1,180,6,1
1552,20250117,417,True,4.4,360,12,4
1553,20250716,417,True,16.4,540,18,1
1554,20230914,418,True,12.6,30,1,3
1555,20231113,418,True,8.3,90,3,2
1556,20240211,418,True,13.8,180,6,4
1557,20240824,419,True,22.5,30,1,3
1558,20241023,419,True,12.4,90,3,5
1559,20250121,419,True,15.5,180,6,3
1560,20250720,419,True,11.8,360,12,3
1561,20260116,419,True,8.8,540,18,3
1562,20240420,420,True,10.3,30,1,3
1563,20240619,420,True,6.5,90,3,1
1564,20240917,420,True,14.2,180,6,4
1565,20250316,420,True,11.4,360,12,3
1566,20250912,420,True,22.3,540,18,3
1567,20230505,421,True,16.6,30,1,5
1568,20230704,421,True,3.8,90,3,3
1569,20231002,421,True,4.5,180,6,2
1570,20240330,421,True,10.1,360,12,3
1571,20240926,421,True,10.3,540,18,1
1572,20230608,422,True,19.3,30,1,3
1573,20230807,422,True,2.7,90,3,4
1574,20231105,422,True,18.5,180,6,3
1575,20240503,422,True,6.6,360,12,3
1576,20241030,422,True,15.0,540,18,1
1577,20250127,423,True,13.3,30,1,3
1578,20250328,423,True,15.4,90,3,2
1579,20250626,423,True,21.3,180,6,4
1580,20260114,424,True,13.6,30,1,3
1581,20260315,424,True,20.3,90,3,5
1582,20230516,425,True,6.7,30,1,4
1583,20230715,425,True,21.2,90,3,4
1584,20231013,425,True,21.9,180,6,3
1585,20240410,425,True,18.9,360,12,2
1586,20241007,425,True,2.9,540,18,3
1587,20230205,426,True,16.5,30,1,3
1588,20230406,426,True,7.5,90,3,4
1589,20230705,426,True,8.6,180,6,3
1590,20240101,426,True,20.1,360,12,4
1591,20240510,427,True,12.1,30,1,3
1592,20240709,427,True,12.9,90,3,3
1593,20241007,427,True,6.0,180,6,4
1594,20250405,427,True,4.8,360,12,3
1595,20250621,428,True,2.9,30,1,3
1596,20250820,428,True,19.3,90,3,4
1597,20251118,428,True,16.9,180,6,3
1598,20260517,428,True,13.9,360,12,3
1599,20241114,429,True,15.0,30,1,5
1600,20250113,429,True,10.9,90,3,2
1601,20250413,429,True,4.8,180,6,3
1602,20251010,429,True,17.3,360,12,3
1603,20251127,430,True,23.6,30,1,3
1604,20260126,430,True,20.5,90,3,4
1605,20260426,430,True,16.7,180,6,4
1606,20240610,432,True,12.6,30,1,2
1607,20240809,432,True,11.3,90,3,5
1608,20241107,432,True,20.8,180,6,4
1609,20250506,432,True,3.5,360,12,3
1610,20251102,432,True,15.6,540,18,3
1611,20251203,433,True,21.6,30,1,4
1612,20260201,433,True,15.7,90,3,3
1613,20260502,433,True,20.1,180,6,4
1614,20261029,433,True,9.5,360,12,3
1615,20231219,435,True,19.6,30,1,2
1616,20240217,435,True,6.3,90,3,2
1617,20240517,435,True,10.5,180,6,4
1618,20241113,435,True,21.4,360,12,5
1619,20250427,436,True,4.4,30,1,3
1620,20250626,436,True,10.1,90,3,2
1621,20250924,436,True,20.9,180,6,1
1622,20260323,436,True,5.0,360,12,5
1623,20231204,438,True,13.2,30,1,3
1624,20240202,438,True,22.1,90,3,3
1625,20240502,438,True,8.6,180,6,3
1626,20241119,439,True,17.3,30,1,4
1627,20250118,439,True,10.5,90,3,3
1628,20250418,439,True,21.6,180,6,3
1629,20251015,439,True,10.1,360,12,3
1630,20260413,439,True,7.1,540,18,5
1631,20210927,440,True,17.3,30,1,2
1632,20211126,440,True,14.5,90,3,3
1633,20220224,440,True,11.2,180,6,4
1634,20220823,440,True,20.1,360,12,2
1635,20221127,441,True,2.7,30,1,3
1636,20230126,441,True,17.3,90,3,1
1637,20230426,441,True,14.2,180,6,4
1638,20231029,442,True,13.5,30,1,5
1639,20231228,442,True,14.0,90,3,3
1640,20240327,442,True,22.4,180,6,2
1641,20240923,442,True,13.5,360,12,2
1642,20250322,442,True,16.8,540,18,2
1643,20230621,443,True,20.7,30,1,4
1644,20230820,443,True,11.3,90,3,4
1645,20231118,443,True,21.6,180,6,5
1646,20240516,443,True,8.6,360,12,3
1647,20241112,443,True,21.5,540,18,3
1648,20210704,444,True,3.1,30,1,2
1649,20210902,444,True,15.2,90,3,3
1650,20211201,444,True,19.9,180,6,3
1651,20220530,444,True,10.7,360,12,3
1652,20221107,445,True,5.2,30,1,3
1653,20230106,445,True,4.8,90,3,3
1654,20230406,445,True,9.8,180,6,3
1655,20231003,445,True,9.3,360,12,3
1656,20240331,445,True,21.2,540,18,3
1657,20220115,446,True,10.9,30,1,3
1658,20220316,446,True,10.6,90,3,3
1659,20220614,446,True,10.4,180,6,2
1660,20221211,446,True,12.4,360,12,3
1661,20230409,447,True,23.6,30,1,5
1662,20230608,447,True,2.4,90,3,1
1663,20230906,447,True,12.5,180,6,2
1664,20240304,447,True,21.5,360,12,3
1665,20240831,447,True,9.0,540,18,3
1666,20240807,448,True,7.0,30,1,3
1667,20241006,448,True,14.3,90,3,4
1668,20220816,449,True,9.6,30,1,3
1669,20221015,449,True,15.0,90,3,3
1670,20230113,449,True,13.4,180,6,3
1671,20230712,449,True,16.3,360,12,4
1672,20240108,449,True,13.7,540,18,3
1673,20240328,450,True,4.4,30,1,3
1674,20240527,450,True,9.4,90,3,3
1675,20240825,450,True,15.9,180,6,3
1676,20250221,450,True,17.8,360,12,3
1677,20250820,450,True,18.1,540,18,5
1678,20241019,451,True,23.2,30,1,2
1679,20241218,451,True,3.7,90,3,1
1680,20250318,451,True,10.8,180,6,3
1681,20250914,451,True,22.6,360,12,1
1682,20251210,452,True,21.7,30,1,2
1683,20260208,452,True,12.4,90,3,3
1684,20260509,452,True,14.0,180,6,3
1685,20220709,453,True,9.5,30,1,3
1686,20220907,453,True,18.9,90,3,3
1687,20221206,453,True,23.1,180,6,3
1688,20230604,453,True,14.7,360,12,2
1689,20231201,453,True,16.5,540,18,1
1690,20230424,454,True,5.1,30,1,3
1691,20230623,454,True,21.6,90,3,3
1692,20230921,454,True,20.4,180,6,5
1693,20240319,454,True,9.8,360,12,3
1694,20240915,454,True,11.7,540,18,3
1695,20231024,455,True,7.4,30,1,4
1696,20231223,455,True,7.7,90,3,4
1697,20240322,455,True,21.8,180,6,3
1698,20240918,455,True,5.2,360,12,3
1699,20210907,456,True,17.2,30,1,4
1700,20211106,456,True,22.4,90,3,5
1701,20220204,456,True,9.2,180,6,3
1702,20220803,456,True,20.8,360,12,3
1703,20230202,457,True,9.0,30,1,3
1704,20230403,457,True,9.6,90,3,5
1705,20230702,457,True,16.2,180,6,3
1706,20231229,457,True,20.8,360,12,2
1707,20240626,457,True,12.1,540,18,3
1708,20240819,458,True,21.2,30,1,4
1709,20241018,458,True,8.7,90,3,3
1710,20250116,458,True,4.2,180,6,5
1711,20250715,458,True,23.1,360,12,3
1712,20260111,458,True,22.4,540,18,5
1713,20220117,459,True,6.2,30,1,4
1714,20220318,459,True,21.0,90,3,3
1715,20220616,459,True,2.2,180,6,3
1716,20221213,459,True,7.0,360,12,3
1717,20230522,460,True,9.8,30,1,4
1718,20230721,460,True,6.6,90,3,5
1719,20231019,460,True,2.4,180,6,5
1720,20240420,461,True,9.1,30,1,4
1721,20240619,461,True,4.0,90,3,3
1722,20240917,461,True,8.1,180,6,4
1723,20250316,461,True,14.6,360,12,4
1724,20250912,461,True,6.2,540,18,2
1725,20220128,462,True,6.4,30,1,3
1726,20220329,462,True,12.4,90,3,4
1727,20220627,462,True,22.6,180,6,3
1728,20221210,463,True,20.0,30,1,3
1729,20230208,463,True,20.6,90,3,3
1730,20230509,463,True,3.3,180,6,3
1731,20231011,464,True,15.9,30,1,2
1732,20231210,464,True,2.6,90,3,4
1733,20240309,464,True,4.8,180,6,2
1734,20240905,464,True,6.0,360,12,4
1735,20250304,464,True,19.0,540,18,4
1736,20220517,465,True,21.9,30,1,3
1737,20220716,465,True,17.2,90,3,3
1738,20221014,465,True,2.0,180,6,5
1739,20230412,465,True,18.4,360,12,3
1740,20230604,466,True,12.6,30,1,4
1741,20230803,466,True,21.9,90,3,3
1742,20231101,466,True,10.6,180,6,3
1743,20240429,466,True,9.6,360,12,3
1744,20241026,466,True,2.2,540,18,3
1745,20250801,467,True,20.1,30,1,5
1746,20250930,467,True,23.3,90,3,1
1747,20251229,467,True,8.3,180,6,3
1748,20220630,468,True,11.3,30,1,2
1749,20220829,468,True,8.5,90,3,3
1750,20221127,468,True,8.4,180,6,3
1751,20230526,468,True,13.3,360,12,2
1752,20231218,469,True,5.4,30,1,4
1753,20240216,469,True,9.9,90,3,3
1754,20240516,469,True,8.6,180,6,1
1755,20241112,469,True,14.9,360,12,2
1756,20250127,470,True,4.4,30,1,2
1757,20250328,470,True,23.1,90,3,3
1758,20250626,470,True,12.0,180,6,4
1759,20251223,470,True,13.8,360,12,3
1760,20240918,471,True,15.4,30,1,1
1761,20241117,471,True,7.2,90,3,3
1762,20250215,471,True,11.0,180,6,3
1763,20250814,471,True,3.1,360,12,3
1764,20260210,471,True,6.4,540,18,1
1765,20211014,472,True,5.3,30,1,3
1766,20211213,472,True,13.9,90,3,3
1767,20220313,472,True,15.3,180,6,5
1768,20220909,472,True,10.4,360,12,3
1769,20221023,473,True,16.7,30,1,4
1770,20221222,473,True,18.0,90,3,3
1771,20230322,473,True,12.5,180,6,5
1772,20230918,473,True,20.4,360,12,4
1773,20240324,474,True,2.3,30,1,3
1774,20240523,474,True,6.7,90,3,3
1775,20240821,474,True,24.0,180,6,3
1776,20250217,474,True,22.7,360,12,3
1777,20250816,474,True,22.4,540,18,3
1778,20250515,475,True,8.2,30,1,4
1779,20250714,475,True,14.4,90,3,1
1780,20251012,475,True,7.5,180,6,4
1781,20260410,475,True,7.7,360,12,3
1782,20230907,476,True,18.6,30,1,3
1783,20231106,476,True,10.7,90,3,1
1784,20240204,476,True,16.4,180,6,3
1785,20240802,476,True,16.0,360,12,5
1786,20250129,476,True,7.3,540,18,3
1787,20240406,477,True,10.9,30,1,5
1788,20240605,477,True,20.8,90,3,2
1789,20240903,477,True,18.4,180,6,2
1790,20250302,477,True,3.9,360,12,4
1791,20250829,477,True,15.2,540,18,4
1792,20240806,478,True,23.9,30,1,3
1793,20241005,478,True,16.1,90,3,5
1794,20250103,478,True,6.6,180,6,3
1795,20250702,478,True,6.7,360,12,3
1796,20251229,478,True,2.9,540,18,4
1797,20250222,479,True,7.4,30,1,3
1798,20250423,479,True,19.1,90,3,5
1799,20250722,479,True,21.9,180,6,5
1800,20260118,479,True,21.1,360,12,3
1801,20250708,480,True,5.2,30,1,3
1802,20250906,480,True,18.3,90,3,3
1803,20251205,480,True,18.8,180,6,2
1804,20250406,481,True,22.7,30,1,3
1805,20250605,481,True,4.3,90,3,3
1806,20250903,481,True,21.2,180,6,3
1807,20260302,481,True,8.1,360,12,5
1808,20260815,482,True,5.4,30,1,4
1809,20261014,482,True,18.4,90,3,3
1810,20270112,482,True,21.8,180,6,2
1811,20240706,484,True,2.5,30,1,4
1812,20240904,484,True,11.2,90,3,2
1813,20241203,484,True,7.8,180,6,3
1814,20250601,484,True,21.2,360,12,3
1815,20250805,485,True,20.0,30,1,4
1816,20251004,485,True,19.4,90,3,3
1817,20260102,485,True,4.3,180,6,2
1818,20220301,486,True,5.3,30,1,2
1819,20220430,486,True,13.3,90,3,3
1820,20220729,486,True,6.6,180,6,4
1821,20230125,486,True,4.5,360,12,3
1822,20230724,486,True,17.5,540,18,3
1823,20241228,487,True,3.4,30,1,1
1824,20250226,487,True,13.9,90,3,3
1825,20250527,487,True,7.6,180,6,3
1826,20251123,487,True,21.3,360,12,5
1827,20260522,487,True,9.4,540,18,5
1828,20221110,488,True,17.6,30,1,4
1829,20230109,488,True,3.9,90,3,3
1830,20230409,488,True,20.8,180,6,5
1831,20231006,488,True,10.4,360,12,3
1832,20240401,489,True,2.3,30,1,4
1833,20240531,489,True,18.3,90,3,3
1834,20240829,489,True,14.0,180,6,3
1835,20250225,489,True,19.1,360,12,2
1836,20250503,490,True,17.0,30,1,5
1837,20250702,490,True,20.4,90,3,3
1838,20250930,490,True,15.2,180,6,3
1839,20260329,490,True,15.4,360,12,2
1840,20230210,491,True,2.6,30,1,5
1841,20230411,491,True,21.1,90,3,1
1842,20230710,491,True,4.9,180,6,3
1843,20240106,491,True,21.8,360,12,5
1844,20240704,491,True,3.6,540,18,3
1845,20240923,492,True,14.8,30,1,2
1846,20241122,492,True,8.5,90,3,4
1847,20250220,492,True,14.2,180,6,2
1848,20250808,493,True,7.5,30,1,3
1849,20251007,493,True,11.7,90,3,3
1850,20260105,493,True,15.7,180,6,3
1851,20240914,494,True,3.4,30,1,3
1852,20241113,494,True,11.0,90,3,2
1853,20250211,494,True,19.2,180,6,4
1854,20220315,495,True,10.6,30,1,2
1855,20220514,495,True,8.8,90,3,2
1856,20220812,495,True,8.1,180,6,4
1857,20230227,496,True,15.0,30,1,4
1858,20230428,496,True,12.3,90,3,4
1859,20230727,496,True,10.6,180,6,3
1860,20240123,496,True,13.4,360,12,5
1861,20240516,497,True,6.9,30,1,3
1862,20240715,497,True,6.5,90,3,2
1863,20241013,497,True,7.0,180,6,3
1864,20250411,497,True,9.0,360,12,3
1865,20251008,497,True,21.7,540,18,3
1866,20250718,498,True,3.4,30,1,5
1867,20250916,498,True,12.2,90,3,3
1868,20251215,498,True,21.5,180,6,3
1869,20230529,499,True,3.2,30,1,3
1870,20230728,499,True,8.3,90,3,5
1871,20231026,499,True,12.7,180,6,2
1872,20240423,499,True,22.1,360,12,2
1873,20241020,499,True,3.8,540,18,3
1874,20241223,500,True,23.3,30,1,3
1875,20250221,500,True,21.8,90,3,4
1876,20250522,500,True,3.4,180,6,3
1877,20251118,500,True,9.1,360,12,3
1878,20260517,500,True,8.2,540,18,4
1879,20220328,501,True,18.8,30,1,5
1880,20220527,501,True,6.5,90,3,4
1881,20220825,501,True,23.7,180,6,3
1882,20230221,501,True,4.9,360,12,3
1883,20230820,501,True,19.1,540,18,3
1884,20250603,502,True,13.9,30,1,3
1885,20250802,502,True,6.5,90,3,3
1886,20251031,502,True,3.9,180,6,3
1887,20260420,503,True,5.8,30,1,3
1888,20260619,503,True,8.6,90,3,3
1889,20260917,503,True,16.9,180,6,3
1890,20270316,503,True,15.4,360,12,3
1891,20270912,503,True,13.8,540,18,5
1892,20250507,505,True,12.4,30,1,3
1893,20250706,505,True,9.9,90,3,3
1894,20251004,505,True,2.4,180,6,3
1895,20260402,505,True,19.8,360,12,4
1896,20220303,506,True,15.9,30,1,3
1897,20220502,506,True,22.2,90,3,5
1898,20220731,506,True,11.8,180,6,5
1899,20230102,507,True,20.9,30,1,3
1900,20230303,507,True,20.8,90,3,3
1901,20230601,507,True,18.8,180,6,3
1902,20231128,507,True,17.2,360,12,3
1903,20240526,507,True,16.2,540,18,2
1904,20230420,508,True,13.8,30,1,4
1905,20230619,508,True,8.9,90,3,3
1906,20230917,508,True,3.9,180,6,3
1907,20240315,508,True,12.8,360,12,3
1908,20221114,509,True,6.9,30,1,2
1909,20230113,509,True,19.1,90,3,3
1910,20230413,509,True,15.5,180,6,3
1911,20231010,509,True,20.5,360,12,4
1912,20240407,509,True,20.6,540,18,4
1913,20250731,510,True,17.9,30,1,3
1914,20250929,510,True,2.4,90,3,4
1915,20251228,510,True,9.9,180,6,5
1916,20260626,510,True,18.4,360,12,3
1917,20260916,511,True,19.3,30,1,3
1918,20261115,511,True,17.1,90,3,4
1919,20270213,511,True,20.6,180,6,3
1920,20270812,511,True,21.7,360,12,3
1921,20280208,511,True,4.8,540,18,3
1922,20220522,513,True,21.8,30,1,2
1923,20220721,513,True,13.7,90,3,4
1924,20221019,513,True,14.3,180,6,4
1925,20230417,513,True,12.6,360,12,3
1926,20231014,513,True,16.9,540,18,4
1927,20230129,514,True,10.3,30,1,2
1928,20230330,514,True,5.5,90,3,3
1929,20230628,514,True,21.9,180,6,5
1930,20231225,514,True,8.9,360,12,3
1931,20240622,514,True,3.1,540,18,4
1932,20211001,515,True,6.9,30,1,1
1933,20211130,515,True,4.2,90,3,3
1934,20220228,515,True,17.5,180,6,4
1935,20250512,516,True,3.0,30,1,3
1936,20250711,516,True,7.3,90,3,4
1937,20251009,516,True,22.6,180,6,3
1938,20260413,517,True,20.5,30,1,4
1939,20230628,518,True,3.8,30,1,4
1940,20230827,518,True,3.0,90,3,4
1941,20231125,518,True,3.6,180,6,3
1942,20240523,518,True,22.7,360,12,1
1943,20241203,519,True,13.9,30,1,4
1944,20250201,519,True,13.3,90,3,3
1945,20250502,519,True,10.5,180,6,3
1946,20251029,519,True,6.9,360,12,3
1947,20260427,519,True,21.9,540,18,3
1948,20230817,520,True,5.7,30,1,3
1949,20231016,520,True,11.2,90,3,2
1950,20240114,520,True,13.5,180,6,4
1951,20240712,520,True,6.1,360,12,3
1952,20241001,521,True,6.1,30,1,3
1953,20241130,521,True,17.8,90,3,3
1954,20250228,521,True,9.1,180,6,3
1955,20250827,521,True,22.8,360,12,4
1956,20251006,522,True,15.9,30,1,4
1957,20251205,522,True,5.0,90,3,1
1958,20260305,522,True,10.8,180,6,3
1959,20240730,523,True,15.8,30,1,2
1960,20240928,523,True,22.6,90,3,3
1961,20241227,523,True,23.6,180,6,4
1962,20250625,523,True,13.9,360,12,3
1963,20251222,523,True,21.9,540,18,3
1964,20210730,524,True,18.0,30,1,5
1965,20210928,524,True,22.3,90,3,3
1966,20211227,524,True,17.4,180,6,3
1967,20230801,525,True,11.2,30,1,3
1968,20230930,525,True,11.8,90,3,3
1969,20231229,525,True,10.7,180,6,3
1970,20240626,525,True,16.4,360,12,3
1971,20240829,526,True,5.0,30,1,3
1972,20241028,526,True,19.8,90,3,5
1973,20250126,526,True,9.0,180,6,4
1974,20250725,526,True,3.3,360,12,3
1975,20260121,526,True,22.2,540,18,3
1976,20230510,527,True,2.3,30,1,1
1977,20230709,527,True,3.5,90,3,3
1978,20231007,527,True,19.8,180,6,3
1979,20240404,527,True,7.5,360,12,3
1980,20240624,528,True,4.5,30,1,3
1981,20240823,528,True,2.2,90,3,2
1982,20241121,528,True,15.2,180,6,3
1983,20250520,528,True,6.2,360,12,4
1984,20251116,528,True,4.9,540,18,3
1985,20220309,529,True,11.4,30,1,5
1986,20220508,529,True,4.3,90,3,3
1987,20220806,529,True,23.1,180,6,1
1988,20220701,530,True,17.4,30,1,3
1989,20220830,530,True,7.0,90,3,4
1990,20221128,530,True,3.0,180,6,5
1991,20230527,530,True,16.0,360,12,5
1992,20230723,531,True,16.9,30,1,3
1993,20230921,531,True,7.5,90,3,5
1994,20231220,531,True,14.4,180,6,4
1995,20240605,532,True,19.1,30,1,3
1996,20240804,532,True,6.2,90,3,3
1997,20241102,532,True,11.7,180,6,3
1998,20250501,532,True,2.9,360,12,2
1999,20251028,532,True,13.4,540,18,5
2000,20250225,533,True,18.2,30,1,3
2001,20250426,533,True,9.1,90,3,4
2002,20250725,533,True,8.6,180,6,3
2003,20260121,533,True,23.3,360,12,5
2004,20240405,534,True,3.4,30,1,2
2005,20240604,534,True,3.6,90,3,3
2006,20240902,534,True,7.9,180,6,2
2007,20250301,534,True,7.6,360,12,3
2008,20250426,535,True,15.6,30,1,2
2009,20250625,535,True,9.2,90,3,4
2010,20250923,535,True,16.8,180,6,3
2011,20260322,535,True,9.0,360,12,4
2012,20211226,536,True,16.1,30,1,3
2013,20220224,536,True,17.1,90,3,4
2014,20220525,536,True,7.4,180,6,3
2015,20221121,536,True,16.9,360,12,3
2016,20230520,536,True,6.8,540,18,3
2017,20220708,537,True,7.7,30,1,5
2018,20220906,537,True,5.5,90,3,3
2019,20221205,537,True,20.7,180,6,3
2020,20230603,537,True,11.2,360,12,3
2021,20230721,538,True,16.9,30,1,5
2022,20230919,538,True,8.8,90,3,3
2023,20231218,538,True,14.2,180,6,3
2024,20240615,538,True,16.8,360,12,3
2025,20241212,538,True,15.9,540,18,3
2026,20230929,539,True,3.0,30,1,4
2027,20231128,539,True,12.9,90,3,4
2028,20240226,539,True,11.2,180,6,4
2029,20240824,539,True,8.2,360,12,1
2030,20250220,539,True,16.8,540,18,3
2031,20230907,540,True,17.3,30,1,2
2032,20231106,540,True,20.7,90,3,1
2033,20240204,540,True,11.5,180,6,3
2034,20240826,541,True,8.4,30,1,3
2035,20241025,541,True,10.9,90,3,2
2036,20250123,541,True,4.7,180,6,2
2037,20250722,541,True,9.8,360,12,2
2038,20260118,541,True,3.2,540,18,5
2039,20220717,542,True,20.8,30,1,4
2040,20220915,542,True,20.4,90,3,3
2041,20221214,542,True,19.0,180,6,3
2042,20230612,542,True,9.2,360,12,3
2043,20231209,542,True,3.2,540,18,2
2044,20231203,543,True,6.5,30,1,3
2045,20240201,543,True,23.0,90,3,2
2046,20240501,543,True,4.2,180,6,3
2047,20241028,543,True,8.6,360,12,1
2048,20250311,544,True,4.3,30,1,4
2049,20250510,544,True,23.3,90,3,3
2050,20250808,544,True,12.6,180,6,1
2051,20260204,544,True,18.9,360,12,3
2052,20241212,546,True,23.3,30,1,4
2053,20250210,546,True,11.7,90,3,1
2054,20250511,546,True,2.3,180,6,3
2055,20251022,547,True,22.9,30,1,5
2056,20251221,547,True,12.0,90,3,4
2057,20260321,547,True,10.0,180,6,3
2058,20230828,548,True,22.4,30,1,1
2059,20231027,548,True,10.0,90,3,2
2060,20240125,548,True,20.5,180,6,3
2061,20240723,548,True,5.4,360,12,3
2062,20250119,548,True,10.0,540,18,3
2063,20211017,549,True,6.9,30,1,3
2064,20211216,549,True,15.5,90,3,5
2065,20220316,549,True,2.4,180,6,3
2066,20220912,549,True,13.9,360,12,3
2067,20241112,550,True,5.4,30,1,5
2068,20250111,550,True,14.0,90,3,3
2069,20250411,550,True,6.0,180,6,3
2070,20250921,551,True,18.3,30,1,4
2071,20251120,551,True,16.0,90,3,3
2072,20260218,551,True,16.6,180,6,4
2073,20260817,551,True,13.4,360,12,3
2074,20270213,551,True,9.0,540,18,1
2075,20240825,553,True,21.8,30,1,3
2076,20241024,553,True,4.0,90,3,3
2077,20250122,553,True,18.4,180,6,3
2078,20250721,553,True,7.6,360,12,3
2079,20240611,554,True,9.5,30,1,2
2080,20240810,554,True,16.0,90,3,3
2081,20241108,554,True,8.2,180,6,3
2082,20250507,554,True,22.6,360,12,3
2083,20251004,555,True,19.8,30,1,3
2084,20251203,555,True,17.6,90,3,3
2085,20260303,555,True,22.6,180,6,3
2086,20221013,556,True,17.2,30,1,3
2087,20221212,556,True,23.0,90,3,3
2088,20230312,556,True,15.6,180,6,4
2089,20230827,557,True,13.8,30,1,3
2090,20231026,557,True,12.7,90,3,3
2091,20240124,557,True,9.6,180,6,3
2092,20240722,557,True,11.5,360,12,5
2093,20250118,557,True,7.4,540,18,4
2094,20241219,558,True,19.0,30,1,3
2095,20250217,558,True,13.3,90,3,5
2096,20250518,558,True,7.1,180,6,3
2097,20251114,558,True,16.6,360,12,3
2098,20260128,559,True,5.3,30,1,4
2099,20260329,559,True,2.5,90,3,2
2100,20260627,559,True,18.6,180,6,4
2101,20261224,559,True,13.2,360,12,2
2102,20211104,561,True,12.1,30,1,2
2103,20220103,561,True,8.5,90,3,3
2104,20220403,561,True,5.1,180,6,3
2105,20220930,561,True,6.6,360,12,4
2106,20230329,561,True,16.8,540,18,4
2107,20230615,562,True,20.9,30,1,3
2108,20230814,562,True,2.6,90,3,5
2109,20231112,562,True,22.1,180,6,3
2110,20240510,562,True,17.9,360,12,3
2111,20241106,562,True,4.5,540,18,3
2112,20210828,563,True,18.0,30,1,3
2113,20211027,563,True,19.7,90,3,3
2114,20220125,563,True,15.9,180,6,3
2115,20220727,564,True,7.7,30,1,3
2116,20220925,564,True,12.4,90,3,3
2117,20221224,564,True,6.5,180,6,3
2118,20230622,564,True,6.8,360,12,4
2119,20231118,565,True,2.1,30,1,3
2120,20240117,565,True,12.7,90,3,3
2121,20240416,565,True,3.1,180,6,4
2122,20241013,565,True,8.6,360,12,3
2123,20250411,565,True,10.6,540,18,4
2124,20211101,566,True,11.1,30,1,2
2125,20211231,566,True,7.0,90,3,4
2126,20220331,566,True,18.1,180,6,3
2127,20220927,566,True,10.6,360,12,2
2128,20230117,567,True,9.5,30,1,5
2129,20230318,567,True,19.9,90,3,3
2130,20230616,567,True,19.5,180,6,1
2131,20231213,567,True,4.8,360,12,3
2132,20240610,567,True,21.8,540,18,3
2133,20221126,568,True,3.7,30,1,2
2134,20230125,568,True,13.1,90,3,5
2135,20230425,568,True,9.9,180,6,4
2136,20231022,568,True,23.4,360,12,3
2137,20240421,569,True,15.9,30,1,3
2138,20240620,569,True,9.1,90,3,3
2139,20240918,569,True,5.3,180,6,4
2140,20250317,569,True,21.1,360,12,3
2141,20250913,569,True,16.3,540,18,3
2142,20251024,570,True,15.8,30,1,5
2143,20251223,570,True,15.7,90,3,3
2144,20260323,570,True,23.2,180,6,3
2145,20240418,571,True,7.8,30,1,3
2146,20240617,571,True,15.3,90,3,4
2147,20240915,571,True,19.5,180,6,2
2148,20250314,571,True,15.1,360,12,3
2149,20250910,571,True,10.9,540,18,4
2150,20230412,572,True,14.1,30,1,3
2151,20230611,572,True,20.7,90,3,3
2152,20230909,572,True,10.9,180,6,2
2153,20240307,572,True,5.0,360,12,3
2154,20240628,573,True,7.2,30,1,3
2155,20240827,573,True,11.3,90,3,4
2156,20241125,573,True,18.9,180,6,3
2157,20250524,573,True,20.1,360,12,4
2158,20251120,573,True,13.8,540,18,3
2159,20240428,574,True,19.2,30,1,1
2160,20240627,574,True,8.5,90,3,2
2161,20240925,574,True,22.7,180,6,1
2162,20250324,574,True,7.2,360,12,2
2163,20250806,575,True,13.1,30,1,3
2164,20251005,575,True,4.3,90,3,3
2165,20260103,575,True,4.6,180,6,4
2166,20260702,575,True,17.7,360,12,3
2167,20250606,577,True,16.4,30,1,1
2168,20250805,577,True,16.9,90,3,4
2169,20251103,577,True,20.5,180,6,3
2170,20260502,577,True,14.7,360,12,3
2171,20260815,578,True,7.1,30,1,4
2172,20261014,578,True,21.1,90,3,3
2173,20270112,578,True,9.6,180,6,4
2174,20270711,578,True,6.9,360,12,1
2175,20280107,578,True,21.7,540,18,3
2176,20241101,580,True,5.0,30,1,4
2177,20241231,580,True,2.3,90,3,3
2178,20250331,580,True,7.6,180,6,4
2179,20250927,580,True,11.4,360,12,3
2180,20251114,581,True,7.8,30,1,3
2181,20260113,581,True,3.6,90,3,2
2182,20260413,581,True,16.3,180,6,4
2183,20231130,582,True,18.5,30,1,3
2184,20240129,582,True,17.9,90,3,3
2185,20240428,582,True,19.4,180,6,4
2186,20241025,582,True,21.1,360,12,3
2187,20250423,582,True,15.3,540,18,3
2188,20240620,583,True,14.3,30,1,3
2189,20240819,583,True,3.0,90,3,3
2190,20241117,583,True,13.6,180,6,4
2191,20250516,583,True,4.0,360,12,3
2192,20251112,583,True,9.3,540,18,2
2193,20210822,584,True,6.0,30,1,3
2194,20211021,584,True,21.3,90,3,3
2195,20220119,584,True,3.3,180,6,3
2196,20220718,584,True,6.0,360,12,3
2197,20220819,585,True,2.2,30,1,4
2198,20221018,585,True,10.5,90,3,3
2199,20230116,585,True,9.1,180,6,3
2200,20230715,585,True,21.9,360,12,3
2201,20240111,585,True,2.8,540,18,3
2202,20220514,586,True,10.6,30,1,5
2203,20220713,586,True,16.2,90,3,3
2204,20221011,586,True,10.3,180,6,4
2205,20230408,587,True,12.5,30,1,4
2206,20230607,587,True,6.3,90,3,5
2207,20230905,587,True,13.0,180,6,4
2208,20240303,587,True,4.3,360,12,3
2209,20240830,587,True,12.1,540,18,3
2210,20241105,588,True,11.8,30,1,2
2211,20250104,588,True,23.2,90,3,4
2212,20250404,588,True,10.5,180,6,1
2213,20251001,588,True,17.7,360,12,1
2214,20260330,588,True,21.3,540,18,3
2215,20230626,589,True,14.7,30,1,3
2216,20230825,589,True,9.1,90,3,3
2217,20231123,589,True,14.9,180,6,2
2218,20240521,589,True,19.1,360,12,1
2219,20241117,589,True,5.3,540,18,3
2220,20250102,590,True,13.9,30,1,3
2221,20250303,590,True,14.8,90,3,3
2222,20250601,590,True,6.2,180,6,2
2223,20251220,591,True,9.5,30,1,5
2224,20260218,591,True,7.2,90,3,5
2225,20260519,591,True,6.3,180,6,5
2226,20220930,592,True,22.2,30,1,2
2227,20221129,592,True,17.7,90,3,5
2228,20230227,592,True,18.3,180,6,3
2229,20230826,592,True,19.1,360,12,5
2230,20240222,592,True,22.7,540,18,3
2231,20240519,593,True,13.3,30,1,2
2232,20240718,593,True,7.1,90,3,3
2233,20241016,593,True,21.1,180,6,3
2234,20230723,594,True,3.6,30,1,1
2235,20230921,594,True,18.8,90,3,3
2236,20231220,594,True,7.3,180,6,3
2237,20240617,594,True,18.5,360,12,3
2238,20241214,594,True,4.6,540,18,3
2239,20240628,595,True,23.7,30,1,3
2240,20240827,595,True,10.2,90,3,3
2241,20241125,595,True,15.4,180,6,3
2242,20250524,595,True,4.4,360,12,5
2243,20250902,596,True,14.4,30,1,3
2244,20251101,596,True,7.7,90,3,3
2245,20260130,596,True,20.0,180,6,5
2246,20260729,596,True,12.2,360,12,3
2247,20270125,596,True,3.8,540,18,3
2248,20211031,598,True,13.8,30,1,3
2249,20211230,598,True,12.9,90,3,2
2250,20220330,598,True,13.6,180,6,3
2251,20220926,598,True,10.2,360,12,3
2252,20221214,599,True,14.1,30,1,5
2253,20230212,599,True,19.2,90,3,3
2254,20230513,599,True,3.2,180,6,3
2255,20231109,599,True,23.2,360,12,1
2256,20240507,599,True,5.6,540,18,5
2257,20240608,600,True,10.2,30,1,1
2258,20240807,600,True,9.8,90,3,4
2259,20241105,600,True,9.7,180,6,1
2260,20250504,600,True,13.2,360,12,3
2261,20251031,600,True,8.6,540,18,4
2262,20230211,601,True,15.1,30,1,3
2263,20230412,601,True,15.7,90,3,2
2264,20230711,601,True,7.5,180,6,2
2265,20240107,601,True,21.1,360,12,2
2266,20240705,601,True,21.9,540,18,3
2267,20240904,602,True,22.7,30,1,3
2268,20241103,602,True,20.6,90,3,3
2269,20250201,602,True,9.6,180,6,4
2270,20250731,602,True,20.0,360,12,3
2271,20260127,602,True,12.8,540,18,3
2272,20241213,603,True,10.2,30,1,5
2273,20250211,603,True,10.1,90,3,3
2274,20250512,603,True,2.7,180,6,4
2275,20251202,604,True,21.1,30,1,3
2276,20260131,604,True,14.1,90,3,4
2277,20260501,604,True,20.4,180,6,3
2278,20261028,604,True,15.4,360,12,3
2279,20270426,604,True,12.8,540,18,3
2280,20250205,606,True,22.6,30,1,4
2281,20250406,606,True,6.1,90,3,3
2282,20250705,606,True,12.7,180,6,3
2283,20260101,606,True,4.9,360,12,4
2284,20240204,608,True,17.0,30,1,3
2285,20240404,608,True,17.4,90,3,4
2286,20240703,608,True,4.9,180,6,4
2287,20241230,608,True,5.4,360,12,3
2288,20250628,608,True,11.2,540,18,3
2289,20250825,609,True,8.1,30,1,3
2290,20251024,609,True,20.2,90,3,3
2291,20260122,609,True,16.5,180,6,4
2292,20231220,610,True,13.3,30,1,2
2293,20240218,610,True,21.2,90,3,3
2294,20240518,610,True,19.6,180,6,3
2295,20241114,610,True,22.6,360,12,5
2296,20250513,610,True,5.2,540,18,1
2297,20220616,611,True,12.0,30,1,4
2298,20220815,611,True,11.1,90,3,3
2299,20221113,611,True,22.7,180,6,3
2300,20230512,611,True,15.9,360,12,3
2301,20231108,611,True,12.1,540,18,3
2302,20250518,612,True,2.1,30,1,4
2303,20250717,612,True,14.4,90,3,3
2304,20251015,612,True,5.8,180,6,3
2305,20260413,612,True,4.0,360,12,5
2306,20230125,614,True,2.3,30,1,2
2307,20230326,614,True,22.5,90,3,3
2308,20230624,614,True,13.2,180,6,3
2309,20231221,614,True,2.4,360,12,3
2310,20240208,615,True,14.2,30,1,3
2311,20240408,615,True,8.6,90,3,3
2312,20240707,615,True,21.9,180,6,3
2313,20250103,615,True,12.8,360,12,3
2314,20250702,615,True,6.1,540,18,4
2315,20250814,616,True,12.0,30,1,4
2316,20251013,616,True,8.6,90,3,4
2317,20260111,616,True,10.1,180,6,3
2318,20240929,617,True,18.8,30,1,3
2319,20241128,617,True,21.4,90,3,5
2320,20250226,617,True,11.4,180,6,3
2321,20250825,617,True,9.3,360,12,1
2322,20260221,617,True,2.2,540,18,5
2323,20221202,618,True,2.4,30,1,2
2324,20230131,618,True,10.3,90,3,4
2325,20230501,618,True,11.2,180,6,3
2326,20231028,618,True,10.2,360,12,4
2327,20240425,618,True,9.3,540,18,2
2328,20220130,619,True,8.3,30,1,4
2329,20220331,619,True,21.2,90,3,4
2330,20220629,619,True,5.0,180,6,4
2331,20221224,620,True,3.6,30,1,3
2332,20230222,620,True,20.6,90,3,5
2333,20230523,620,True,6.6,180,6,4
2334,20231119,620,True,15.7,360,12,3
2335,20240517,620,True,16.4,540,18,5
2336,20240926,621,True,18.1,30,1,5
2337,20241125,621,True,10.4,90,3,3
2338,20250223,621,True,15.0,180,6,3
2339,20250808,622,True,9.3,30,1,3
2340,20251007,622,True,8.0,90,3,4
2341,20260105,622,True,14.0,180,6,4
2342,20211009,623,True,13.1,30,1,5
2343,20211208,623,True,4.8,90,3,3
2344,20220308,623,True,9.5,180,6,4
2345,20220904,623,True,5.6,360,12,3
2346,20221024,624,True,5.8,30,1,5
2347,20221223,624,True,22.3,90,3,3
2348,20230323,624,True,23.1,180,6,3
2349,20230919,624,True,22.2,360,12,1
2350,20231210,625,True,22.6,30,1,3
2351,20240208,625,True,15.0,90,3,4
2352,20240508,625,True,18.0,180,6,2
2353,20241104,625,True,15.4,360,12,2
2354,20250503,625,True,18.1,540,18,3
2355,20220829,626,True,14.2,30,1,4
2356,20221028,626,True,13.6,90,3,3
2357,20230126,626,True,3.3,180,6,3
2358,20230725,626,True,3.9,360,12,3
2359,20231020,627,True,3.9,30,1,1
2360,20231219,627,True,23.7,90,3,3
2361,20240318,627,True,17.8,180,6,4
2362,20240914,627,True,18.6,360,12,3
2363,20250313,627,True,10.5,540,18,4
2364,20250614,628,True,2.6,30,1,2
2365,20250813,628,True,3.6,90,3,3
2366,20251111,628,True,2.6,180,6,2
2367,20240131,629,True,5.4,30,1,5
2368,20240331,629,True,15.0,90,3,1
2369,20240629,629,True,17.2,180,6,1
2370,20240901,630,True,13.1,30,1,4
2371,20241031,630,True,8.6,90,3,3
2372,20250129,630,True,11.0,180,6,5
2373,20250728,630,True,14.6,360,12,3
2374,20260112,631,True,10.0,30,1,3
2375,20260313,631,True,8.3,90,3,3
2376,20211123,632,True,12.9,30,1,4
2377,20220122,632,True,19.4,90,3,3
2378,20220422,632,True,19.1,180,6,3
2379,20221019,632,True,9.2,360,12,2
2380,20230417,632,True,20.9,540,18,3
2381,20230618,633,True,5.1,30,1,3
2382,20230817,633,True,15.7,90,3,5
2383,20231115,633,True,20.2,180,6,3
2384,20240513,633,True,7.3,360,12,4
2385,20240725,634,True,17.7,30,1,3
2386,20240923,634,True,5.6,90,3,4
2387,20241222,634,True,8.8,180,6,4
2388,20250620,634,True,8.3,360,12,3
2389,20251217,634,True,2.6,540,18,5
2390,20240220,635,True,16.4,30,1,5
2391,20240420,635,True,19.6,90,3,3
2392,20240719,635,True,13.1,180,6,3
2393,20250115,635,True,7.5,360,12,3
2394,20230302,636,True,13.3,30,1,5
2395,20230501,636,True,8.1,90,3,3
2396,20230730,636,True,17.5,180,6,4
2397,20240126,636,True,2.3,360,12,4
2398,20240724,636,True,14.4,540,18,2
2399,20240218,637,True,18.9,30,1,3
2400,20240418,637,True,16.4,90,3,2
2401,20240717,637,True,18.4,180,6,3
2402,20250113,637,True,9.9,360,12,3
2403,20250712,637,True,10.6,540,18,5
2404,20241103,638,True,15.0,30,1,2
2405,20250102,638,True,5.5,90,3,3
2406,20250402,638,True,14.8,180,6,3
2407,20250929,638,True,22.8,360,12,5
2408,20260328,638,True,8.3,540,18,3
2409,20240820,639,True,22.8,30,1,3
2410,20241019,639,True,14.0,90,3,3
2411,20250117,639,True,2.6,180,6,5
2412,20250716,639,True,13.8,360,12,3
2413,20260112,639,True,3.5,540,18,3
2414,20230202,640,True,8.4,30,1,3
2415,20230403,640,True,8.6,90,3,3
2416,20230702,640,True,9.7,180,6,3
2417,20231229,640,True,9.0,360,12,4
2418,20240626,640,True,8.0,540,18,3
2419,20211027,641,True,23.8,30,1,3
2420,20211226,641,True,7.8,90,3,4
2421,20220326,641,True,10.9,180,6,3
2422,20220922,641,True,10.6,360,12,1
2423,20230321,641,True,6.5,540,18,3
2424,20241106,642,True,18.9,30,1,2
2425,20250105,642,True,14.7,90,3,3
2426,20250405,642,True,4.2,180,6,4
2427,20251002,642,True,15.5,360,12,3
2428,20260331,642,True,16.0,540,18,1
2429,20231030,643,True,23.2,30,1,4
2430,20231229,643,True,13.3,90,3,3
2431,20240328,643,True,10.2,180,6,5
2432,20240827,644,True,19.0,30,1,3
2433,20241026,644,True,17.3,90,3,2
2434,20250124,644,True,9.2,180,6,3
2435,20250723,644,True,4.6,360,12,4
2436,20260101,645,True,16.7,30,1,1
2437,20260302,645,True,18.8,90,3,3
2438,20220904,646,True,22.6,30,1,3
2439,20221103,646,True,16.6,90,3,4
2440,20230201,646,True,23.2,180,6,3
2441,20230731,646,True,6.7,360,12,4
2442,20230928,647,True,17.5,30,1,3
2443,20231127,647,True,16.0,90,3,4
2444,20240225,647,True,23.3,180,6,5
2445,20240820,648,True,11.4,30,1,3
2446,20241019,648,True,16.9,90,3,3
2447,20250117,648,True,13.4,180,6,4
2448,20250716,648,True,2.8,360,12,3
2449,20260112,648,True,7.6,540,18,5
2450,20230522,649,True,22.1,30,1,3
2451,20230721,649,True,2.7,90,3,3
2452,20231019,649,True,2.1,180,6,2
2453,20240416,649,True,19.9,360,12,4
2454,20241013,649,True,19.2,540,18,5
2455,20240918,650,True,11.0,30,1,3
2456,20241117,650,True,4.6,90,3,3
2457,20220408,651,True,5.3,30,1,3
2458,20220607,651,True,5.8,90,3,4
2459,20220905,651,True,2.1,180,6,3
2460,20230304,651,True,21.7,360,12,2
2461,20230831,651,True,22.5,540,18,4
2462,20231018,652,True,4.4,30,1,4
2463,20231217,652,True,7.5,90,3,3
2464,20240316,652,True,22.5,180,6,4
2465,20240912,652,True,17.1,360,12,3
2466,20250311,652,True,15.4,540,18,3
2467,20250301,653,True,2.4,30,1,3
2468,20250430,653,True,3.1,90,3,4
2469,20250729,653,True,11.7,180,6,3
2470,20260108,654,True,4.8,30,1,3
2471,20260309,654,True,17.1,90,3,4
2472,20260607,654,True,7.3,180,6,2
2473,20261204,654,True,21.2,360,12,4
2474,20241014,656,True,23.4,30,1,4
2475,20241213,656,True,7.9,90,3,3
2476,20240225,657,True,15.3,30,1,3
2477,20240425,657,True,4.4,90,3,3
2478,20240724,657,True,13.9,180,6,3
2479,20250120,657,True,17.3,360,12,3
2480,20250707,658,True,5.6,30,1,4
2481,20250905,658,True,7.6,90,3,3
2482,20251204,658,True,2.2,180,6,3
2483,20260602,658,True,2.3,360,12,5
2484,20261129,658,True,19.1,540,18,3
2485,20220925,660,True,12.5,30,1,3
2486,20221124,660,True,18.3,90,3,3
2487,20230222,660,True,5.2,180,6,3
2488,20230731,661,True,11.3,30,1,2
2489,20230929,661,True,13.4,90,3,1
2490,20231228,661,True,22.7,180,6,3
2491,20240625,661,True,9.5,360,12,4
2492,20241222,661,True,3.3,540,18,3
2493,20250424,662,True,11.9,30,1,3
2494,20250623,662,True,16.1,90,3,3
2495,20250921,662,True,7.7,180,6,3
2496,20260320,662,True,19.4,360,12,4
2497,20260916,662,True,23.3,540,18,2
2498,20220101,664,True,19.5,30,1,3
2499,20220302,664,True,11.4,90,3,3
2500,20220531,664,True,5.6,180,6,3
2501,20221107,665,True,10.6,30,1,2
2502,20230106,665,True,18.5,90,3,3
2503,20230406,665,True,7.8,180,6,4
2504,20231003,665,True,10.6,360,12,5
2505,20240331,665,True,12.9,540,18,2
2506,20240405,666,True,8.8,30,1,5
2507,20240604,666,True,8.4,90,3,3
2508,20240902,666,True,2.5,180,6,3
2509,20250301,666,True,23.4,360,12,3
2510,20250523,667,True,23.4,30,1,5
2511,20250722,667,True,6.7,90,3,3
2512,20251020,667,True,16.9,180,6,4
2513,20260418,667,True,9.8,360,12,4
2514,20210731,668,True,13.1,30,1,1
2515,20210929,668,True,8.2,90,3,4
2516,20211228,668,True,22.8,180,6,4
2517,20210725,669,True,22.7,30,1,3
2518,20210923,669,True,6.6,90,3,3
2519,20211222,669,True,7.6,180,6,3
2520,20220620,669,True,23.6,360,12,2
2521,20230531,670,True,15.1,30,1,2
2522,20230730,670,True,18.1,90,3,4
2523,20231028,670,True,9.6,180,6,2
2524,20240425,670,True,23.6,360,12,3
2525,20241022,670,True,16.4,540,18,5
2526,20241207,671,True,8.2,30,1,2
2527,20250205,671,True,16.3,90,3,1
2528,20250506,671,True,4.7,180,6,3
2529,20251105,672,True,16.0,30,1,1
2530,20260104,672,True,7.7,90,3,4
2531,20260404,672,True,22.4,180,6,4
2532,20240810,673,True,22.3,30,1,1
2533,20241009,673,True,20.4,90,3,5
2534,20250107,673,True,13.2,180,6,3
2535,20250706,673,True,7.9,360,12,3
2536,20210920,674,True,21.6,30,1,4
2537,20211119,674,True,5.4,90,3,3
2538,20220217,674,True,7.2,180,6,4
2539,20220816,674,True,22.7,360,12,3
2540,20230212,674,True,6.8,540,18,1
2541,20240317,675,True,16.9,30,1,4
2542,20240516,675,True,19.7,90,3,3
2543,20240814,675,True,19.3,180,6,1
2544,20250210,675,True,10.8,360,12,3
2545,20250809,675,True,16.9,540,18,3
2546,20230201,676,True,7.0,30,1,3
2547,20230402,676,True,15.4,90,3,3
2548,20230701,676,True,9.6,180,6,4
2549,20231228,676,True,18.6,360,12,5
2550,20240625,676,True,14.6,540,18,3
2551,20220419,677,True,17.2,30,1,4
2552,20220618,677,True,3.9,90,3,5
2553,20220916,677,True,16.1,180,6,3
2554,20230315,677,True,4.8,360,12,3
2555,20230911,677,True,17.6,540,18,3
2556,20230912,678,True,9.1,30,1,3
2557,20231111,678,True,19.0,90,3,3
2558,20240209,678,True,9.6,180,6,3
2559,20240807,678,True,19.9,360,12,3
2560,20241129,679,True,15.8,30,1,2
2561,20250128,679,True,19.7,90,3,5
2562,20250428,679,True,6.9,180,6,4
2563,20251025,679,True,4.2,360,12,4
2564,20260304,680,True,9.6,30,1,3
2565,20260503,680,True,21.0,90,3,2
2566,20230910,681,True,10.3,30,1,3
2567,20231109,681,True,15.5,90,3,3
2568,20240207,681,True,8.6,180,6,3
2569,20240805,681,True,16.5,360,12,3
2570,20250201,681,True,8.3,540,18,4
2571,20240704,682,True,13.0,30,1,3
2572,20240902,682,True,10.6,90,3,3
2573,20241201,682,True,18.3,180,6,3
2574,20250530,682,True,16.1,360,12,3
2575,20251126,682,True,5.7,540,18,3
2576,20260122,683,True,18.1,30,1,2
2577,20260323,683,True,20.2,90,3,2
2578,20260621,683,True,7.0,180,6,2
2579,20261218,683,True,15.3,360,12,3
2580,20240103,685,True,23.0,30,1,4
2581,20240303,685,True,21.2,90,3,2
2582,20240601,685,True,4.6,180,6,3
2583,20241128,685,True,10.0,360,12,2
2584,20250327,686,True,13.4,30,1,3
2585,20250526,686,True,15.7,90,3,3
2586,20250824,686,True,7.6,180,6,2
2587,20260220,686,True,13.8,360,12,3
2588,20260819,686,True,15.0,540,18,2
2589,20240105,688,True,8.0,30,1,3
2590,20240305,688,True,16.9,90,3,3
2591,20240603,688,True,16.4,180,6,3
2592,20241130,688,True,7.6,360,12,4
2593,20250529,688,True,5.1,540,18,3
2594,20250129,689,True,2.4,30,1,4
2595,20250330,689,True,7.6,90,3,3
2596,20250628,689,True,5.0,180,6,2
2597,20251225,689,True,13.8,360,12,3
2598,20260623,689,True,3.9,540,18,4
2599,20260810,690,True,21.7,30,1,3
2600,20261009,690,True,2.2,90,3,3
2601,20270107,690,True,17.7,180,6,3
2602,20270706,690,True,22.1,360,12,2
2603,20240401,692,True,12.8,30,1,3
2604,20240531,692,True,8.6,90,3,3
2605,20240829,692,True,20.1,180,6,1
2606,20250225,692,True,9.4,360,12,3
2607,20250506,693,True,7.4,30,1,3
2608,20250705,693,True,7.8,90,3,4
2609,20251003,693,True,8.2,180,6,3
2610,20260401,693,True,17.1,360,12,3
2611,20240918,694,True,4.9,30,1,3
2612,20241117,694,True,6.1,90,3,3
2613,20250215,694,True,4.4,180,6,2
2614,20250814,694,True,14.1,360,12,3
2615,20260210,694,True,22.0,540,18,1
2616,20250529,695,True,10.1,30,1,3
2617,20250728,695,True,19.9,90,3,3
2618,20251026,695,True,3.3,180,6,5
2619,20260507,696,True,2.3,30,1,3
2620,20260706,696,True,10.3,90,3,5
2621,20261004,696,True,23.4,180,6,3
2622,20240504,698,True,16.1,30,1,3
2623,20240703,698,True,6.9,90,3,3
2624,20241001,698,True,3.7,180,6,3
2625,20250330,698,True,14.1,360,12,3
2626,20250702,699,True,9.2,30,1,3
2627,20250831,699,True,8.6,90,3,5
2628,20251129,699,True,6.4,180,6,3
2629,20231001,700,True,8.5,30,1,3
2630,20231130,700,True,3.5,90,3,3
2631,20240228,700,True,17.8,180,6,3
2632,20240826,700,True,4.7,360,12,4
2633,20250222,700,True,18.5,540,18,5
2634,20250511,701,True,17.9,30,1,3
2635,20250710,701,True,15.0,90,3,3
2636,20251008,701,True,21.4,180,6,3
2637,20260406,701,True,2.5,360,12,3
2638,20230119,703,True,22.6,30,1,2
2639,20230320,703,True,12.2,90,3,2
2640,20230618,703,True,9.8,180,6,4
2641,20231215,703,True,6.5,360,12,2
2642,20240515,704,True,8.1,30,1,3
2643,20240714,704,True,16.2,90,3,3
2644,20241012,704,True,11.4,180,6,2
2645,20250410,704,True,11.4,360,12,5
2646,20251007,704,True,19.9,540,18,2
2647,20240412,705,True,24.0,30,1,3
2648,20240611,705,True,17.1,90,3,3
2649,20240909,705,True,15.0,180,6,3
2650,20250308,705,True,2.5,360,12,4
2651,20250703,706,True,18.7,30,1,2
2652,20250901,706,True,16.6,90,3,3
2653,20251130,706,True,21.3,180,6,3
2654,20240127,707,True,10.6,30,1,2
2655,20240327,707,True,22.2,90,3,5
2656,20240625,707,True,11.3,180,6,3
2657,20241222,707,True,2.9,360,12,3
2658,20250620,707,True,17.3,540,18,3
2659,20250621,708,True,19.4,30,1,4
2660,20250820,708,True,16.6,90,3,5
2661,20251118,708,True,7.1,180,6,3
2662,20260517,708,True,2.3,360,12,3
2663,20240330,709,True,12.2,30,1,3
2664,20240529,709,True,22.6,90,3,3
2665,20240827,709,True,14.7,180,6,3
2666,20250223,709,True,6.6,360,12,4
2667,20250709,710,True,12.1,30,1,3
2668,20250907,710,True,6.9,90,3,4
2669,20251206,710,True,4.4,180,6,2
2670,20260604,710,True,8.0,360,12,4
2671,20240724,712,True,6.1,30,1,2
2672,20240922,712,True,11.8,90,3,4
2673,20241221,712,True,6.7,180,6,3
2674,20250619,712,True,22.5,360,12,3
2675,20251216,712,True,14.4,540,18,3
2676,20260306,713,True,8.1,30,1,4
2677,20260505,713,True,6.3,90,3,4
2678,20221214,714,True,5.5,30,1,3
2679,20230212,714,True,6.4,90,3,2
2680,20230513,714,True,9.1,180,6,3
2681,20231109,714,True,3.4,360,12,3
2682,20240507,714,True,9.2,540,18,4
2683,20240528,715,True,22.9,30,1,3
2684,20240727,715,True,5.4,90,3,3
2685,20241025,715,True,4.2,180,6,4
2686,20250423,715,True,14.2,360,12,3
2687,20251109,716,True,2.5,30,1,4
2688,20260108,716,True,13.2,90,3,5
2689,20260408,716,True,13.6,180,6,3
2690,20230220,717,True,22.7,30,1,5
2691,20230421,717,True,7.8,90,3,3
2692,20230720,717,True,17.7,180,6,3
2693,20240116,717,True,2.4,360,12,3
2694,20240714,717,True,23.5,540,18,4
2695,20230224,718,True,12.2,30,1,3
2696,20230425,718,True,5.1,90,3,4
2697,20230724,718,True,11.4,180,6,3
2698,20240120,718,True,22.3,360,12,3
2699,20240718,718,True,19.6,540,18,3
2700,20230413,719,True,16.2,30,1,3
2701,20230612,719,True,13.1,90,3,3
2702,20230910,719,True,6.4,180,6,3
2703,20240308,719,True,16.4,360,12,5
2704,20240903,720,True,10.4,30,1,5
2705,20241102,720,True,13.7,90,3,3
2706,20250131,720,True,3.1,180,6,3
2707,20250730,720,True,2.8,360,12,1
2708,20251104,721,True,12.7,30,1,3
2709,20260103,721,True,6.6,90,3,3
2710,20260403,721,True,22.8,180,6,3
2711,20220814,722,True,7.5,30,1,4
2712,20221013,722,True,2.0,90,3,4
2713,20230111,722,True,12.4,180,6,4
2714,20230710,722,True,14.2,360,12,3
2715,20240106,722,True,15.7,540,18,5
2716,20220928,723,True,7.2,30,1,4
2717,20221127,723,True,5.6,90,3,4
2718,20230225,723,True,16.8,180,6,1
2719,20230824,723,True,7.9,360,12,3
2720,20240106,724,True,23.0,30,1,5
2721,20240306,724,True,9.2,90,3,3
2722,20240604,724,True,14.9,180,6,3
2723,20241226,725,True,15.4,30,1,3
2724,20250224,725,True,15.4,90,3,4
2725,20250525,725,True,23.0,180,6,4
2726,20251121,725,True,11.4,360,12,4
2727,20260520,725,True,22.0,540,18,3
2728,20250322,726,True,12.0,30,1,5
2729,20250521,726,True,18.4,90,3,4
2730,20250819,726,True,21.8,180,6,3
2731,20260215,726,True,18.9,360,12,3
2732,20231202,728,True,2.1,30,1,3
2733,20240131,728,True,3.1,90,3,3
2734,20240430,728,True,12.4,180,6,3
2735,20241027,728,True,18.1,360,12,4
2736,20250425,728,True,14.4,540,18,3
2737,20250121,729,True,13.5,30,1,5
2738,20250322,729,True,15.6,90,3,4
2739,20250620,729,True,6.2,180,6,3
2740,20251217,729,True,17.8,360,12,3
2741,20230926,730,True,15.5,30,1,4
2742,20231125,730,True,12.2,90,3,3
2743,20240223,730,True,6.3,180,6,3
2744,20240821,730,True,11.5,360,12,3
2745,20241106,731,True,23.9,30,1,3
2746,20250105,731,True,6.5,90,3,2
2747,20250405,731,True,12.0,180,6,3
2748,20251002,731,True,10.2,360,12,2
2749,20260426,732,True,8.1,30,1,3
2750,20221005,733,True,4.6,30,1,3
2751,20221204,733,True,10.3,90,3,3
2752,20230304,733,True,5.9,180,6,3
2753,20230831,733,True,23.1,360,12,5
2754,20240227,733,True,8.0,540,18,5
2755,20230128,734,True,8.5,30,1,3
2756,20230329,734,True,21.2,90,3,4
2757,20230627,734,True,12.1,180,6,4
2758,20231224,734,True,16.4,360,12,3
2759,20240510,735,True,2.7,30,1,1
2760,20240709,735,True,12.5,90,3,5
2761,20241007,735,True,16.9,180,6,2
2762,20250405,735,True,7.9,360,12,4
2763,20251002,735,True,2.7,540,18,2
2764,20240124,736,True,4.6,30,1,3
2765,20240324,736,True,9.4,90,3,3
2766,20240622,736,True,4.6,180,6,4
2767,20241219,736,True,7.8,360,12,3
2768,20250220,737,True,13.2,30,1,3
2769,20250421,737,True,16.4,90,3,4
2770,20250720,737,True,13.3,180,6,3
2771,20260116,737,True,20.0,360,12,3
2772,20240710,738,True,14.2,30,1,4
2773,20240908,738,True,8.2,90,3,3
2774,20241207,738,True,21.8,180,6,3
2775,20250623,739,True,9.4,30,1,3
2776,20250822,739,True,23.2,90,3,3
2777,20251120,739,True,12.5,180,6,4
2778,20260519,739,True,18.3,360,12,4
2779,20231028,741,True,10.4,30,1,3
2780,20231227,741,True,18.2,90,3,4
2781,20230210,742,True,2.3,30,1,4
2782,20230411,742,True,13.6,90,3,4
2783,20230710,742,True,7.4,180,6,3
2784,20240106,742,True,15.6,360,12,3
2785,20240704,742,True,11.5,540,18,4
2786,20220313,743,True,12.9,30,1,4
2787,20220512,743,True,3.3,90,3,3
2788,20220810,743,True,15.2,180,6,4
2789,20230206,743,True,8.9,360,12,4
2790,20230805,743,True,20.2,540,18,3
2791,20240909,744,True,2.1,30,1,3
2792,20241108,744,True,15.3,90,3,4
2793,20250206,744,True,4.9,180,6,3
2794,20250805,744,True,18.4,360,12,4
2795,20260201,744,True,2.2,540,18,2
2796,20250715,745,True,19.7,30,1,5
2797,20250913,745,True,14.2,90,3,3
2798,20251212,745,True,10.1,180,6,4
2799,20260610,745,True,13.4,360,12,3
2800,20261207,745,True,2.9,540,18,3
2801,20270202,746,True,2.9,30,1,3
2802,20270403,746,True,17.2,90,3,5
2803,20270702,746,True,23.0,180,6,3
2804,20230127,748,True,12.4,30,1,3
2805,20230328,748,True,12.1,90,3,5
2806,20230626,748,True,19.6,180,6,4
2807,20231223,748,True,19.7,360,12,3
2808,20240620,748,True,5.8,540,18,3
2809,20240210,749,True,2.4,30,1,3
2810,20240410,749,True,9.2,90,3,3
2811,20240709,749,True,8.8,180,6,4
2812,20241222,750,True,14.2,30,1,5
2813,20250220,750,True,16.2,90,3,3
2814,20250521,750,True,19.7,180,6,3
2815,20251117,750,True,4.9,360,12,3
2816,20251230,751,True,4.4,30,1,3
2817,20260228,751,True,5.2,90,3,3
2818,20231214,752,True,14.1,30,1,3
2819,20240212,752,True,6.1,90,3,4
2820,20240512,752,True,13.7,180,6,4
2821,20241108,752,True,15.3,360,12,3
2822,20220330,753,True,10.5,30,1,3
2823,20220529,753,True,4.2,90,3,3
2824,20220827,753,True,17.4,180,6,3
2825,20230313,754,True,4.8,30,1,1
2826,20230512,754,True,13.3,90,3,3
2827,20230810,754,True,21.0,180,6,5
2828,20240206,754,True,17.8,360,12,3
2829,20240804,754,True,16.7,540,18,3
2830,20240911,755,True,12.1,30,1,2
2831,20241110,755,True,19.2,90,3,3
2832,20250208,755,True,11.7,180,6,2
2833,20250807,755,True,10.1,360,12,3
2834,20260203,755,True,9.1,540,18,4
2835,20211115,756,True,10.2,30,1,3
2836,20220114,756,True,15.4,90,3,3
2837,20220414,756,True,18.0,180,6,4
2838,20221011,756,True,12.5,360,12,2
2839,20230211,757,True,8.1,30,1,5
2840,20230412,757,True,10.7,90,3,3
2841,20230711,757,True,17.2,180,6,3
2842,20240107,757,True,11.7,360,12,1
2843,20240509,758,True,21.9,30,1,4
2844,20240708,758,True,16.9,90,3,3
2845,20241006,758,True,4.0,180,6,4
2846,20250404,758,True,20.7,360,12,3
2847,20251001,758,True,14.3,540,18,4
2848,20221219,759,True,15.6,30,1,4
2849,20230217,759,True,17.8,90,3,3
2850,20230518,759,True,10.9,180,6,3
2851,20231114,759,True,21.1,360,12,5
2852,20231217,760,True,3.0,30,1,3
2853,20240215,760,True,17.1,90,3,1
2854,20240515,760,True,11.1,180,6,3
2855,20241111,760,True,22.8,360,12,2
2856,20250510,760,True,3.2,540,18,3
2857,20240121,761,True,17.2,30,1,3
2858,20240321,761,True,11.2,90,3,4
2859,20240619,761,True,15.3,180,6,1
2860,20241216,761,True,11.0,360,12,4
2861,20250625,762,True,21.4,30,1,4
2862,20250824,762,True,20.4,90,3,4
2863,20251122,762,True,12.6,180,6,2
2864,20260521,762,True,9.2,360,12,3
2865,20240604,763,True,14.3,30,1,3
2866,20240803,763,True,5.0,90,3,5
2867,20241101,763,True,6.3,180,6,3
2868,20250524,764,True,7.1,30,1,5
2869,20250723,764,True,19.4,90,3,4
2870,20251021,764,True,18.9,180,6,3
2871,20260419,764,True,18.9,360,12,4
2872,20230727,766,True,5.3,30,1,4
2873,20230925,766,True,17.2,90,3,3
2874,20231224,766,True,11.9,180,6,3
2875,20240621,766,True,18.8,360,12,1
2876,20241229,767,True,4.7,30,1,3
2877,20250227,767,True,17.6,90,3,3
2878,20250528,767,True,11.2,180,6,4
2879,20251124,767,True,14.4,360,12,3
2880,20260523,767,True,14.1,540,18,4
2881,20241118,768,True,7.4,30,1,3
2882,20250117,768,True,2.5,90,3,3
2883,20250417,768,True,20.2,180,6,3
2884,20251106,769,True,6.5,30,1,4
2885,20260105,769,True,9.3,90,3,3
2886,20260405,769,True,3.8,180,6,3
2887,20261002,769,True,18.3,360,12,3
2888,20230725,771,True,20.2,30,1,3
2889,20230923,771,True,22.6,90,3,5
2890,20231222,771,True,7.2,180,6,3
2891,20240619,771,True,10.9,360,12,3
2892,20241216,771,True,23.2,540,18,3
2893,20230205,772,True,15.7,30,1,3
2894,20230406,772,True,10.5,90,3,3
2895,20230705,772,True,10.0,180,6,3
2896,20240101,772,True,4.0,360,12,3
2897,20240629,772,True,4.7,540,18,1
2898,20250107,773,True,16.9,30,1,3
2899,20250308,773,True,19.4,90,3,4
2900,20250606,773,True,10.1,180,6,3
2901,20251108,774,True,3.8,30,1,1
2902,20260107,774,True,23.0,90,3,5
2903,20260407,774,True,10.6,180,6,4
2904,20261004,774,True,14.5,360,12,1
2905,20241209,776,True,5.4,30,1,3
2906,20250207,776,True,13.0,90,3,4
2907,20250508,776,True,5.8,180,6,2
2908,20251104,776,True,19.7,360,12,3
2909,20260429,777,True,20.5,30,1,1
2910,20250619,778,True,12.7,30,1,4
2911,20250818,778,True,3.0,90,3,3
2912,20251116,778,True,8.3,180,6,3
2913,20260515,778,True,23.4,360,12,3
2914,20261111,778,True,8.6,540,18,4
2915,20241217,780,True,4.5,30,1,3
2916,20250215,780,True,11.5,90,3,3
2917,20250516,780,True,7.1,180,6,3
2918,20251112,780,True,11.2,360,12,3
2919,20260408,781,True,12.8,30,1,5
2920,20260607,781,True,3.4,90,3,2
2921,20260905,781,True,8.6,180,6,4
2922,20270304,781,True,10.3,360,12,3
2923,20230328,783,True,4.3,30,1,4
2924,20230527,783,True,16.2,90,3,2
2925,20230825,783,True,22.6,180,6,4
2926,20240221,783,True,13.7,360,12,3
2927,20240610,784,True,3.9,30,1,4
2928,20240809,784,True,16.1,90,3,3
2929,20241107,784,True,6.5,180,6,2
2930,20250506,784,True,6.6,360,12,3
2931,20251102,784,True,15.1,540,18,2
2932,20250408,785,True,14.5,30,1,3
2933,20250607,785,True,3.7,90,3,4
2934,20250905,785,True,14.3,180,6,5
2935,20260304,785,True,4.0,360,12,3
2936,20260710,786,True,10.1,30,1,5
2937,20260908,786,True,22.5,90,3,4
2938,20261207,786,True,3.0,180,6,3
2939,20270605,786,True,12.6,360,12,4
2940,20220105,788,True,23.9,30,1,4
2941,20220306,788,True,19.9,90,3,4
2942,20220604,788,True,2.2,180,6,3
2943,20221201,788,True,5.1,360,12,5
2944,20230530,788,True,17.2,540,18,3
2945,20230704,789,True,16.6,30,1,3
2946,20230902,789,True,14.8,90,3,4
2947,20231201,789,True,4.2,180,6,4
2948,20240529,789,True,15.4,360,12,3
2949,20241125,789,True,6.5,540,18,3
2950,20230509,790,True,11.6,30,1,5
2951,20230708,790,True,17.9,90,3,3
2952,20231006,790,True,3.6,180,6,5
2953,20240403,790,True,17.0,360,12,3
2954,20230706,791,True,2.3,30,1,3
2955,20230904,791,True,5.9,90,3,4
2956,20231203,791,True,13.7,180,6,3
2957,20240531,791,True,11.2,360,12,3
2958,20240909,792,True,5.4,30,1,4
2959,20241108,792,True,12.3,90,3,2
2960,20250206,792,True,16.8,180,6,4
2961,20250805,792,True,23.9,360,12,2
2962,20260201,792,True,4.2,540,18,5
2963,20221130,793,True,12.7,30,1,3
2964,20230129,793,True,14.5,90,3,3
2965,20231001,794,True,11.1,30,1,3
2966,20231130,794,True,2.0,90,3,3
2967,20240228,794,True,9.6,180,6,3
2968,20240826,794,True,11.6,360,12,1
2969,20250222,794,True,4.9,540,18,3
2970,20250325,795,True,23.2,30,1,3
2971,20250524,795,True,22.9,90,3,4
2972,20250822,795,True,12.1,180,6,3
2973,20260213,796,True,5.9,30,1,5
2974,20260414,796,True,3.6,90,3,3
2975,20240209,797,True,14.7,30,1,3
2976,20240409,797,True,15.3,90,3,3
2977,20240708,797,True,10.5,180,6,3
2978,20250104,797,True,3.3,360,12,2
2979,20250625,798,True,13.1,30,1,4
2980,20250824,798,True,12.9,90,3,1
2981,20251122,798,True,7.2,180,6,2
2982,20260521,798,True,21.5,360,12,3
2983,20250219,800,True,14.0,30,1,3
2984,20250420,800,True,11.2,90,3,4
2985,20250719,800,True,18.0,180,6,3
2986,20260115,800,True,10.7,360,12,4
2987,20260714,800,True,17.3,540,18,3
2988,20260828,801,True,9.5,30,1,2
2989,20261027,801,True,7.4,90,3,3
2990,20270125,801,True,21.3,180,6,2
2991,20211230,803,True,9.9,30,1,3
2992,20220228,803,True,18.8,90,3,4
2993,20220529,803,True,4.6,180,6,4
2994,20221204,804,True,5.6,30,1,5
2995,20230202,804,True,11.3,90,3,4
2996,20230503,804,True,5.0,180,6,3
2997,20231030,804,True,19.8,360,12,3
2998,20240427,805,True,3.6,30,1,2
2999,20240626,805,True,12.5,90,3,5
3000,20240924,805,True,12.7,180,6,3
3001,20250323,805,True,13.4,360,12,3
3002,20250919,805,True,7.4,540,18,4
3003,20211106,806,True,3.0,30,1,3
3004,20220105,806,True,5.6,90,3,3
3005,20220405,806,True,9.7,180,6,1
3006,20220916,807,True,16.4,30,1,3
3007,20221115,807,True,12.2,90,3,3
3008,20230213,807,True,14.2,180,6,2
3009,20230812,807,True,10.5,360,12,1
3010,20231214,808,True,9.3,30,1,4
3011,20240212,808,True,13.4,90,3,3
3012,20240512,808,True,21.2,180,6,3
3013,20241108,808,True,4.3,360,12,2
3014,20250507,808,True,8.1,540,18,4
3015,20221207,809,True,23.7,30,1,4
3016,20230205,809,True,13.6,90,3,3
3017,20230506,809,True,4.4,180,6,3
3018,20231102,809,True,20.9,360,12,3
3019,20240508,810,True,16.6,30,1,3
3020,20240707,810,True,16.8,90,3,1
3021,20241005,810,True,6.2,180,6,3
3022,20250403,810,True,14.1,360,12,3
3023,20250930,810,True,11.9,540,18,3
3024,20250430,811,True,2.9,30,1,2
3025,20250629,811,True,15.8,90,3,3
3026,20250927,811,True,12.1,180,6,2
3027,20260326,811,True,22.6,360,12,5
3028,20240215,812,True,10.3,30,1,3
3029,20240415,812,True,10.4,90,3,3
3030,20240714,812,True,4.7,180,6,4
3031,20250117,813,True,2.6,30,1,3
3032,20250318,813,True,17.2,90,3,2
3033,20250616,813,True,13.1,180,6,2
3034,20251213,813,True,23.3,360,12,4
3035,20260611,813,True,13.7,540,18,4
3036,20230416,815,True,7.7,30,1,3
3037,20230615,815,True,12.8,90,3,3
3038,20230913,815,True,18.2,180,6,4
3039,20240311,815,True,2.2,360,12,3
3040,20240726,816,True,18.6,30,1,4
3041,20240924,816,True,2.1,90,3,3
3042,20241223,816,True,16.9,180,6,4
3043,20250621,816,True,15.9,360,12,3
3044,20251218,816,True,9.4,540,18,2
3045,20230210,817,True,5.4,30,1,3
3046,20230411,817,True,22.3,90,3,3
3047,20230710,817,True,9.7,180,6,3
3048,20240106,817,True,8.8,360,12,3
3049,20240704,817,True,10.2,540,18,3
3050,20250330,818,True,18.5,30,1,2
3051,20250529,818,True,19.8,90,3,1
3052,20230608,819,True,4.6,30,1,3
3053,20230807,819,True,15.4,90,3,3
3054,20211019,820,True,16.4,30,1,2
3055,20211218,820,True,12.4,90,3,3
3056,20220318,820,True,10.3,180,6,3
3057,20220914,820,True,14.9,360,12,3
3058,20230114,821,True,4.0,30,1,2
3059,20230315,821,True,13.1,90,3,3
3060,20230613,821,True,2.5,180,6,4
3061,20231210,821,True,20.1,360,12,3
3062,20240528,822,True,17.9,30,1,4
3063,20240727,822,True,18.8,90,3,5
3064,20241025,822,True,13.0,180,6,3
3065,20250423,822,True,19.5,360,12,1
3066,20251020,822,True,10.9,540,18,1
3067,20241028,823,True,10.3,30,1,2
3068,20241227,823,True,11.7,90,3,3
3069,20250327,823,True,17.2,180,6,3
3070,20250923,823,True,23.3,360,12,3
3071,20260322,823,True,19.8,540,18,4
3072,20250123,824,True,19.7,30,1,3
3073,20250324,824,True,17.4,90,3,3
3074,20250622,824,True,9.1,180,6,3
3075,20251219,824,True,9.6,360,12,3
3076,20260306,825,True,6.8,30,1,3
3077,20260505,825,True,6.7,90,3,3
3078,20260803,825,True,7.2,180,6,3
3079,20270130,825,True,7.4,360,12,3
3080,20240721,827,True,23.4,30,1,3
3081,20240919,827,True,8.7,90,3,3
3082,20241218,827,True,7.1,180,6,5
3083,20221002,828,True,18.3,30,1,2
3084,20221201,828,True,14.1,90,3,1
3085,20230301,828,True,12.5,180,6,2
3086,20230828,828,True,4.7,360,12,3
3087,20230118,829,True,17.9,30,1,3
3088,20230319,829,True,15.1,90,3,4
3089,20230617,829,True,20.1,180,6,3
3090,20231128,830,True,20.7,30,1,5
3091,20240127,830,True,8.5,90,3,3
3092,20240426,830,True,5.5,180,6,3
3093,20241023,830,True,2.3,360,12,2
3094,20250421,830,True,4.1,540,18,3
3095,20240928,831,True,16.4,30,1,4
3096,20241127,831,True,13.1,90,3,3
3097,20250225,831,True,2.7,180,6,3
3098,20250824,831,True,15.4,360,12,3
3099,20260220,831,True,15.7,540,18,4
3100,20241225,832,True,7.3,30,1,2
3101,20250223,832,True,21.9,90,3,3
3102,20250524,832,True,22.6,180,6,3
3103,20251120,832,True,17.1,360,12,4
3104,20260519,832,True,9.9,540,18,3
3105,20240117,834,True,17.0,30,1,4
3106,20240317,834,True,17.0,90,3,3
3107,20240615,834,True,17.3,180,6,3
3108,20241204,835,True,22.1,30,1,3
3109,20250202,835,True,12.3,90,3,4
3110,20250503,835,True,6.7,180,6,4
3111,20251030,835,True,17.0,360,12,3
3112,20260428,835,True,6.7,540,18,3
3113,20240110,836,True,10.7,30,1,3
3114,20240310,836,True,15.1,90,3,2
3115,20240608,836,True,5.9,180,6,1
3116,20241205,836,True,11.2,360,12,3
3117,20250529,837,True,18.7,30,1,4
3118,20250728,837,True,18.9,90,3,3
3119,20251026,837,True,5.6,180,6,2
3120,20260424,837,True,15.8,360,12,3
3121,20240108,838,True,2.9,30,1,4
3122,20240308,838,True,15.8,90,3,2
3123,20240606,838,True,3.4,180,6,4
3124,20241203,838,True,20.8,360,12,3
3125,20250601,838,True,7.5,540,18,3
3126,20240909,839,True,6.7,30,1,3
3127,20241108,839,True,8.0,90,3,3
3128,20250206,839,True,14.9,180,6,3
3129,20250805,839,True,10.0,360,12,3
3130,20230624,840,True,7.8,30,1,3
3131,20230823,840,True,19.4,90,3,3
3132,20231121,840,True,3.2,180,6,3
3133,20240519,840,True,16.6,360,12,4
3134,20240814,841,True,22.4,30,1,5
3135,20241013,841,True,7.7,90,3,2
3136,20250111,841,True,9.2,180,6,3
3137,20250710,841,True,19.3,360,12,4
3138,20260106,841,True,19.2,540,18,4
3139,20220912,842,True,17.7,30,1,3
3140,20221111,842,True,18.6,90,3,3
3141,20230209,842,True,10.7,180,6,5
3142,20230808,842,True,13.4,360,12,4
3143,20240204,842,True,23.2,540,18,5
3144,20220326,843,True,19.4,30,1,3
3145,20220525,843,True,20.1,90,3,3
3146,20220823,843,True,10.2,180,6,2
3147,20230219,843,True,4.5,360,12,3
3148,20230803,844,True,20.3,30,1,3
3149,20231002,844,True,19.0,90,3,4
3150,20231231,844,True,11.3,180,6,4
3151,20240628,844,True,3.5,360,12,3
3152,20241108,845,True,18.3,30,1,3
3153,20250107,845,True,13.3,90,3,1
3154,20250407,845,True,6.3,180,6,5
3155,20251004,845,True,7.0,360,12,3
3156,20260402,845,True,13.5,540,18,3
3157,20210930,846,True,22.7,30,1,3
3158,20211129,846,True,11.7,90,3,3
3159,20220227,846,True,11.1,180,6,4
3160,20220826,846,True,2.5,360,12,5
3161,20230222,846,True,22.4,540,18,2
3162,20230325,847,True,2.5,30,1,3
3163,20230524,847,True,21.6,90,3,1
3164,20230822,847,True,21.1,180,6,3
3165,20240218,847,True,7.3,360,12,3
3166,20240816,847,True,3.3,540,18,3
3167,20230829,848,True,10.3,30,1,3
3168,20231028,848,True,12.2,90,3,3
3169,20240126,848,True,11.0,180,6,3
3170,20240724,848,True,19.9,360,12,5
3171,20240913,849,True,9.4,30,1,3
3172,20241112,849,True,2.7,90,3,3
3173,20250210,849,True,9.6,180,6,3
3174,20250820,850,True,10.2,30,1,1
3175,20251019,850,True,5.8,90,3,3
3176,20260117,850,True,22.0,180,6,3
3177,20240629,851,True,16.5,30,1,1
3178,20240828,851,True,22.5,90,3,3
3179,20241126,851,True,9.6,180,6,3
3180,20250525,851,True,23.5,360,12,4
3181,20251121,851,True,20.7,540,18,3
3182,20240502,852,True,14.7,30,1,3
3183,20240701,852,True,7.7,90,3,3
3184,20240929,852,True,22.5,180,6,5
3185,20250328,852,True,22.3,360,12,4
3186,20250924,852,True,18.4,540,18,4
3187,20230726,853,True,16.6,30,1,1
3188,20230924,853,True,6.3,90,3,3
3189,20231223,853,True,13.5,180,6,4
3190,20240620,853,True,11.1,360,12,3
3191,20241217,853,True,9.7,540,18,3
3192,20240818,854,True,4.8,30,1,5
3193,20241017,854,True,9.2,90,3,3
3194,20250115,854,True,11.3,180,6,3
3195,20250711,855,True,2.7,30,1,3
3196,20250909,855,True,14.8,90,3,1
3197,20251208,855,True,12.8,180,6,2
3198,20240702,856,True,23.9,30,1,3
3199,20240831,856,True,5.0,90,3,5
3200,20230615,857,True,6.4,30,1,3
3201,20230814,857,True,12.5,90,3,3
3202,20231112,857,True,2.7,180,6,5
3203,20240510,857,True,15.2,360,12,4
3204,20241106,857,True,6.8,540,18,3
3205,20231028,858,True,8.6,30,1,3
3206,20231227,858,True,7.5,90,3,3
3207,20240326,858,True,8.2,180,6,3
3208,20240922,858,True,22.8,360,12,4
3209,20250321,858,True,23.9,540,18,4
3210,20240918,859,True,5.3,30,1,3
3211,20241117,859,True,18.4,90,3,5
3212,20250215,859,True,11.0,180,6,4
3213,20250814,859,True,8.6,360,12,3
3214,20260210,859,True,23.0,540,18,4
3215,20231202,860,True,6.5,30,1,4
3216,20240131,860,True,20.8,90,3,3
3217,20240430,860,True,23.9,180,6,3
3218,20241027,860,True,21.0,360,12,3
3219,20250425,860,True,13.3,540,18,2
3220,20250112,861,True,22.7,30,1,5
3221,20250313,861,True,9.3,90,3,4
3222,20250611,861,True,2.4,180,6,2
3223,20251208,861,True,23.1,360,12,4
3224,20221202,862,True,18.6,30,1,3
3225,20230131,862,True,14.5,90,3,2
3226,20230501,862,True,12.2,180,6,4
3227,20231028,862,True,4.8,360,12,3
3228,20240212,863,True,11.0,30,1,3
3229,20240412,863,True,16.4,90,3,4
3230,20240711,863,True,16.4,180,6,3
3231,20250107,863,True,2.8,360,12,2
3232,20250221,864,True,18.6,30,1,1
3233,20250422,864,True,10.7,90,3,3
3234,20250721,864,True,18.2,180,6,5
3235,20260117,864,True,18.5,360,12,3
3236,20240605,865,True,6.1,30,1,4
3237,20240804,865,True,8.6,90,3,2
3238,20240130,866,True,8.7,30,1,3
3239,20240330,866,True,8.6,90,3,3
3240,20240628,866,True,11.6,180,6,3
3241,20241225,866,True,20.3,360,12,3
3242,20250623,866,True,14.7,540,18,3
3243,20221013,867,True,8.1,30,1,5
3244,20221212,867,True,16.9,90,3,2
3245,20230312,867,True,18.4,180,6,5
3246,20230908,867,True,10.7,360,12,3
3247,20240127,868,True,3.4,30,1,3
3248,20240327,868,True,15.8,90,3,3
3249,20240625,868,True,13.8,180,6,5
3250,20241222,868,True,21.7,360,12,3
3251,20250620,868,True,12.9,540,18,3
3252,20230501,869,True,2.7,30,1,5
3253,20230630,869,True,8.3,90,3,5
3254,20230928,869,True,23.8,180,6,2
3255,20240326,869,True,9.8,360,12,3
3256,20240922,869,True,3.2,540,18,2
3257,20231029,870,True,19.4,30,1,4
3258,20231228,870,True,11.9,90,3,5
3259,20240327,870,True,17.5,180,6,3
3260,20240923,870,True,11.3,360,12,3
3261,20250322,870,True,3.4,540,18,3
3262,20250525,871,True,22.3,30,1,3
3263,20250724,871,True,19.1,90,3,2
3264,20251022,871,True,14.7,180,6,4
3265,20260420,871,True,18.3,360,12,4
3266,20240819,872,True,15.3,30,1,3
3267,20241018,872,True,3.5,90,3,2
3268,20250116,872,True,4.8,180,6,3
3269,20250715,872,True,20.0,360,12,5
3270,20251103,873,True,14.8,30,1,1
3271,20260102,873,True,14.1,90,3,4
3272,20260402,873,True,14.6,180,6,5
3273,20260929,873,True,4.7,360,12,3
3274,20230724,875,True,16.7,30,1,3
3275,20230922,875,True,14.4,90,3,3
3276,20231221,875,True,3.3,180,6,4
3277,20240618,875,True,20.7,360,12,3
3278,20241215,875,True,16.6,540,18,5
3279,20250425,876,True,21.4,30,1,3
3280,20250624,876,True,7.2,90,3,3
3281,20250922,876,True,9.9,180,6,4
3282,20260321,876,True,17.0,360,12,3
3283,20260917,876,True,8.4,540,18,3
3284,20210627,878,True,13.4,30,1,4
3285,20210826,878,True,7.6,90,3,2
3286,20211124,878,True,17.7,180,6,3
3287,20220523,878,True,16.3,360,12,5
3288,20221119,878,True,21.1,540,18,4
3289,20221105,879,True,14.6,30,1,3
3290,20230104,879,True,15.3,90,3,5
3291,20230404,879,True,3.4,180,6,3
3292,20231001,879,True,10.9,360,12,3
3293,20240109,880,True,19.2,30,1,4
3294,20240309,880,True,12.6,90,3,3
3295,20240607,880,True,10.8,180,6,2
3296,20241204,880,True,20.5,360,12,2
3297,20250602,880,True,7.0,540,18,3
3298,20220218,881,True,23.0,30,1,1
3299,20220419,881,True,20.3,90,3,3
3300,20220718,881,True,14.3,180,6,3
3301,20230114,881,True,17.0,360,12,4
3302,20230303,882,True,23.0,30,1,3
3303,20230502,882,True,9.9,90,3,3
3304,20230731,882,True,10.8,180,6,3
3305,20240127,882,True,21.4,360,12,4
3306,20240725,882,True,13.6,540,18,5
3307,20240612,883,True,16.9,30,1,3
3308,20240811,883,True,23.7,90,3,4
3309,20241109,883,True,11.7,180,6,4
3310,20250508,883,True,20.5,360,12,3
3311,20250813,884,True,2.2,30,1,3
3312,20251012,884,True,22.1,90,3,3
3313,20260110,884,True,13.7,180,6,3
3314,20260709,884,True,3.2,360,12,3
3315,20240726,886,True,4.9,30,1,3
3316,20240924,886,True,13.5,90,3,3
3317,20241223,886,True,5.7,180,6,3
3318,20250621,886,True,11.1,360,12,3
3319,20250730,887,True,9.5,30,1,4
3320,20250928,887,True,10.4,90,3,4
3321,20251227,887,True,10.1,180,6,4
3322,20210701,888,True,8.4,30,1,4
3323,20210830,888,True,11.8,90,3,3
3324,20211128,888,True,15.2,180,6,3
3325,20220527,888,True,5.3,360,12,3
3326,20221123,888,True,7.4,540,18,3
3327,20230810,889,True,20.5,30,1,3
3328,20231009,889,True,10.7,90,3,4
3329,20240107,889,True,12.4,180,6,3
3330,20240705,889,True,23.1,360,12,3
3331,20241001,890,True,17.5,30,1,2
3332,20241130,890,True,11.4,90,3,3
3333,20250228,890,True,23.6,180,6,3
3334,20250827,890,True,3.1,360,12,3
3335,20251023,891,True,19.4,30,1,4
3336,20251222,891,True,9.3,90,3,3
3337,20260322,891,True,4.2,180,6,4
3338,20231023,892,True,4.0,30,1,4
3339,20231222,892,True,10.0,90,3,4
3340,20240321,892,True,23.5,180,6,3
3341,20240917,892,True,12.2,360,12,4
3342,20250316,892,True,5.4,540,18,5
3343,20250423,893,True,2.8,30,1,5
3344,20250622,893,True,17.6,90,3,3
3345,20250920,893,True,15.6,180,6,4
3346,20260319,893,True,17.0,360,12,4
3347,20260512,894,True,11.6,30,1,4
3348,20220805,895,True,2.3,30,1,4
3349,20221004,895,True,19.5,90,3,4
3350,20230102,895,True,13.3,180,6,3
3351,20230701,895,True,8.7,360,12,3
3352,20231228,895,True,10.2,540,18,3
3353,20240402,896,True,2.5,30,1,3
3354,20240601,896,True,17.9,90,3,4
3355,20240830,896,True,20.4,180,6,5
3356,20250226,896,True,19.3,360,12,3
3357,20250405,897,True,4.4,30,1,3
3358,20250604,897,True,17.0,90,3,2
3359,20250902,897,True,3.7,180,6,3
3360,20260301,897,True,2.4,360,12,3
3361,20260427,898,True,7.4,30,1,3
3362,20240126,899,True,22.4,30,1,2
3363,20240326,899,True,4.7,90,3,1
3364,20240624,899,True,11.1,180,6,1
3365,20241221,899,True,6.0,360,12,5
3366,20250510,900,True,19.2,30,1,4
3367,20250709,900,True,23.9,90,3,3
3368,20251007,900,True,18.3,180,6,3
3369,20260405,900,True,19.2,360,12,3
3370,20230713,901,True,14.8,30,1,5
3371,20230911,901,True,12.4,90,3,3
3372,20231210,901,True,6.6,180,6,3
3373,20240607,901,True,20.2,360,12,3
3374,20241204,901,True,18.8,540,18,4
3375,20240304,902,True,10.6,30,1,1
3376,20240503,902,True,4.3,90,3,3
3377,20240801,902,True,8.2,180,6,3
3378,20250128,902,True,4.4,360,12,3
3379,20250413,903,True,5.8,30,1,5
3380,20250612,903,True,2.2,90,3,4
3381,20250910,903,True,13.9,180,6,3
3382,20260309,903,True,18.3,360,12,5
3383,20221030,904,True,21.8,30,1,3
3384,20221229,904,True,11.4,90,3,3
3385,20230329,904,True,21.4,180,6,3
3386,20230925,904,True,22.6,360,12,3
3387,20240413,905,True,12.1,30,1,5
3388,20240612,905,True,9.5,90,3,4
3389,20240910,905,True,22.7,180,6,3
3390,20250309,905,True,8.2,360,12,4
3391,20250705,906,True,13.2,30,1,4
3392,20250903,906,True,14.2,90,3,3
3393,20251202,906,True,18.9,180,6,5
3394,20240122,907,True,12.3,30,1,3
3395,20240322,907,True,21.3,90,3,3
3396,20240620,907,True,9.5,180,6,3
3397,20241217,907,True,8.5,360,12,4
3398,20250220,908,True,4.9,30,1,3
3399,20250421,908,True,18.8,90,3,3
3400,20250720,908,True,17.8,180,6,4
3401,20260116,908,True,9.0,360,12,3
3402,20250501,909,True,20.0,30,1,3
3403,20250630,909,True,12.2,90,3,3
3404,20250928,909,True,6.3,180,6,4
3405,20260327,909,True,18.2,360,12,3
3406,20240201,910,True,13.4,30,1,4
3407,20240401,910,True,18.4,90,3,3
3408,20240630,910,True,13.7,180,6,3
3409,20241227,910,True,7.3,360,12,4
3410,20250418,911,True,22.8,30,1,3
3411,20250617,911,True,14.5,90,3,5
3412,20250915,911,True,5.4,180,6,4
3413,20260314,911,True,2.7,360,12,2
3414,20210806,913,True,3.0,30,1,3
3415,20211005,913,True,17.0,90,3,3
3416,20220103,913,True,7.7,180,6,4
3417,20220702,913,True,18.8,360,12,3
3418,20221229,913,True,8.9,540,18,3
3419,20250206,914,True,2.4,30,1,3
3420,20250407,914,True,15.0,90,3,3
3421,20250706,914,True,22.9,180,6,3
3422,20260102,914,True,10.9,360,12,3
3423,20260610,915,True,11.4,30,1,2
3424,20260809,915,True,23.8,90,3,3
3425,20261107,915,True,3.9,180,6,3
3426,20230307,917,True,13.7,30,1,5
3427,20230506,917,True,8.2,90,3,3
3428,20230804,917,True,7.9,180,6,3
3429,20240131,917,True,4.8,360,12,1
3430,20240729,917,True,7.7,540,18,4
3431,20220426,918,True,15.3,30,1,3
3432,20220625,918,True,10.5,90,3,5
3433,20220923,918,True,16.8,180,6,2
3434,20230322,918,True,6.6,360,12,3
3435,20230920,919,True,4.0,30,1,3
3436,20231119,919,True,4.1,90,3,3
3437,20240217,919,True,8.1,180,6,3
3438,20240815,919,True,22.1,360,12,2
3439,20250211,919,True,9.0,540,18,3
3440,20250505,920,True,18.1,30,1,4
3441,20250704,920,True,2.3,90,3,4
3442,20251002,920,True,9.1,180,6,3
3443,20260331,920,True,7.7,360,12,5
3444,20230602,921,True,19.9,30,1,3
3445,20230801,921,True,3.7,90,3,3
3446,20231030,921,True,12.6,180,6,3
3447,20240514,922,True,15.7,30,1,4
3448,20240713,922,True,7.6,90,3,3
3449,20241011,922,True,20.2,180,6,5
3450,20250409,922,True,22.2,360,12,4
3451,20250728,923,True,20.4,30,1,4
3452,20250926,923,True,9.5,90,3,3
3453,20251225,923,True,22.0,180,6,5
